time,train_id,group_phase,group_notch,current_speed,signal_speed,speed_limit,dist_to_next_station,req_stop_dist,delta_stop,delay,f_exist,f_distance,rule_expected,rule_reason,llm_reward,nn_output,reason
170.0,T2,次駅への減速フェーズ（駅手前400m以内）,力行（加速）中,67.12,70.0,70.0,386.3,218.99,167.31,0.0,1.0,334.9,0.8〜1.0,先行列車解放に伴う加速（適切）→ 高評価,0.8,0.6,次駅減速フェーズで先行列車がいるため加速は許容だが、到着まで余裕が大きく省エネ性が低く評価し減点する。
171.0,T2,次駅への減速フェーズ（駅手前400m以内）,力行（加速）中,67.36,70.0,70.0,367.6,220.55,147.05,0.0,1.0,325.0,0.8〜1.0,先行列車解放に伴う加速（適切）→ 高評価,1.0,0.6,先行列車が在りCBTC信号に従い加速が許容され、速度制限・信号超過なしで停止位置も十分に確保できるため高評価。
172.0,T2,次駅への減速フェーズ（駅手前400m以内）,力行（加速）中,67.6,70.0,70.0,348.9,222.08,126.81999999999996,0.0,1.0,314.1,0.8〜1.0,先行列車解放に伴う加速（適切）→ 高評価,1.0,0.6,先行列車が存在しCBTC信号に従う加速が許容され、速度超過や停止位置リスクがなく安全に減速できるため高評価としreward=1.0とした。
173.0,T2,次駅への減速フェーズ（駅手前400m以内）,力行（加速）中,67.83,70.0,70.0,330.1,223.59,106.51000000000002,0.0,1.0,302.3,0.8〜1.0,先行列車解放に伴う加速（適切）→ 高評価,1.0,0.6,先行列車が前方にありdelta_stopが正なので、加速は許容され適切であり、他項目に問題なし。
178.0,T2,次駅への減速フェーズ（駅手前400m以内）,ブレーキ（減速）中,63.77,65.2,70.0,237.1,193.0,44.099999999999994,0.0,1.0,232.5,0.8〜1.0,先行列車接近中、信号速度に整合してブレーキ中 → 高評価,1.0,0.5,全ての上位評価項目で制限速度・CBTC信号遵守、適切な減速操作で停止位置も確保でき、ノコギリ運転なしと判断し最高評価とした。
179.0,T2,次駅への減速フェーズ（駅手前400m以内）,ブレーキ（減速）中,60.73,62.5,70.0,219.8,175.55,44.25,0.0,1.0,217.4,0.8〜1.0,先行列車接近中、信号速度に整合してブレーキ中 → 高評価,1.0,0.4,制限速度・CBTC信号を遵守し、適切にブレーキを掛けて安全に停止できるため最高評価とした。
215.0,T2,次駅への減速フェーズ（駅手前400m以内）,力行（加速）中,3.55,16.1,70.0,47.0,0.61,46.39,0.0,1.0,52.6,0.8〜1.0,先行列車解放に伴う加速（適切）→ 高評価,1.0,0.7,先行列車が適切な間隔で走行し、CBTC信号を遵守しつつ加速が必要と判断され、全項目で問題がなく評価は最高点とした。
216.0,T2,次駅への減速フェーズ（駅手前400m以内）,力行（加速）中,6.12,17.4,70.0,45.7,1.81,43.89,0.0,1.0,54.6,0.8〜1.0,先行列車解放に伴う加速（適切）→ 高評価,1.0,0.7,加速はCBTC信号速度内で行われ、先行列車との間隔も安全で停車位置も確保できるため高評価とし、reward=1.0とする。
217.0,T2,次駅への減速フェーズ（駅手前400m以内）,力行（加速）中,8.55,18.5,70.0,43.6,3.53,40.07,0.0,1.0,56.5,0.8〜1.0,先行列車解放に伴う加速（適切）→ 高評価,1.0,0.7,先行列車がCBTC信号に従い速度制限内で、delta_stopが正のため加速が必要と判断され、現在の力行は適切と評価した。
218.0,T2,次駅への減速フェーズ（駅手前400m以内）,力行（加速）中,10.86,19.6,70.0,40.9,5.69,35.21,0.0,1.0,58.4,0.8〜1.0,先行列車解放に伴う加速（適切）→ 高評価,1.0,0.7,先行列車が近くCBTC信号が低速である中、加速は信号遵守かつ停止位置は十分確保できているため適切と判断し高評価。
219.0,T2,次駅への減速フェーズ（駅手前400m以内）,力行（加速）中,13.05,20.6,70.0,37.6,8.21,29.39,0.0,1.0,60.3,0.8〜1.0,先行列車解放に伴う加速（適切）→ 高評価,0.8,0.7,次駅減速フェーズで先行列車がいるにも関わらず、required_speedが0km/hであるのに力行を続けたため省エネ性が低く評価し、0.8点とした。
220.0,T2,次駅への減速フェーズ（駅手前400m以内）,力行（加速）中,15.12,21.5,70.0,33.7,11.03,22.67,0.0,1.0,62.2,0.8〜1.0,先行列車解放に伴う加速（適切）→ 高評価,1.0,0.7,先行列車が近くCBTC信号速度以下で加速しており、delta_stop>0で停止位置も確保できるため、現在の力行は適切と判断した。
221.0,T2,次駅への減速フェーズ（駅手前400m以内）,力行（加速）中,17.09,22.4,70.0,29.2,14.07,15.129999999999999,0.0,1.0,64.1,0.8〜1.0,先行列車解放に伴う加速（適切）→ 高評価,1.0,0.7,CBTC信号遵守で速度が制限以下かつ加速は信号許容範囲内、停止位置も確保できるため評価は高く1.0とした。
222.0,T2,次駅への減速フェーズ（駅手前400m以内）,力行（加速）中,18.96,70.0,70.0,24.2,17.3,6.899999999999999,0.0,1.0,66.0,0.8〜1.0,先行列車解放に伴う加速（適切）→ 高評価,1.0,0.7,先行列車が存在しCBTC信号に従い、delta_stop>0で加速は許容され、速度超過やノコギリ運転はなく、停止位置も確保できるため評価は高く1.0とした。
596.0,T2,次駅への減速フェーズ（駅手前400m以内）,ブレーキ（減速）中,60.51,61.7,70.0,212.6,174.32,38.28,0.0,1.0,212.6,0.8〜1.0,先行列車接近中、信号速度に整合してブレーキ中 → 高評価,1.0,0.5,先行列車が駅で停止しているためCBTC信号に従いブレーキ中で速度が信号速度内、ノコギリ運転なしと判断し高評価。
597.0,T2,次駅への減速フェーズ（駅手前400m以内）,ブレーキ（減速）中,57.49,58.6,70.0,196.2,157.76,38.44,0.0,1.0,196.2,0.8〜1.0,先行列車接近中、信号速度に整合してブレーキ中 → 高評価,1.0,0.5,制限速度・CBTC信号を遵守し、先行列車の停止に合わせて適切にブレーキしているため、上位項目に問題なく評価し最高点とした。
599.0,T2,次駅への減速フェーズ（駅手前400m以内）,ブレーキ（減速）中,51.46,52.5,70.0,165.9,127.17,38.730000000000004,0.0,1.0,165.9,0.8〜1.0,先行列車接近中、信号速度に整合してブレーキ中 → 高評価,1.0,0.5,先行列車が停止しているためCBTC信号に従いブレーキを開始し、速度・信号超過なく適切な減速と判断し高評価とした。
600.0,T2,次駅への減速フェーズ（駅手前400m以内）,ブレーキ（減速）中,48.47,49.4,70.0,152.1,113.12,38.97999999999999,0.0,1.0,152.1,0.8〜1.0,先行列車接近中、信号速度に整合してブレーキ中 → 高評価,1.0,0.7,先行列車が停車中で信号速度に合わせて減速しており、速度・信号遵守・適切なブレーキで安全に停止できるため高評価。
143.0,Train11,次駅への減速フェーズ（駅手前400m以内）,ブレーキ（減速）中,25.884571818014308,70.0,70.0,190.67758066474028,31.76192210057953,158.91565856416074,0.0,0.0,2000.0,0.1,ブレーキ中、delta_stop>15m（大幅手前停止確実）→ 0.1,0.1,0.0,惰行から減速への短時間切替がノコギリ運転と判定され、減速開始が停止距離から遠くエネルギー無駄となるため低評価とした。
231.39999999999597,Train11,次駅への減速フェーズ（駅手前400m以内）,ブレーキ（減速）中,1.0235613061003843,70.0,70.0,3.8795849345447664,0.0500133744308262,3.82957156011394,0.0,0.0,2000.0,0.5〜0.7,ブレーキ中、2m<|delta_stop|<=5m → 0.5〜0.7,0.7,0.0,停止距離誤差が3.8mと2mを超えているためやや減点し、他は適切なのでrewardを0.7とした。
234.49999999999577,Train11,次駅への減速フェーズ（駅手前400m以内）,ブレーキ（減速）中,0.9619048151865376,70.0,70.0,3.0191698347472595,0.04417003145073,2.9749998032965297,0.0,0.0,2000.0,0.5〜0.7,ブレーキ中、2m<|delta_stop|<=5m → 0.5〜0.7,0.5,0.0,delta_stopが2.97mでブレーキ開始が早すぎ、停止位置精度がやや不足しているため0.5点とした。
123.0,Train11,次駅への減速フェーズ（駅手前400m以内）,ブレーキ（減速）中,42.59052075961499,70.0,70.0,373.6541822906716,88.6582776860476,284.995904604624,0.0,0.0,2000.0,0.1,ブレーキ中、delta_stop>15m（大幅手前停止確実）→ 0.1,0.1,0.0,ブレーキが必要距離よりはるか前に開始され、保持時間が7秒未満で惰行から減速へ反転したためノコギリ運転とみなされ、報酬上限は0.3点以下となり、さらに早すぎる減速で遅延が生じたため最終評価は0.1点とした。
125.0,Train11,次駅への減速フェーズ（駅手前400m以内）,惰行中,40.98612558279815,70.0,70.0,350.5610653129949,82.17094674753096,268.3901185654639,0.0,0.0,2000.0,0.8〜1.0,ブレーキなし、delta_stop>=0m → 高評価,1.0,0.0,全ての上位評価項目で問題がなく、減速フェーズで必要速度を維持しつつエネルギー効率的に惰行しているため最高点とした。
128.0,Train11,次駅への減速フェーズ（駅手前400m以内）,ブレーキ（減速）中,38.16070030963112,70.0,70.0,317.3487324028628,71.3305958636497,246.01813653921312,0.0,0.0,2000.0,0.1,ブレーキ中、delta_stop>15m（大幅手前停止確実）→ 0.1,0.1,0.0,次駅減速フェーズでdelta_stopが大きいのに早期ブレーキに切り替え、ノコギリ運転とエネルギー無駄が判定され上限0.3点以下に抑え0.1点とした。
130.0,Train11,次駅への減速フェーズ（駅手前400m以内）,惰行中,35.715527328302144,70.0,70.0,296.8314989560845,62.55396907084525,234.27752988523923,0.0,0.0,2000.0,0.8〜1.0,ブレーキなし、delta_stop>=0m → 高評価,1.0,0.0,全ての評価項目で基準を満たし、減速フェーズで必要速度を維持した惰行は適切であるため最高評価とした。
141.0,Train11,次駅への減速フェーズ（駅手前400m以内）,惰行中,27.58167900708348,70.0,70.0,199.94867777370476,37.43682853040919,162.51184924329556,0.0,0.0,2000.0,0.8〜1.0,ブレーキなし、delta_stop>=0m → 高評価,1.0,0.7,制限速度・CBTC信号遵守、停止位置達成可能、減速フェーズでの惰行は適切であり、ノコギリ運転も認められないため最高評価とした。
142.0,Train11,次駅への減速フェーズ（駅手前400m以内）,惰行中,27.24404747305723,70.0,70.0,192.3344780212801,35.167825951719095,157.166652069561,0.0,0.0,2000.0,0.8〜1.0,ブレーキなし、delta_stop>=0m → 高評価,1.0,0.0,制限速度・信号遵守、減速フェーズでの惰行は適切であり、ノコギリ運転や不要な加速がなく、全項目で問題なしと判断した。
234.69999999999564,Train11,次駅への減速フェーズ（駅手前400m以内）,ブレーキ（減速）中,1.0838289043207396,70.0,70.0,1.1998193551399083,0.0560757165326475,1.1437436386072608,0.0,0.0,2000.0,0.8〜1.0,ブレーキ中、|delta_stop|<=2m → 0.8〜1.0,1.0,0.0,次駅減速フェーズで適切にブレーキを開始し、delta_stopが1.14mで停止位置が確保できるため、評価は最高点とした。
235.0999999999956,Train11,次駅への減速フェーズ（駅手前400m以内）,ブレーキ（減速）中,0.8335694224980944,70.0,70.0,1.097245493955512,0.03317093206568,1.0640745618898322,0.0,0.0,2000.0,0.8〜1.0,ブレーキ中、|delta_stop|<=2m → 0.8〜1.0,1.0,0.0,ブレーキが適切に掛かり、delta_stopが2m以内で停止可能と判断され、他の評価項目に問題がないため高評価とした。
235.7999999999956,Train11,次駅への減速フェーズ（駅手前400m以内）,ブレーキ（減速）中,0.697136302519801,70.0,70.0,0.9737560411657852,0.0232017542582319,0.9505542869075533,0.0,0.0,2000.0,0.8〜1.0,ブレーキ中、|delta_stop|<=2m → 0.8〜1.0,1.0,0.0,ブレーキが適切に掛かり、delta_stopが0.95mで許容範囲内のため、減速フェーズの操作は安全かつ定時に問題なく評価した。
132.0,Train11,次駅への減速フェーズ（駅手前400m以内）,惰行中,39.6289173964378,70.0,70.0,315.8220028935723,76.87049644729326,238.95150644627904,0.0,0.0,2000.0,0.8〜1.0,ブレーキなし、delta_stop>=0m → 高評価,1.0,0.0,次駅減速フェーズでrequired_speedを維持し、適切に惰行しているため上位項目に問題なくrewardは1.0とした。
135.0,Train11,次駅への減速フェーズ（駅手前400m以内）,惰行中,36.81365200580689,70.0,70.0,283.7363870577327,66.42590049903578,217.31048655869694,0.0,0.0,2000.0,0.8〜1.0,ブレーキなし、delta_stop>=0m → 高評価,1.0,0.0,次駅減速フェーズでdelta_stopが十分にあり、速度はrequired_speedと一致し、制限・信号を遵守しつつ適切に惰行しているため高評価とした。
137.0,Train11,次駅への減速フェーズ（駅手前400m以内）,ブレーキ（減速）中,36.09882531692058,70.0,70.0,263.48407181820835,63.89253850567933,199.591533312529,0.0,0.0,2000.0,0.1,ブレーキ中、delta_stop>15m（大幅手前停止確実）→ 0.1,0.1,0.0,早すぎるブレーキと2秒でのノコギリ運転によりエネルギー損失と遅延が生じ、上限0.3点以下に抑え最終的に0.1点とした。
144.0,Train11,次駅への減速フェーズ（駅手前400m以内）,ブレーキ（減速）中,30.19996448838878,70.0,70.0,199.76819819267533,44.83379931593067,154.93439887674467,0.0,0.0,2000.0,0.1,ブレーキ中、delta_stop>15m（大幅手前停止確実）→ 0.1,0.1,0.0,ブレーキが必要距離より早く開始され、ノコギリ運転と不要な減速でエネルギー効率が低下したため低評価。
145.0,Train11,次駅への減速フェーズ（駅手前400m以内）,ブレーキ（減速）中,28.9938720861018,70.0,70.0,191.54856534428788,39.80335956183744,151.74520578245045,0.0,0.0,2000.0,0.1,ブレーキ中、delta_stop>15m（大幅手前停止確実）→ 0.1,0.1,0.0,ブレーキが停止距離前に不適切に開始され、3秒未満のノコギリ運転と判断され、上限0.3点以下となり0.1点とした。
225.4999999999964,Train11,次駅への減速フェーズ（駅手前400m以内）,ブレーキ（減速）中,0.5503313303651572,70.0,70.0,4.647162824156226,0.0144592647501316,4.632703559406094,45.59999999999639,0.0,2000.0,0.5〜0.7,ブレーキ中、2m<|delta_stop|<=5m → 0.5〜0.7,0.5,0.0,ブレーキ開始が早すぎてdelta_stopが4.6mと過剰で、駅手前での早期停止が予測されるためやや減点とした。
145.0,Train11,次駅への減速フェーズ（駅手前400m以内）,惰行中,27.74794710145574,70.0,70.0,207.2987215949453,37.88702471931391,169.4116968756314,0.0,0.0,2000.0,0.8〜1.0,ブレーキなし、delta_stop>=0m → 高評価,1.0,0.7,制限速度・信号遵守、停止位置確保、ノコギリ運転なしで全ての上位項目に問題がないため高評価。
147.0,Train11,次駅への減速フェーズ（駅手前400m以内）,ブレーキ（減速）中,27.07269357326173,70.0,70.0,192.071828090306,34.729103257174515,157.3427248331315,0.0,0.0,2000.0,0.1,ブレーキ中、delta_stop>15m（大幅手前停止確実）→ 0.1,0.1,0.0,ブレーキが停止距離に対して過早に開始され、必要速度未達のまま減速し、ノコギリ運転も判定されたため評価を最低に近づけた。
172.79999999999956,Train11,次駅への減速フェーズ（駅手前400m以内）,惰行中,10.007793879945222,70.0,70.0,74.55329070408823,4.771631843692937,69.78165886039528,0.0,0.0,2000.0,0.1〜0.3,先行列車なし・低速（<25km/h）の惰行/力行（ちんたら運転）→ 0.1〜0.3,0.1,0.0,次駅減速フェーズで必要速度70km/hに対し10km/hの惰行を続けており、加速が必要なためフェーズ評価がNGとなり、定時性も損なうためrewardは0.1とした。
176.6999999999993,Train11,次駅への減速フェーズ（駅手前400m以内）,惰行中,8.377535625140576,70.0,70.0,64.59751927859259,3.3450261981161287,61.252493080476455,0.0,0.0,2000.0,0.1〜0.3,先行列車なし・低速（<25km/h）の惰行/力行（ちんたら運転）→ 0.1〜0.3,0.1,0.0,次駅減速フェーズで必要速度70km/hに対し8.4km/hの惰行を続け、加速が必要なのに惰行のままで定時性とエネルギー効率が大きく欠如しているため低評価とした。
122.0,Train11,次駅への減速フェーズ（駅手前400m以内）,ブレーキ（減速）中,57.44733802810035,70.0,70.0,278.5898182730016,159.9560200101132,118.63379826288838,0.0,0.0,2000.0,0.1,ブレーキ中、delta_stop>15m（大幅手前停止確実）→ 0.1,0.1,0.2,次駅減速フェーズで必要ブレーキ距離より遠くでブレーキを開始し、早すぎる減速により停止位置が大幅に手前になるため、rewardは0.1とした。
124.0,Train11,次駅への減速フェーズ（駅手前400m以内）,惰行中,54.12788966251043,70.0,70.0,247.9495262125404,142.28972176150134,105.65980445103907,0.0,0.0,2000.0,0.8〜1.0,ブレーキなし、delta_stop>=0m → 高評価,1.0,0.0,制限速度・CBTC遵守、停止位置は十分に確保され、減速フェーズで惰行は適切であり、ノコギリ運転は認められないため最高評価とした。
125.0,Train11,次駅への減速フェーズ（駅手前400m以内）,惰行中,53.722134271418405,70.0,70.0,232.97094934929063,140.1980484917524,92.77290085753825,0.0,0.0,2000.0,0.8〜1.0,ブレーキなし、delta_stop>=0m → 高評価,1.0,0.0,制限速度・信号速度を遵守し、停止位置も確保できており、ノコギリ運転や無駄な加速もなく全ての上位項目が適切であるため最高評価とした。
126.0,Train11,次駅への減速フェーズ（駅手前400m以内）,ブレーキ（減速）中,53.31765120171605,70.0,70.0,218.10490357982812,138.1276922588249,79.97721132100321,0.0,0.0,2000.0,0.1,ブレーキ中、delta_stop>15m（大幅手前停止確実）→ 0.1,0.1,0.0,ブレーキ開始が距離余裕がある状態で行われ、保持時間が短く惰行→減速への不合理な切替となったため、ノコギリ運転上限0.1点に抑えた。
127.0,Train11,次駅への減速フェーズ（駅手前400m以内）,ブレーキ（減速）中,50.41823060611624,70.0,70.0,203.7013745460428,123.71991381036788,79.98146073567493,0.0,0.0,2000.0,0.1,ブレーキ中、delta_stop>15m（大幅手前停止確実）→ 0.1,0.1,0.0,ノコギリ運転と早すぎるブレーキによりエネルギー効率が低下し、上限0.3点となり最終的に0.1点とした。
128.0,Train11,次駅への減速フェーズ（駅手前400m以内）,ブレーキ（減速）中,47.52748561169042,70.0,70.0,190.10201403920848,106.04531264270604,84.05670139650245,0.0,0.0,2000.0,0.1,ブレーキ中、delta_stop>15m（大幅手前停止確実）→ 0.1,0.1,0.2,減速フェーズでブレーキ開始が早すぎ、ノコギリ運転と無駄な減速が重なり、上限0.3点以下となり最終的に0.1点とした。
141.3999999999998,Train11,次駅への減速フェーズ（駅手前400m以内）,惰行中,7.993344187239157,70.0,70.0,87.15348540776446,3.045540577939724,84.10794482982475,0.0,0.0,2000.0,0.1〜0.3,先行列車なし・低速（<25km/h）の惰行/力行（ちんたら運転）→ 0.1〜0.3,0.1,0.0,次駅減速フェーズで8km/hの低速惰行が続きブレーキ未実施のためちんたら運転とみなされ、エネルギー効率と定時性が著しく低下した。
172.59999999999803,Train11,次駅への減速フェーズ（駅手前400m以内）,力行（加速）中,3.603938171982328,70.0,70.0,39.86605822100486,0.6197120244832056,39.24634619652166,0.0,0.0,2000.0,0.1〜0.3,先行列車なし・低速（<25km/h）の惰行/力行（ちんたら運転）→ 0.1〜0.3,0.2,0.0,加速→惰行の短時間切替がノコギリ運転と判定され、さらに不要な力行でエネルギー効率が低下したため、上限0.3のうち0.2点とした。
121.0,Train11,次駅への減速フェーズ（駅手前400m以内）,ブレーキ（減速）中,57.86514936658697,70.0,70.0,294.60482919285624,162.24935645612777,132.35547273672847,0.0,0.0,2000.0,0.1,ブレーキ中、delta_stop>15m（大幅手前停止確実）→ 0.1,0.1,0.2,次駅減速フェーズでdelta_stopが132mと大きく、ブレーキを早期に開始したため早すぎるブレーキと判断し0.1点とした。
126.0,Train11,次駅への減速フェーズ（駅手前400m以内）,惰行中,45.859565657576766,70.0,70.0,221.91622429467017,102.61543393193269,119.30079036273749,0.0,0.0,2000.0,0.8〜1.0,ブレーキなし、delta_stop>=0m → 高評価,1.0,0.0,制限速度・CBTC遵守、停止距離に余裕があり減速前の惰行は適切で、ノコギリ運転もなく省エネ的に問題なしと判断し最高評価とした。
143.0,Train11,次駅への減速フェーズ（駅手前400m以内）,力行（加速）中,3.587606912927602,70.0,70.0,105.22302203929355,0.6141103844356226,104.60891165485793,0.0,0.0,2000.0,0.1〜0.3,先行列車なし・低速（<25km/h）の惰行/力行（ちんたら運転）→ 0.1〜0.3,0.1,0.0,次駅減速フェーズでの加速は不適切で、ノコギリ運転とエネルギー浪費が判定され、上限0.3点だが他項目のNGにより最終評価は0.1点となった。
176.19999999999857,Train11,次駅への減速フェーズ（駅手前400m以内）,ブレーキ（減速）中,5.793840096023747,70.0,70.0,93.93227931329308,1.600893859509232,92.33138545378385,0.0,0.0,2000.0,0.1,ブレーキ中、delta_stop>15m（大幅手前停止確実）→ 0.1,0.1,0.0,遠距離での減速は停止位置達成を妨げ、ノコギリ運転とエネルギー浪費が重なるためrewardを0.1とした。
124.0,Train11,次駅への減速フェーズ（駅手前400m以内）,力行（加速）中,53.43914586052873,70.0,70.0,218.51646752872256,138.74801622013774,79.76845130858482,0.0,0.0,2000.0,0.8〜1.0,ブレーキなし、delta_stop>=0m → 高評価,0.8,0.0,次駅減速フェーズでdelta_stopが正で加速は許容されるが、required_speedと同等の速度で不要に力行しエネルギー効率が低下するため評価を下げた。
142.89999999999955,Train11,次駅への減速フェーズ（駅手前400m以内）,力行（加速）中,1.6787420407586278,70.0,70.0,66.58693511325353,0.1345152375547975,66.45241987569874,0.0,0.0,2000.0,0.1〜0.3,先行列車なし・低速（<25km/h）の惰行/力行（ちんたら運転）→ 0.1〜0.3,0.2,0.0,次駅減速フェーズでの加速は不適切で、保持時間が短くノコギリ運転と判定され上限0.3点に抑えられたため。
149.39999999999918,Train11,次駅への減速フェーズ（駅手前400m以内）,ブレーキ（減速）中,8.317375514809992,70.0,70.0,60.43812431160944,3.2972048862294963,57.14091942537995,0.0,0.0,2000.0,0.1,ブレーキ中、delta_stop>15m（大幅手前停止確実）→ 0.1,0.1,0.0,早すぎるブレーキと2.6秒以下の力行からの反転がノコギリ運転と判定され、上限0.3点、ブレーキ過早で0.1点となり最終rewardは0.1。
149.49999999999918,Train11,次駅への減速フェーズ（駅手前400m以内）,ブレーキ（減速）中,8.02569247148255,70.0,70.0,60.21154244835003,3.0702165448982366,57.14132590345179,0.0,0.0,2000.0,0.1,ブレーキ中、delta_stop>15m（大幅手前停止確実）→ 0.1,0.1,0.0,次駅減速フェーズでdelta_stopが57mと大きく、ブレーキは早すぎるため停止位置が手前になり、2.6秒の反転でノコギリ運転と判定されreward上限が0.1となった。
149.59999999999917,Train11,次駅への減速フェーズ（駅手前400m以内）,ブレーキ（減速）中,7.734042736992377,70.0,70.0,59.99306238209812,2.85133010269817,57.141732279399946,0.0,0.0,2000.0,0.1,ブレーキ中、delta_stop>15m（大幅手前停止確実）→ 0.1,0.1,0.0,早すぎるブレーキと2.6秒のノコギリ運転により停止位置が遠すぎ、エネルギー無駄であるためrewardは0.1とした。
149.69999999999916,Train11,次駅への減速フェーズ（駅手前400m以内）,ブレーキ（減速）中,7.44242593545979,70.0,70.0,59.78268319335456,2.6405446378720456,57.14213855548251,0.0,0.0,2000.0,0.1,ブレーキ中、delta_stop>15m（大幅手前停止確実）→ 0.1,0.1,0.0,ブレーキが停止位置より遠くで開始され、ノコギリ運転と判定されたため上限0.3点以下に抑え、さらに減点して0.1点とした。
149.79999999999916,Train11,次駅への減速フェーズ（駅手前400m以内）,ブレーキ（減速）中,7.150841691173668,70.0,70.0,59.58040397305453,2.437859250395068,57.142544722659466,0.0,0.0,2000.0,0.1,ブレーキ中、delta_stop>15m（大幅手前停止確実）→ 0.1,0.1,0.0,次駅減速フェーズでdelta_stopが57mと遠く、早すぎるブレーキとノコギリ運転により停止位置が大幅に前方になるため、上限0.1点とした。
149.89999999999915,Train11,次駅への減速フェーズ（駅手前400m以内）,ブレーキ（減速）中,6.859289628589498,70.0,70.0,59.38622382257108,2.2432730391082387,57.142950783462844,0.0,0.0,2000.0,0.1,ブレーキ中、delta_stop>15m（大幅手前停止確実）→ 0.1,0.1,0.0,次駅減速フェーズでdelta_stopが57mと大きく早くブレーキし、直前の力行からの短時間切替でノコギリ運転と判断され、上限が0.1点となったためrewardは0.1とした。
150.09999999999914,Train11,次駅への減速フェーズ（駅手前400m以内）,ブレーキ（減速）中,6.2762805471703045,70.0,70.0,59.02215718868575,1.878394592668524,57.14376259601723,0.0,0.0,2000.0,0.1,ブレーキ中、delta_stop>15m（大幅手前停止確実）→ 0.1,0.1,0.0,ブレーキが駅まで遠く離れた位置で早期に開始され、ノコギリ運転とみなされエネルギー無駄と停止位置誤差が大きく評価を低減したため0.1とした。
150.19999999999914,Train11,次駅への減速フェーズ（駅手前400m以内）,ブレーキ（減速）中,5.984822778061775,70.0,70.0,58.85226896013762,1.7081006015696278,57.144168358567995,0.0,0.0,2000.0,0.1,ブレーキ中、delta_stop>15m（大幅手前停止確実）→ 0.1,0.1,0.0,ブレーキが早すぎて停止位置が大幅に手前になる上、2.6秒の力行からの急激な切替でノコギリ運転と判定され、上限0.3点だが早期ブレーキで0.1点に留めた。
200.2999999999963,Train11,次駅への減速フェーズ（駅手前400m以内）,ブレーキ（減速）中,0.868515871916561,70.0,70.0,16.479779059114463,0.0360102983910729,16.44376876072339,20.39999999999628,0.0,2000.0,0.1,ブレーキ中、delta_stop>15m（大幅手前停止確実）→ 0.1,0.1,0.0,ブレーキ開始が必要停止位置より16.44m早く、早すぎるブレーキにより大幅減点し、エネルギー効率も低下したためrewardは0.1とした。
129.0,Train11,次駅への減速フェーズ（駅手前400m以内）,ブレーキ（減速）中,40.77816845740212,70.0,70.0,212.3554986279892,81.34763129808822,131.007867329901,0.0,0.0,2000.0,0.1,ブレーキ中、delta_stop>15m（大幅手前停止確実）→ 0.1,0.1,0.0,減速フェーズで必要なブレーキ開始距離より前にブレーキをかけ、停止位置が達成できずエネルギー無駄となるため低評価とし0.1とした。
141.0,Train11,次駅への減速フェーズ（駅手前400m以内）,惰行中,25.12192717071301,70.0,70.0,102.35259488757008,29.92629884824872,72.42629603932136,0.0,0.0,2000.0,0.8〜1.0,ブレーキなし、delta_stop>=0m → 高評価,1.0,0.0,次駅減速フェーズでdelta_stopが正であり、現在速度はrequired_speedと一致し惰行は適切で、違反やノコギリ運転はなく高評価とした。
182.0999999999977,Train11,次駅への減速フェーズ（駅手前400m以内）,ブレーキ（減速）中,1.1483316481604258,70.0,70.0,2.702393370260125,0.0629481048015869,2.639445265458538,2.199999999997715,0.0,2000.0,0.5〜0.7,ブレーキ中、2m<|delta_stop|<=5m → 0.5〜0.7,0.7,0.0,delta_stopが2.64mで|2m|を超えているためブレーキタイミングにやや遅れがあり、停止位置精度が不足している点が評価を下げた。
189.5999999999973,Train11,次駅への減速フェーズ（駅手前400m以内）,ブレーキ（減速）中,0.7358145092772662,70.0,70.0,1.2220742954802688,0.0258475286484067,1.196226766831862,9.699999999997289,0.0,2000.0,0.8〜1.0,ブレーキ中、|delta_stop|<=2m → 0.8〜1.0,1.0,0.0,ブレーキ中でdelta_stopが1.2m（±2m以内）かつ速度・信号遵守、ノコギリ運転なしと判断し高評価とした。
190.8999999999972,Train11,次駅への減速フェーズ（駅手前400m以内）,ブレーキ（減速）中,0.6766895255641522,70.0,70.0,1.0084520808995023,0.0218607970147216,0.9865912838847808,10.999999999997216,0.0,2000.0,0.8〜1.0,ブレーキ中、|delta_stop|<=2m → 0.8〜1.0,1.0,0.0,上位項目すべてで問題なく、次駅減速フェーズで適切にブレーキをかけているため最高評価とした。
192.59999999999712,Train11,次駅への減速フェーズ（駅手前400m以内）,ブレーキ（減速）中,0.6688990520778642,70.0,70.0,0.7602078077120211,0.021360375378345,0.7388474323336761,12.699999999997118,0.0,2000.0,0.8〜1.0,ブレーキ中、|delta_stop|<=2m → 0.8〜1.0,1.0,0.0,次駅減速フェーズでブレーキが適切に掛かり、delta_stopが0.74mで許容範囲内、速度制限・CBTC遵守、ノコギリ運転なしのため最高評価とした。
215.0,Train11,次駅への減速フェーズ（駅手前400m以内）,惰行中,59.88699677957474,70.0,70.0,393.346374088118,173.56603331005326,219.78034077806475,36.0,0.0,2000.0,0.8〜1.0,ブレーキなし、delta_stop>=0m → 高評価,0.9,0.6,次駅減速フェーズでdelta_stopが十分正で、制限速度・CBTCを守り惰行は適切で、ノコギリ運転やエネルギー浪費はなく高評価とした。
216.0,Train11,次駅への減速フェーズ（駅手前400m以内）,惰行中,59.46240974983721,70.0,70.0,376.77069075316535,171.15950546551392,205.61118528765144,37.0,0.0,2000.0,0.8〜1.0,ブレーキなし、delta_stop>=0m → 高評価,0.9,0.6,制限速度・CBTCを遵守し、停止位置は十分に確保。次駅減速フェーズでの惰行は適切で、ノコギリ運転や列車間隔の問題もなく、省エネ的にも問題なしと判断した。
220.0,Train11,次駅への減速フェーズ（駅手前400m以内）,惰行中,57.77831200902464,70.0,70.0,311.6413879900719,161.7714340782702,149.8699539118017,41.0,0.0,2000.0,0.8〜1.0,ブレーキなし、delta_stop>=0m → 高評価,1.0,0.6,全ての上位項目で問題なく、次駅減速フェーズで惰行は適切であり、速度・信号遵守、停止位置も確保できるため最高評価とした。
223.0,Train11,次駅への減速フェーズ（駅手前400m以内）,惰行中,56.52985342222819,70.0,70.0,264.01557558599364,154.97457686197384,109.0409987240198,44.0,0.0,2000.0,0.8〜1.0,ブレーキなし、delta_stop>=0m → 高評価,1.0,0.6,次駅減速フェーズでdelta_stopが正で停止余裕があり、速度は制限・CBTC内、ノコギリ運転なし、停止位置も確保できるため適切と判断した。
224.0,Train11,次駅への減速フェーズ（駅手前400m以内）,惰行中,56.11641940603188,70.0,70.0,248.370865271454,152.7544067894723,95.61645848198168,45.0,0.0,2000.0,0.8〜1.0,ブレーキなし、delta_stop>=0m → 高評価,1.0,0.6,安全基準をすべて遵守し、次駅減速フェーズで適切に惰行しているため最高評価の1.0とした。
227.0,Train11,次駅への減速フェーズ（駅手前400m以内）,惰行中,54.88410788984567,70.0,70.0,202.1231833528141,140.8431347573896,61.28004859542449,48.0,0.0,2000.0,0.8〜1.0,ブレーキなし、delta_stop>=0m → 高評価,1.0,0.6,減速フェーズでdelta_stopが正であり、速度は制限内で惰行は適切、即時ゼロ違反やノコギリ運転はなく評価上限の1.0とした。
229.0,Train11,次駅への減速フェーズ（駅手前400m以内）,惰行中,53.93811447557829,70.0,70.0,171.88180037111422,136.10347606896968,35.77832430214454,50.0,0.0,2000.0,0.8〜1.0,ブレーキなし、delta_stop>=0m → 高評価,0.8,0.6,次駅減速フェーズでブレーキ開始距離を確保しつつ、速度は制限内で惰行が適切であり、即時安全違反はなく高評価とした。
233.0,Train11,次駅への減速フェーズ（駅手前400m以内）,惰行中,51.89025462361245,70.0,70.0,113.0934614064394,126.10998145704188,-13.01652005060248,54.0,0.0,2000.0,0.0,ブレーキなし、delta_stop<=-2m（オーバーランリスク）→ 0.0,0.0,0.6,delta_stopが-13.02mでブレーキ未実施、即時0点ルールに該当するためrewardは0.0。
152.0,T1,次駅への減速フェーズ（駅手前400m以内）,ブレーキ（減速）中,55.3,70.0,70.0,143.8,146.29,-2.4899999999999807,0.0,0.0,2000.0,0.5〜0.7,ブレーキ中、2m<|delta_stop|<=5m → 0.5〜0.7,0.7,0.8,停止位置誤差が2.46mで許容2mを超えるためやや減点し、他は適切なブレーキ操作で評価を下げた。
154.0,T1,次駅への減速フェーズ（駅手前400m以内）,ブレーキ（減速）中,49.29,70.0,70.0,114.8,116.9,-2.1000000000000085,0.0,0.0,2000.0,0.5〜0.7,ブレーキ中、2m<|delta_stop|<=5m → 0.5〜0.7,0.7,0.9,停止位置が2.13m過走し、停止位置達成可能性に若干の課題があるため評価を減点し、reward 0.7とした。
352.0,T1,次駅への減速フェーズ（駅手前400m以内）,ブレーキ（減速）中,0.47,80.0,80.0,0.8,0.05,0.75,0.0,0.0,2000.0,0.8〜1.0,ブレーキ中、|delta_stop|<=2m → 0.8〜1.0,1.0,0.7,制限速度・CBTC遵守、Δstop0.71mで停止位置は許容範囲、ブレーキは適切でノコギリ運転なし、遅延0秒のため最高評価とした。
352.2,T1,駅停車完了（速度0km/h）,ブレーキ（減速）中,0.0,80.0,80.0,0.8,0.01,0.79,0.0,0.0,2000.0,1.0,停止誤差1m以内 → 1.0,1.0,0.0,駅停車完了で停止位置が0.8mと許容範囲内、速度・信号遵守、ノコギリ運転なしのため最高評価とした。
719.0,T1,次駅への減速フェーズ（駅手前400m以内）,ブレーキ（減速）中,53.69,70.0,70.0,152.8,154.53,-1.7299999999999898,0.0,0.0,2000.0,0.8〜1.0,ブレーキ中、|delta_stop|<=2m → 0.8〜1.0,1.0,0.0,次駅減速フェーズで適切にブレーキをかけ、delta_stopが±2m以内で停止位置が確保できているため高評価とした。
720.0,T1,次駅への減速フェーズ（駅手前400m以内）,ブレーキ（減速）中,51.01,70.0,70.0,138.2,139.84,-1.6400000000000148,0.0,0.0,2000.0,0.8〜1.0,ブレーキ中、|delta_stop|<=2m → 0.8〜1.0,1.0,0.0,ブレーキが適切に掛かりΔstopが±2m以内で停止可能と判断され、他に問題がないため高評価とする。
721.0,T1,次駅への減速フェーズ（駅手前400m以内）,ブレーキ（減速）中,48.33,70.0,70.0,124.4,125.89,-1.4899999999999949,0.0,0.0,2000.0,0.8〜1.0,ブレーキ中、|delta_stop|<=2m → 0.8〜1.0,1.0,0.0,全ての評価項目で基準を満たし、ブレーキは適切に作動、停止位置はΔstop‑1.46mで許容範囲内、速度も制限内のため最高評価とした。
722.0,T1,次駅への減速フェーズ（駅手前400m以内）,ブレーキ（減速）中,45.67,70.0,70.0,111.4,112.69,-1.289999999999992,0.0,0.0,2000.0,0.8〜1.0,ブレーキ中、|delta_stop|<=2m → 0.8〜1.0,1.0,0.0,ブレーキが適切に作動し、delta_stopが±2m以内で停止可能、速度・信号遵守、ノコギリ運転なしのため最高評価とした。
723.0,T1,次駅への減速フェーズ（駅手前400m以内）,ブレーキ（減速）中,43.0,70.0,70.0,99.1,100.23,-1.1300000000000097,0.0,0.0,2000.0,0.8〜1.0,ブレーキ中、|delta_stop|<=2m → 0.8〜1.0,1.0,0.0,ブレーキが適切に作動し、Δstopが±2m以内で停止位置が確保できているため、全項目で問題なく評価し1.0とした。
724.0,T1,次駅への減速フェーズ（駅手前400m以内）,ブレーキ（減速）中,40.35,70.0,70.0,87.5,88.5,-1.0,0.0,0.0,2000.0,0.8〜1.0,ブレーキ中、|delta_stop|<=2m → 0.8〜1.0,1.0,0.0,制限速度・CBTC遵守、ブレーキで停止位置が±2m以内に収まり、ノコギリ運転なしで適切な減速と判断し、rewardを1.0とした。
725.0,T1,次駅への減速フェーズ（駅手前400m以内）,ブレーキ（減速）中,37.7,70.0,70.0,76.6,77.51,-0.9100000000000108,0.0,0.0,2000.0,0.8〜1.0,ブレーキ中、|delta_stop|<=2m → 0.8〜1.0,1.0,0.0,ブレーキが適切にかかり、Δstopが±2m以内でCBTC信号を遵守しているため高評価とした。
726.0,T1,次駅への減速フェーズ（駅手前400m以内）,ブレーキ（減速）中,35.06,70.0,70.0,66.5,67.26,-0.7600000000000051,0.0,0.0,2000.0,0.8〜1.0,ブレーキ中、|delta_stop|<=2m → 0.8〜1.0,1.0,0.0,ブレーキが適切にかかりΔstopが±2m以内で停止位置が確保され、速度・信号遵守、ノコギリ運転なしのためrewardは1.0とする。
727.0,T1,次駅への減速フェーズ（駅手前400m以内）,ブレーキ（減速）中,32.43,70.0,70.0,57.2,57.74,-0.5399999999999991,0.0,0.0,2000.0,0.8〜1.0,ブレーキ中、|delta_stop|<=2m → 0.8〜1.0,1.0,0.0,ブレーキが適切に作動しΔstopが±2m以内で信号遵守、速度超過なし、ノコギリ運転も無く高評価とした。
728.0,T1,次駅への減速フェーズ（駅手前400m以内）,ブレーキ（減速）中,29.8,70.0,70.0,48.5,48.95,-0.45000000000000284,0.0,0.0,2000.0,0.8〜1.0,ブレーキ中、|delta_stop|<=2m → 0.8〜1.0,1.0,0.0,次駅減速フェーズで適切にブレーキをかけ、delta_stopが±2m以内でCBTC・制限速度を遵守しているため最高評価とした。
729.0,T1,次駅への減速フェーズ（駅手前400m以内）,ブレーキ（減速）中,27.18,70.0,70.0,40.6,40.89,-0.28999999999999915,0.0,0.0,2000.0,0.8〜1.0,ブレーキ中、|delta_stop|<=2m → 0.8〜1.0,1.0,0.0,減速フェーズで適切にブレーキをかけ、delta_stopが±2m以内で停止位置が確保されており、速度・信号遵守・省エネ面でも問題なしと判断し高評価とした。
730.0,T1,次駅への減速フェーズ（駅手前400m以内）,ブレーキ（減速）中,24.56,70.0,70.0,33.4,33.56,-0.1600000000000037,0.0,0.0,2000.0,0.8〜1.0,ブレーキ中、|delta_stop|<=2m → 0.8〜1.0,1.0,0.0,ブレーキ中でdelta_stopが-0.14mと許容範囲内、制限速度・信号遵守、ノコギリ運転なしで適切な減速と判断し最高評価とした。
731.0,T1,次駅への減速フェーズ（駅手前400m以内）,ブレーキ（減速）中,21.95,70.0,70.0,27.0,26.96,0.03999999999999915,0.0,0.0,2000.0,0.8〜1.0,ブレーキ中、|delta_stop|<=2m → 0.8〜1.0,1.0,0.0,制限速度・CBTC信号を遵守し、ブレーキで停止位置が確実に確保され、ノコギリ運転もなくエネルギー効率も適切なため最高評価とした。
732.0,T1,次駅への減速フェーズ（駅手前400m以内）,ブレーキ（減速）中,19.34,70.0,70.0,21.2,21.08,0.120000000000001,0.0,0.0,2000.0,0.8〜1.0,ブレーキ中、|delta_stop|<=2m → 0.8〜1.0,1.0,0.0,ブレーキが適切にかかり停止位置がほぼ合致、速度・信号遵守、ノコギリ運転なしで安全かつ省エネと判断し1.0とした。
733.0,T1,次駅への減速フェーズ（駅手前400m以内）,ブレーキ（減速）中,16.73,70.0,70.0,16.2,15.92,0.27999999999999936,0.0,0.0,2000.0,0.8〜1.0,ブレーキ中、|delta_stop|<=2m → 0.8〜1.0,1.0,0.0,ブレーキが適切にかかりdelta_stopが0.30mで停止位置が確保でき、速度・信号遵守も問題なく、ノコギリ運転や無駄な力行は無いため最高評価とした。
912.0,T1,次駅への減速フェーズ（駅手前400m以内）,惰行中,61.83,70.0,70.0,301.9,187.01,114.88999999999999,0.0,0.0,2000.0,0.8〜1.0,ブレーキなし、delta_stop>=0m → 高評価,1.0,0.7,現在は制限速度・CBTCを遵守し、停止位置も確保できているため、ノコギリ運転もなく評価は最高とした。
913.0,T1,次駅への減速フェーズ（駅手前400m以内）,惰行中,61.32,70.0,70.0,284.8,177.44,107.36000000000001,0.0,0.0,2000.0,0.8〜1.0,ブレーキなし、delta_stop>=0m → 高評価,1.0,0.7,全ての評価項目で問題がなく、制限速度・信号遵守、停止位置も確保でき、ノコギリ運転もなく省エネ的に適切な惰行であるため最高評価とした。
914.0,T1,次駅への減速フェーズ（駅手前400m以内）,惰行中,60.78,70.0,70.0,267.8,174.45,93.35000000000002,0.0,0.0,2000.0,0.8〜1.0,ブレーキなし、delta_stop>=0m → 高評価,0.8,0.7,次駅減速フェーズで速度が必要速度70km/h未満の60.8km/hのまま惰行を続けており、定時到着が危うく遅延リスクがあるため評価を低減し、0.8とした。
915.0,T1,次駅への減速フェーズ（駅手前400m以内）,惰行中,60.25,70.0,70.0,251.0,171.49,79.50999999999999,0.0,0.0,2000.0,0.8〜1.0,ブレーキなし、delta_stop>=0m → 高評価,0.9,0.7,次駅減速フェーズで適切に惰行し、速度制限・信号遵守、停止位置も確保できているため高評価とした。
916.0,T1,次駅への減速フェーズ（駅手前400m以内）,惰行中,59.73,70.0,70.0,234.3,168.56,65.74000000000001,0.0,0.0,2000.0,0.8〜1.0,ブレーキなし、delta_stop>=0m → 高評価,1.0,0.7,制限速度・CBTC遵守、停止位置は余裕あり、減速フェーズでの惰行は適切であり、ノコギリ運転もなくエネルギー効率も良好なため最高評価とした。
917.0,T1,次駅への減速フェーズ（駅手前400m以内）,惰行中,59.2,70.0,70.0,217.8,165.67,52.130000000000024,0.0,0.0,2000.0,0.8〜1.0,ブレーキなし、delta_stop>=0m → 高評価,1.0,0.7,次駅減速フェーズで惰行が適切であり、速度・信号遵守、ノコギリ運転なし、エネルギー効率も良好なため最高評価とした。
918.0,T1,次駅への減速フェーズ（駅手前400m以内）,惰行中,58.67,70.0,70.0,201.4,162.81,38.59,0.0,0.0,2000.0,0.8〜1.0,ブレーキなし、delta_stop>=0m → 高評価,1.0,0.7,次駅減速フェーズでdelta_stopが正であり、速度は信号限界以下の惰行で適切なため、全項目で問題なく評価しrewardを1.0とした。
919.0,T1,次駅への減速フェーズ（駅手前400m以内）,惰行中,58.15,70.0,70.0,185.2,159.99,25.20999999999998,0.0,0.0,2000.0,0.8〜1.0,ブレーキなし、delta_stop>=0m → 高評価,1.0,0.7,次駅減速フェーズでdelta_stopが正であり、現在の惰行はブレーキ開始前の適切な走行で、速度も制限・信号内、ノコギリ運転なしと評価し最高点とした。
920.0,T1,次駅への減速フェーズ（駅手前400m以内）,惰行中,57.63,70.0,70.0,169.1,157.19,11.909999999999997,0.0,0.0,2000.0,0.8〜1.0,ブレーキなし、delta_stop>=0m → 高評価,1.0,0.7,制限速度・CBTC遵守、停止位置は十分に確保されており、減速フェーズでの惰行は適切で無駄な加速がないため高評価とした。
925.0,T1,次駅への減速フェーズ（駅手前400m以内）,ブレーキ（減速）中,45.1,70.0,70.0,96.4,98.32,-1.9199999999999875,0.0,0.0,2000.0,0.8〜1.0,ブレーキ中、|delta_stop|<=2m → 0.8〜1.0,1.0,0.7,ブレーキ中でdelta_stopが±2m以内に収まり、速度・信号遵守かつ不要な加速がなく安全に停車できるため最高評価とした。
1086.0,T1,次駅への減速フェーズ（駅手前400m以内）,惰行中,58.28,80.0,80.0,393.8,179.75,214.05,0.0,0.0,2000.0,0.8〜1.0,ブレーキなし、delta_stop>=0m → 高評価,1.0,0.6,次駅減速フェーズでdelta_stopが正でブレーキ未実施でも適切な惰行であり、速度・信号遵守、ノコギリ運転なしのため最高評価とした。
1087.0,T1,次駅への減速フェーズ（駅手前400m以内）,惰行中,58.08,80.0,80.0,377.6,178.54,199.06000000000003,0.0,0.0,2000.0,0.8〜1.0,ブレーキなし、delta_stop>=0m → 高評価,1.0,0.6,次駅減速フェーズでブレーキ未実施かつdelta_stopが正で、速度制限・CBTC遵守、ノコギリ運転なしと判断し適切と評価したためreward=1.0。
1089.0,T1,次駅への減速フェーズ（駅手前400m以内）,惰行中,57.68,80.0,80.0,345.5,176.13,169.37,0.0,0.0,2000.0,0.8〜1.0,ブレーキなし、delta_stop>=0m → 高評価,1.0,0.6,次駅減速フェーズでdelta_stopが十分正、速度は制限・信号内、ブレーキ未開始は許容範囲、ノコギリ運転なし、エネルギー効率も適切と判断し最高評価とした。
1092.0,T1,次駅への減速フェーズ（駅手前400m以内）,惰行中,57.08,80.0,80.0,297.7,172.58,125.11999999999998,0.0,0.0,2000.0,0.8〜1.0,ブレーキなし、delta_stop>=0m → 高評価,1.0,0.6,次駅減速フェーズでdelta_stopが正であり、ブレーキ未実施の惰行は適切で、速度・信号遵守、ノコギリ運転なしのため高評価とした。
1093.0,T1,次駅への減速フェーズ（駅手前400m以内）,惰行中,56.88,80.0,80.0,281.8,171.42,110.38000000000002,0.0,0.0,2000.0,0.8〜1.0,ブレーキなし、delta_stop>=0m → 高評価,1.0,0.6,制限速度・CBTC遵守、停止位置は十分に確保され、次駅減速フェーズで惰行は適切であり、ノコギリ運転もなくエネルギー無駄もないため最高評価とした。
1094.0,T1,次駅への減速フェーズ（駅手前400m以内）,惰行中,56.69,80.0,80.0,266.1,170.26,95.84000000000003,0.0,0.0,2000.0,0.8〜1.0,ブレーキなし、delta_stop>=0m → 高評価,1.0,0.7,次駅減速フェーズで適切に惰行し、制限速度・信号遵守、停止位置に余裕があり、ノコギリ運転もなく安全かつ省エネと判断した。
1098.0,T1,次駅への減速フェーズ（駅手前400m以内）,惰行中,55.9,80.0,80.0,203.5,165.69,37.81,0.0,0.0,2000.0,0.8〜1.0,ブレーキなし、delta_stop>=0m → 高評価,1.0,0.7,次駅減速フェーズでdelta_stopが正であり、現在速度は制限・信号以下で惰行は適切かつエネルギー効率的と判断した。
1099.0,T1,次駅への減速フェーズ（駅手前400m以内）,惰行中,55.71,80.0,80.0,188.0,164.57,23.430000000000007,0.0,0.0,2000.0,0.8〜1.0,ブレーキなし、delta_stop>=0m → 高評価,1.0,0.7,全ての上位評価項目で問題がなく、制限速度・CBTC信号を遵守し、停止位置も確保できているため高評価とする。
1100.0,T1,次駅への減速フェーズ（駅手前400m以内）,惰行中,55.51,80.0,80.0,172.6,163.45,9.150000000000006,0.0,0.0,2000.0,0.8〜1.0,ブレーキなし、delta_stop>=0m → 高評価,1.0,0.7,現在は減速点手前で惰行が適切であり、速度・信号遵守、停止位置も確保できるため高評価とした。
1102.0,T1,次駅への減速フェーズ（駅手前400m以内）,ブレーキ（減速）中,51.89,80.0,80.0,142.4,144.55,-2.1500000000000057,0.0,0.0,2000.0,0.5〜0.7,ブレーキ中、2m<|delta_stop|<=5m → 0.5〜0.7,0.7,0.8,ブレーキ開始が理想位置より2.15 m遅れ、停止位置誤差が許容範囲をやや超えたため評価をやや減点し、rewardを0.7とした。
1106.0,T1,次駅への減速フェーズ（駅手前400m以内）,ブレーキ（減速）中,41.22,80.0,80.0,90.7,92.25,-1.5499999999999972,0.0,0.0,2000.0,0.8〜1.0,ブレーキ中、|delta_stop|<=2m → 0.8〜1.0,1.0,0.0,ブレーキが適切にかかり、delta_stopが±2m以内で停止位置が確保され、速度・信号遵守も問題なく、ノコギリ運転や間隔問題は無いため最高評価とした。
1107.0,T1,次駅への減速フェーズ（駅手前400m以内）,ブレーキ（減速）中,38.57,80.0,80.0,79.6,81.02,-1.4200000000000017,0.0,0.0,2000.0,0.8〜1.0,ブレーキ中、|delta_stop|<=2m → 0.8〜1.0,1.0,0.0,ブレーキが適切に掛かりdelta_stopが±2m以内で停止位置が確保され、速度超過やノコギリ運転はなく安全かつ定時に停止できるためrewardを1.0とした。
1121.8,T1,駅停車完了（速度0km/h）,ブレーキ（減速）中,0.0,80.0,80.0,0.8,0.01,0.79,14.7,0.0,2000.0,1.0,停止誤差1m以内 → 1.0,1.0,0.0,駅停車完了フェーズで速度0km/h、停止位置誤差0.8mは許容範囲内で、制限速度・信号超過なし、ノコギリ運転もなく評価対象外項目のみであるためrewardは1.0とした。
1307.0,T1,次駅への減速フェーズ（駅手前400m以内）,ブレーキ（減速）中,46.0,70.0,70.0,100.2,102.16,-1.9599999999999937,0.0,0.0,2000.0,0.8〜1.0,ブレーキ中、|delta_stop|<=2m → 0.8〜1.0,1.0,0.7,制限速度・CBTC信号を遵守し、ブレーキ開始位置がΔstop‑1.95mで適切、ノコギリ運転なし、遅延0秒のため最高評価とした。
1311.0,T1,次駅への減速フェーズ（駅手前400m以内）,ブレーキ（減速）中,34.12,70.0,70.0,55.7,57.0,-1.2999999999999972,0.0,0.0,2000.0,0.8〜1.0,ブレーキ中、|delta_stop|<=2m → 0.8〜1.0,1.0,0.0,ブレーキが適切に作動し、delta_stopが±2m以内で停止位置が確保できるため評価は高く、減点要因はなし。
1312.0,T1,次駅への減速フェーズ（駅手前400m以内）,ブレーキ（減速）中,31.17,70.0,70.0,46.7,47.77,-1.0700000000000003,0.0,0.0,2000.0,0.8〜1.0,ブレーキ中、|delta_stop|<=2m → 0.8〜1.0,1.0,0.0,先行列車なしで速度制限・CBTC信号を遵守し、ブレーキが適切にかかりΔstopが±2m以内で停止位置が確保され、ノコギリ運転もなく省エネ的に適切な減速と判断した。
1474.0,T1,次駅への減速フェーズ（駅手前400m以内）,惰行中,58.59,70.0,70.0,384.2,181.6,202.6,0.0,0.0,2000.0,0.8〜1.0,ブレーキなし、delta_stop>=0m → 高評価,1.0,0.7,減速フェーズでdelta_stopが正で制限速度・CBTC遵守、ノコギリ運転なし、適切に惰行しているため最高評価とした。
1475.0,T1,次駅への減速フェーズ（駅手前400m以内）,惰行中,58.39,70.0,70.0,368.0,180.38,187.62,0.0,0.0,2000.0,0.8〜1.0,ブレーキなし、delta_stop>=0m → 高評価,1.0,0.7,制限速度・信号遵守、停止距離に余裕がありノコギリ運転もなく、現在の惰行は適切と判断し安全性と定時性を確保できるため高評価とした。
1476.0,T1,次駅への減速フェーズ（駅手前400m以内）,惰行中,58.18,70.0,70.0,351.8,179.16,172.64000000000001,0.0,0.0,2000.0,0.8〜1.0,ブレーキなし、delta_stop>=0m → 高評価,1.0,0.7,全ての評価項目で問題がなく、減速開始前の惰行は速度・距離条件を満たすため高評価とした。
1477.0,T1,次駅への減速フェーズ（駅手前400m以内）,惰行中,57.98,70.0,70.0,335.7,177.95,157.75,0.0,0.0,2000.0,0.8〜1.0,ブレーキなし、delta_stop>=0m → 高評価,1.0,0.7,全ての安全・信号・速度条件を満たし、減速開始前の惰行は適切であり、ノコギリ運転もなく高評価とした。
1478.0,T1,次駅への減速フェーズ（駅手前400m以内）,惰行中,57.78,70.0,70.0,319.6,176.75,142.85000000000002,0.0,0.0,2000.0,0.8〜1.0,ブレーキなし、delta_stop>=0m → 高評価,1.0,0.7,全ての評価項目で問題がなく、減速フェーズでの惰行は停止位置達成に適切であるため最高評価とした。
1479.0,T1,次駅への減速フェーズ（駅手前400m以内）,惰行中,57.58,70.0,70.0,303.6,175.55,128.05,0.0,0.0,2000.0,0.8〜1.0,ブレーキなし、delta_stop>=0m → 高評価,1.0,0.7,制限速度・CBTC遵守、停止位置は十分に確保でき、ノコギリ運転もなくエネルギー効率的に惰行しているため高評価。
1480.0,T1,次駅への減速フェーズ（駅手前400m以内）,惰行中,57.38,70.0,70.0,287.6,174.37,113.23000000000002,0.0,0.0,2000.0,0.8〜1.0,ブレーキなし、delta_stop>=0m → 高評価,1.0,0.7,制限速度・CBTC信号遵守、停止位置も確保できており、上位項目に問題がないため最高評価とした。
1481.0,T1,次駅への減速フェーズ（駅手前400m以内）,惰行中,57.18,70.0,70.0,271.7,173.19,98.50999999999999,0.0,0.0,2000.0,0.8〜1.0,ブレーキなし、delta_stop>=0m → 高評価,1.0,0.7,全ての上位評価項目で問題なく、制限速度・CBTC遵守、停止位置も確保できているため最高評価とした。
1482.0,T1,次駅への減速フェーズ（駅手前400m以内）,惰行中,56.98,70.0,70.0,255.8,172.02,83.78,0.0,0.0,2000.0,0.8〜1.0,ブレーキなし、delta_stop>=0m → 高評価,1.0,0.7,全ての上位評価項目で問題がなく、速度・信号遵守・停止位置も適切であり、ノコギリ運転も該当しないため最高評価とした。
1483.0,T1,次駅への減速フェーズ（駅手前400m以内）,惰行中,56.79,70.0,70.0,240.0,170.85,69.15,0.0,0.0,2000.0,0.8〜1.0,ブレーキなし、delta_stop>=0m → 高評価,1.0,0.7,上位項目すべてで違反なし、ノコギリ運転にも該当せず、減速フェーズでの惰行は適切と判断した。
1484.0,T1,次駅への減速フェーズ（駅手前400m以内）,惰行中,56.59,70.0,70.0,224.3,169.7,54.60000000000002,0.0,0.0,2000.0,0.8〜1.0,ブレーキなし、delta_stop>=0m → 高評価,1.0,0.7,次駅減速フェーズで適切に惰行を継続し、制限速度・CBTC信号を遵守、停止位置も十分確保できているため高評価。
1485.0,T1,次駅への減速フェーズ（駅手前400m以内）,惰行中,56.39,70.0,70.0,208.6,168.55,40.04999999999998,0.0,0.0,2000.0,0.8〜1.0,ブレーキなし、delta_stop>=0m → 高評価,1.0,0.7,減速フェーズでdelta_stopが正であり、制限速度・CBTCを遵守し、ノコギリ運転もなく、適切に惰行しているため評価は最高とした。
1486.0,T1,次駅への減速フェーズ（駅手前400m以内）,惰行中,56.2,70.0,70.0,193.0,167.41,25.590000000000003,0.0,0.0,2000.0,0.8〜1.0,ブレーキなし、delta_stop>=0m → 高評価,1.0,0.7,次駅減速フェーズでdelta_stopが正でブレーキ未実施でも安全に停止可能で、速度・信号遵守かつノコギリ運転なしのため最高評価とした。
1487.0,T1,次駅への減速フェーズ（駅手前400m以内）,惰行中,56.0,70.0,70.0,177.4,166.27,11.129999999999995,0.0,0.0,2000.0,0.8〜1.0,ブレーキなし、delta_stop>=0m → 高評価,1.0,0.7,全ての上位評価項目で問題なく、減速フェーズでの惰行は停止位置達成に支障なく、ノコギリ運転もなしと判断し最高評価とした。
1498.0,T1,次駅への減速フェーズ（駅手前400m以内）,ブレーキ（減速）中,28.75,70.0,70.0,45.3,45.64,-0.3400000000000034,0.0,0.0,2000.0,0.8〜1.0,ブレーキ中、|delta_stop|<=2m → 0.8〜1.0,1.0,0.0,制限速度・CBTC遵守、停止位置が許容範囲内でブレーキ適切に実施され、ノコギリ運転や無駄な加速がなく評価は最高とした。
1499.0,T1,次駅への減速フェーズ（駅手前400m以内）,ブレーキ（減速）中,26.13,70.0,70.0,37.6,37.87,-0.269999999999996,0.0,0.0,2000.0,0.8〜1.0,ブレーキ中、|delta_stop|<=2m → 0.8〜1.0,1.0,0.0,制限速度・CBTC遵守、ブレーキでΔstopが±2m以内で適切に減速しており、ノコギリ運転や不要な力行がなく、全項目で問題なしと判断した。
1500.0,T1,次駅への減速フェーズ（駅手前400m以内）,ブレーキ（減速）中,23.51,70.0,70.0,30.8,30.83,-0.029999999999997584,0.0,0.0,2000.0,0.8〜1.0,ブレーキ中、|delta_stop|<=2m → 0.8〜1.0,1.0,0.0,全ての上位評価項目で問題なく、現在のブレーキ操作が適切で停止位置も許容範囲内、速度・信号遵守も完璧なため最高評価とした。
1501.0,T1,次駅への減速フェーズ（駅手前400m以内）,ブレーキ（減速）中,20.9,70.0,70.0,24.6,24.52,0.08000000000000185,0.9,0.0,2000.0,0.8〜1.0,ブレーキ中、|delta_stop|<=2m → 0.8〜1.0,1.0,0.0,ブレーキが適切にかかりdelta_stopが0.07mと許容範囲内で、速度・信号遵守、ノコギリ運転なしのため高評価とした。
1502.0,T1,次駅への減速フェーズ（駅手前400m以内）,ブレーキ（減速）中,18.29,70.0,70.0,19.1,18.93,0.1700000000000017,1.9,0.0,2000.0,0.8〜1.0,ブレーキ中、|delta_stop|<=2m → 0.8〜1.0,1.0,0.0,ブレーキが適切にかかり、delta_stopが0.21mで停止位置が確保され、速度・信号違反がなくノコギリ運転もなしのためreward=1.0とした。
1503.0,T1,次駅への減速フェーズ（駅手前400m以内）,ブレーキ（減速）中,15.69,70.0,70.0,14.4,14.06,0.33999999999999986,2.9,0.0,2000.0,0.8〜1.0,ブレーキ中、|delta_stop|<=2m → 0.8〜1.0,1.0,0.0,ブレーキが適切にかかり、delta_stopが0.36mで停止位置が確保され、速度・信号制限を遵守しているため高評価とした。
1504.0,T1,次駅への減速フェーズ（駅手前400m以内）,ブレーキ（減速）中,13.09,70.0,70.0,10.4,9.92,0.4800000000000004,3.9,0.0,2000.0,0.8〜1.0,ブレーキ中、|delta_stop|<=2m → 0.8〜1.0,1.0,0.0,現在のブレーキはdelta_stopが0.5mで適切に停止位置に向かっており、速度・信号遵守、ノコギリ運転なしで安全かつ省エネと判断し高評価とした。
142.89999999999955,Train11,次駅への減速フェーズ（駅手前400m以内）,ブレーキ（減速）中,2.7265877244813668,70.0,70.0,65.75536879370603,0.3547744531964121,65.40059434050961,0.0,0.0,2000.0,0.1,ブレーキ中、delta_stop>15m（大幅手前停止確実）→ 0.1,0.1,0.0,ブレーキが早すぎてdelta_stopが65.4mと大幅に手前で停止確実であり、0.1秒の力行からの逆転がノコギリ運転と判定されたためrewardは0.1とした。
143.7999999999995,Train11,次駅への減速フェーズ（駅手前400m以内）,力行（加速）中,0.1075123405826135,70.0,70.0,65.40478576894415,0.0005518864196937,65.40423388252445,0.0,0.0,2000.0,0.1〜0.3,先行列車なし・低速（<25km/h）の惰行/力行（ちんたら運転）→ 0.1〜0.3,0.2,0.0,次駅減速フェーズで加速し、ノコギリ運転（2.9秒の反転）とエネルギー無駄が判定され、上限0.3点のうち0.2点とした。
135.0,Train11,次駅への減速フェーズ（駅手前400m以内）,ブレーキ（減速）中,40.780505974766754,70.0,70.0,255.43451548747956,81.35686325800107,174.07765222947847,0.0,0.0,2000.0,0.1,ブレーキ中、delta_stop>15m（大幅手前停止確実）→ 0.1,0.1,0.0,ブレーキが必要距離前に開始され、2秒以下の惰行から減速への短時間反転でノコギリ運転とみなされ、上限0.3点以下に抑えられるため0.1とした。
138.0,Train11,次駅への減速フェーズ（駅手前400m以内）,ブレーキ（減速）中,37.19584150258842,70.0,70.0,223.645366069686,67.80013679471334,155.84522927497267,0.0,0.0,2000.0,0.1,ブレーキ中、delta_stop>15m（大幅手前停止確実）→ 0.1,0.1,0.0,ブレーキ開始が停止位置から155.8m離れた状態で行われ、必要以上の減速とノコギリ運転が判定され、rewardは最小の0.1とした。
139.0,Train11,次駅への減速フェーズ（駅手前400m以内）,惰行中,34.34001684241905,70.0,70.0,213.71395232118573,57.86463804180996,155.84931427937576,0.0,0.0,2000.0,0.8〜1.0,ブレーキなし、delta_stop>=0m → 高評価,1.0,0.0,全ての上位評価項目で安全かつ適切に運転しており、制限速度・信号遵守、停止位置も確保できるため最高評価とした。
141.0,Train11,次駅への減速フェーズ（駅手前400m以内）,惰行中,31.139455079025105,70.0,70.0,195.18309215928295,45.87272698415472,149.31036517512823,0.0,0.0,2000.0,0.8〜1.0,ブレーキなし、delta_stop>=0m → 高評価,1.0,0.0,制限速度・CBTC遵守、停止位置は十分確保され、減速フェーズでの惰行は適切で省エネ性が高く評価できる。
150.0,Train11,次駅への減速フェーズ（駅手前400m以内）,力行（加速）中,12.138635559016086,70.0,70.0,141.02291668880085,7.0159435715428256,134.006973117258,0.0,0.0,2000.0,0.1〜0.3,先行列車なし・低速（<25km/h）の惰行/力行（ちんたら運転）→ 0.1〜0.3,0.2,0.0,次駅減速フェーズで不必要に加速し、ノコギリ運転とエネルギー浪費が判定されたため上限0.3点を下回り0.2とした。
186.29999999999885,Train11,次駅への減速フェーズ（駅手前400m以内）,ブレーキ（減速）中,4.235395542964654,70.0,70.0,64.6773392066109,0.8557865771557329,63.82155262945516,6.39999999999884,0.0,2000.0,0.1,ブレーキ中、delta_stop>15m（大幅手前停止確実）→ 0.1,0.1,0.0,ブレーキ開始が早すぎてdelta_stopが大きく早期停止となり、ノコギリ運転と判定されたため低評価。
160.0,T1,次駅への減速フェーズ（駅手前400m以内）,惰行中,43.59,70.0,70.0,396.1,94.31,301.79,0.0,0.0,2000.0,0.8〜1.0,ブレーキなし、delta_stop>=0m → 高評価,0.9,0.6,次駅減速フェーズで速度は制限内かつ停止余裕があり、惰行は適切でエネルギー効率も良く、即時ゼロルール違反が無いため高評価とした。
168.0,T1,次駅への減速フェーズ（駅手前400m以内）,惰行中,40.65,70.0,70.0,302.6,82.23,220.37,0.0,0.0,2000.0,0.8〜1.0,ブレーキなし、delta_stop>=0m → 高評価,1.0,0.6,次駅減速フェーズでdelta_stopが正、ブレーキ未実施かつ速度は制限内・CBTC遵守、ノコギリ運転なしで全項目OKのため高評価。
172.0,T1,次駅への減速フェーズ（駅手前400m以内）,力行（加速）中,40.06,70.0,70.0,258.0,76.63,181.37,0.0,0.0,2000.0,0.8〜1.0,ブレーキなし、delta_stop>=0m → 高評価,1.0,0.0,delta_stopが大きく定時到着に加速が必要で、速度・信号・制限をすべて遵守しているため現在の力行は適切と判断した。
173.0,T1,次駅への減速フェーズ（駅手前400m以内）,力行（加速）中,40.05,70.0,70.0,246.9,76.58,170.32,0.0,0.0,2000.0,0.8〜1.0,ブレーキなし、delta_stop>=0m → 高評価,1.0,0.0,次駅減速フェーズでdelta_stopが正であり、速度が制限・信号以下であるため加速は妥当で、即時ゼロ評価条件もなく、ノコギリ運転にも該当しないため高評価とした。
174.0,T1,次駅への減速フェーズ（駅手前400m以内）,力行（加速）中,40.04,70.0,70.0,235.7,76.54,159.15999999999997,0.0,0.0,2000.0,0.8〜1.0,ブレーキなし、delta_stop>=0m → 高評価,1.0,0.0,required_speed未達のため加速は妥当で、制限速度・CBTC遵守、ノコギリ運転なし、停止位置も確保できる点が評価の決定要因です。
188.0,T1,次駅への減速フェーズ（駅手前400m以内）,惰行中,40.0,70.0,70.0,80.1,76.81,3.289999999999992,6.7,0.0,2000.0,0.8〜1.0,ブレーキなし、delta_stop>=0m → 高評価,1.0,0.0,全ての上位評価項目で安全・信号遵守・停止位置確保が適切であり、ノコギリ運転もなくエネルギー効率も良好なため高評価とした。
352.0,T1,次駅への減速フェーズ（駅手前400m以内）,惰行中,53.99,80.0,80.0,379.9,154.76,225.14,0.0,0.0,2000.0,0.8〜1.0,ブレーキなし、delta_stop>=0m → 高評価,0.9,0.6,制限速度・信号遵守、停止位置確保、ノコギリ運転なしで全ての上位項目に問題がなく、エネルギー効率も損なっていないため高評価とした。
353.0,T1,次駅への減速フェーズ（駅手前400m以内）,惰行中,53.8,80.0,80.0,364.9,153.71,211.18999999999997,0.0,0.0,2000.0,0.8〜1.0,ブレーキなし、delta_stop>=0m → 高評価,1.0,0.6,全項目で安全・速度・信号遵守、停止位置も確保できており、ノコギリ運転もなくエネルギー効率的に適切な惰行であるため高評価。
355.0,T1,次駅への減速フェーズ（駅手前400m以内）,惰行中,53.42,80.0,80.0,335.1,151.62,183.48000000000002,0.0,0.0,2000.0,0.8〜1.0,ブレーキなし、delta_stop>=0m → 高評価,1.0,0.6,delta_stopが正でブレーキ未実施は適切、速度・信号遵守、ノコギリ運転なしのため高評価。
356.0,T1,次駅への減速フェーズ（駅手前400m以内）,惰行中,53.24,80.0,80.0,320.3,150.59,169.71,0.0,0.0,2000.0,0.8〜1.0,ブレーキなし、delta_stop>=0m → 高評価,1.0,0.7,全ての上位評価項目で問題がなく、制限速度・信号遵守、停止位置も確保できているため高評価とした。
357.0,T1,次駅への減速フェーズ（駅手前400m以内）,惰行中,53.05,80.0,80.0,305.5,149.56,155.94,0.0,0.0,2000.0,0.8〜1.0,ブレーキなし、delta_stop>=0m → 高評価,1.0,0.7,全ての評価項目で基準を満たし、制限速度・CBTC遵守、停止位置も確保でき、減速フェーズでの惰行は適切であるため最高評価とする。
360.0,T1,次駅への減速フェーズ（駅手前400m以内）,惰行中,52.5,80.0,80.0,261.5,146.52,114.97999999999999,0.0,0.0,2000.0,0.8〜1.0,ブレーキなし、delta_stop>=0m → 高評価,0.9,0.7,制限・信号速度を遵守し、ブレーキ開始点より前で惰行しているため減速フェーズとして適切で、ノコギリ運転もなくエネルギー効率も良好と判断した。
361.0,T1,次駅への減速フェーズ（駅手前400m以内）,惰行中,52.31,80.0,80.0,247.0,145.52,101.47999999999999,0.0,0.0,2000.0,0.8〜1.0,ブレーキなし、delta_stop>=0m → 高評価,1.0,0.7,全ての上位評価項目が遵守され、減速フェーズでの惰行は適切であり、即時減点要因が無いためrewardは1.0とした。
362.0,T1,次駅への減速フェーズ（駅手前400m以内）,惰行中,52.13,80.0,80.0,232.5,144.52,87.97999999999999,0.0,0.0,2000.0,0.8〜1.0,ブレーキなし、delta_stop>=0m → 高評価,1.0,0.7,減速フェーズでdelta_stopが正であり、制限速度・CBTC遵守、ノコギリ運転なしで停止位置も確保できるため、最高評価とした。
363.0,T1,次駅への減速フェーズ（駅手前400m以内）,惰行中,51.95,80.0,80.0,218.0,143.53,74.47,0.0,0.0,2000.0,0.8〜1.0,ブレーキなし、delta_stop>=0m → 高評価,1.0,0.7,次駅減速フェーズで適切に惰行し、制限速度・CBTCを遵守、停止位置も確保でき、エネルギー効率的であるため高評価とした。
364.0,T1,次駅への減速フェーズ（駅手前400m以内）,惰行中,51.77,80.0,80.0,203.6,142.55,61.04999999999998,0.0,0.0,2000.0,0.8〜1.0,ブレーキなし、delta_stop>=0m → 高評価,1.0,0.7,制限速度・CBTC信号遵守、停止位置も確保できており、減速フェーズでの惰行は適切なため最高評価とした。
365.0,T1,次駅への減速フェーズ（駅手前400m以内）,惰行中,51.58,80.0,80.0,189.3,141.58,47.72,0.0,0.0,2000.0,0.8〜1.0,ブレーキなし、delta_stop>=0m → 高評価,1.0,0.7,制限速度・CBTC遵守、停止位置は達成可能でノコギリ運転もなく、全ての上位項目に問題がないため最高評価とした。
368.0,T1,次駅への減速フェーズ（駅手前400m以内）,惰行中,51.04,80.0,80.0,146.5,138.68,7.819999999999993,0.0,0.0,2000.0,0.8〜1.0,ブレーキなし、delta_stop>=0m → 高評価,1.0,0.7,次駅減速フェーズでdelta_stopが正であり、速度・CBTC制限遵守、ノコギリ運転なしと判断し最高評価とした。
371.0,T1,次駅への減速フェーズ（駅手前400m以内）,ブレーキ（減速）中,44.53,80.0,80.0,106.2,107.27,-1.0699999999999932,2.5,0.0,2000.0,0.8〜1.0,ブレーキ中、|delta_stop|<=2m → 0.8〜1.0,1.0,0.0,ブレーキ中でdelta_stopが±2m以内であり、速度・信号遵守、ノコギリ運転なし、遅延2.5秒は許容範囲で、全項目で問題なしと判断しreward=1.0とした。
372.0,T1,次駅への減速フェーズ（駅手前400m以内）,ブレーキ（減速）中,41.87,80.0,80.0,94.2,95.12,-0.9200000000000017,3.5,0.0,2000.0,0.8〜1.0,ブレーキ中、|delta_stop|<=2m → 0.8〜1.0,1.0,0.0,ブレーキが適切に作動し、delta_stopが±2m以内で停止位置が確保できているため高評価とした。
373.0,T1,次駅への減速フェーズ（駅手前400m以内）,ブレーキ（減速）中,39.22,80.0,80.0,82.9,83.71,-0.8099999999999881,4.5,0.0,2000.0,0.8〜1.0,ブレーキ中、|delta_stop|<=2m → 0.8〜1.0,1.0,0.0,ブレーキが適切に作動し、delta_stopが±2m以内で停止位置が確保され、速度・信号遵守も問題なく、ノコギリ運転もなしと判断し最高評価とした。
374.0,T1,次駅への減速フェーズ（駅手前400m以内）,ブレーキ（減速）中,36.57,80.0,80.0,72.4,73.04,-0.6400000000000006,5.5,0.0,2000.0,0.8〜1.0,ブレーキ中、|delta_stop|<=2m → 0.8〜1.0,1.0,0.0,全ての上位評価項目で基準を満たし、ブレーキ操作が適切で停止位置も許容範囲内のため高評価とした。遅延は5.5秒で許容範囲内。
375.0,T1,次駅への減速フェーズ（駅手前400m以内）,ブレーキ（減速）中,33.94,80.0,80.0,62.6,63.1,-0.5,6.5,0.0,2000.0,0.8〜1.0,ブレーキ中、|delta_stop|<=2m → 0.8〜1.0,1.0,0.0,減速フェーズで適切にブレーキをかけ、delta_stopが±2m以内で停止位置が確保できており、速度・CBTC制限を遵守しているため高評価。
376.0,T1,次駅への減速フェーズ（駅手前400m以内）,ブレーキ（減速）中,31.3,80.0,80.0,53.6,53.89,-0.28999999999999915,7.5,0.0,2000.0,0.8〜1.0,ブレーキ中、|delta_stop|<=2m → 0.8〜1.0,1.0,0.0,ブレーキが適切に掛かり、Δstopが±2m以内で信号速度以下に走行しているため、上位項目すべて合格と判断し高評価とした。
377.0,T1,次駅への減速フェーズ（駅手前400m以内）,ブレーキ（減速）中,28.68,80.0,80.0,45.2,45.41,-0.20999999999999375,8.5,0.0,2000.0,0.8〜1.0,ブレーキ中、|delta_stop|<=2m → 0.8〜1.0,1.0,0.0,現在速度は制限・信号速度以下で、ブレーキが適切に作動し、Δstopが±2m以内で停止位置が確保されているため高評価とした。
378.0,T1,次駅への減速フェーズ（駅手前400m以内）,ブレーキ（減速）中,26.06,80.0,80.0,37.6,37.67,-0.07000000000000028,9.5,0.0,2000.0,0.8〜1.0,ブレーキ中、|delta_stop|<=2m → 0.8〜1.0,1.0,0.0,次駅減速フェーズでブレーキ中、delta_stopが-0.05mで許容範囲内のため適切と判断し、全項目で問題なし。
578.0,T1,次駅への減速フェーズ（駅手前400m以内）,惰行中,43.66,70.0,70.0,398.6,94.63,303.97,0.0,0.0,2000.0,0.8〜1.0,ブレーキなし、delta_stop>=0m → 高評価,1.0,0.6,全ての上位評価項目で安全・信号遵守・停止位置確保が適切であり、ノコギリ運転もなく、エネルギー効率も良好なため最高評価とした。
579.0,T1,次駅への減速フェーズ（駅手前400m以内）,惰行中,43.29,70.0,70.0,386.5,93.05,293.45,0.0,0.0,2000.0,0.8〜1.0,ブレーキなし、delta_stop>=0m → 高評価,1.0,0.6,制限速度・CBTC遵守、停止位置余裕あり、減速フェーズで惰行は適切であり、即時0点要因なしのため最高評価とした。
601.0,T1,次駅への減速フェーズ（駅手前400m以内）,力行（加速）中,40.03,70.0,70.0,137.9,76.51,61.39,21.2,0.0,2000.0,0.8〜1.0,ブレーキなし、delta_stop>=0m → 高評価,1.0,0.0,次駅減速フェーズでdelta_stopが正であり、加速は遅延回復の合理的操作と判断され、速度・信号制限を遵守しているため高評価とした。
788.0,T1,次駅への減速フェーズ（駅手前400m以内）,ブレーキ（減速）中,54.65,70.0,70.0,157.1,159.91,-2.8100000000000023,14.8,0.0,2000.0,0.5〜0.7,ブレーキ中、2m<|delta_stop|<=5m → 0.5〜0.7,0.7,0.8,delta_stopが-2.77mでブレーキ開始が遅れ、停止位置誤差が2‑5mとなり、やや減点としたため評価を0.7とした。
792.0,T1,次駅への減速フェーズ（駅手前400m以内）,ブレーキ（減速）中,43.95,70.0,70.0,102.4,104.55,-2.1499999999999915,18.8,0.0,2000.0,0.5〜0.7,ブレーキ中、2m<|delta_stop|<=5m → 0.5〜0.7,0.7,0.8,ブレーキ中だがdelta_stopが-2.17mで停止位置が若干ずれ、次駅減速フェーズでの評価がやや低くなったため0.7とした。
808.9,T1,駅停車完了（速度0km/h）,ブレーキ（減速）中,0.0,70.0,70.0,0.3,0.0,0.3,35.7,0.0,2000.0,1.0,停止誤差1m以内 → 1.0,1.0,0.0,全ての安全・信号・停止位置基準を満たし、ノコギリ運転や間隔問題もなく、エネルギー無駄もないため最高評価とした。
569.3,T1,駅停車完了（速度0km/h）,ブレーキ（減速）中,0.0,70.0,70.0,15.1,0.01,15.09,0.0,0.0,2000.0,0.0,停止誤差10m超 → 0.0,0.0,1.0,駅停車完了フェーズで停止位置が1mを超えており、CBTC信号が0km/hでないため即reward0.0ルールが適用され、rewardは0.0となる。
937.0,T1,次駅への減速フェーズ（駅手前400m以内）,惰行中,60.66,70.0,70.0,294.5,173.78,120.72,0.0,0.0,2000.0,0.8〜1.0,ブレーキなし、delta_stop>=0m → 高評価,1.0,0.7,制限速度遵守、CBTC信号遵守、停止位置の余裕、減速フェーズでの惰行は適切であり、ノコギリ運転や無駄な力行もなく、全項目で減点要因がないためrewardを1.0とした。
938.0,T1,次駅への減速フェーズ（駅手前400m以内）,惰行中,60.13,70.0,70.0,277.7,170.82,106.88,0.0,0.0,2000.0,0.8〜1.0,ブレーキなし、delta_stop>=0m → 高評価,1.0,0.7,制限速度・信号遵守、停止位置の余裕、ノコギリ運転なしで全項目問題なく、運転は最適と判断した。
939.0,T1,次駅への減速フェーズ（駅手前400m以内）,惰行中,59.61,70.0,70.0,261.1,167.9,93.20000000000002,0.0,0.0,2000.0,0.8〜1.0,ブレーキなし、delta_stop>=0m → 高評価,1.0,0.7,減速フェーズでブレーキ開始前に惰行が適切であり、速度超過やノコギリ運転はなく、停止位置も確保できるため最高評価とした。
940.0,T1,次駅への減速フェーズ（駅手前400m以内）,惰行中,59.08,70.0,70.0,244.6,165.02,79.57999999999998,0.0,0.0,2000.0,0.8〜1.0,ブレーキなし、delta_stop>=0m → 高評価,1.0,0.7,制限速度・信号遵守、停止位置は十分余裕があり、減速フェーズでの惰行は適切で、ノコギリ運転や間隔問題は無く、エネルギー効率も良好なため最高評価とした。
942.0,T1,次駅への減速フェーズ（駅手前400m以内）,惰行中,58.03,70.0,70.0,212.1,159.35,52.75,0.0,0.0,2000.0,0.8〜1.0,ブレーキなし、delta_stop>=0m → 高評価,1.0,0.7,制限速度・信号遵守、停止位置は余裕あり、減速フェーズで惰行は適切でありノコギリ運転もなく評価は高い。
944.0,T1,次駅への減速フェーズ（駅手前400m以内）,惰行中,56.99,70.0,70.0,180.1,153.81,26.289999999999992,0.0,0.0,2000.0,0.8〜1.0,ブレーキなし、delta_stop>=0m → 高評価,1.0,0.7,上位項目すべてで問題なく、減速フェーズでの惰行は停止距離に余裕があり適切と判断したため高評価とした。
945.0,T1,次駅への減速フェーズ（駅手前400m以内）,惰行中,56.47,70.0,70.0,164.4,151.09,13.310000000000002,0.0,0.0,2000.0,0.8〜1.0,ブレーキなし、delta_stop>=0m → 高評価,0.9,0.7,次駅減速フェーズで速度は制限内かつCBTC指示に従い、停止位置も確保できているため高評価とし、rewardを0.9とした。
949.0,T1,次駅への減速フェーズ（駅手前400m以内）,ブレーキ（減速）中,44.72,70.0,70.0,108.0,96.7,11.299999999999997,0.0,0.0,2000.0,0.2〜0.4,ブレーキ中、5m<delta_stop<=15m（早すぎ）→ 0.2〜0.4,0.4,0.0,ブレーキが必要停止距離より早く開始され、エネルギー効率が低下したため評価を低減し0.4とした。
964.3,T1,駅停車完了（速度0km/h）,ブレーキ（減速）中,0.0,70.0,70.0,13.8,0.0,13.8,9.8,0.0,2000.0,0.0,停止誤差10m超 → 0.0,0.0,1.0,駅停車完了で停止位置が13.8mずれ、CBTC信号が0でないため即時0点規則が適用され、rewardは0.0となる。
1113.0,T1,次駅への減速フェーズ（駅手前400m以内）,惰行中,54.21,80.0,80.0,397.9,156.04,241.85999999999999,0.0,0.0,2000.0,0.8〜1.0,ブレーキなし、delta_stop>=0m → 高評価,1.0,0.6,制限速度・信号遵守、停止位置は十分に確保され、減速フェーズでの惰行は適切であり、ノコギリ運転もなく評価上問題なし。
1114.0,T1,次駅への減速フェーズ（駅手前400m以内）,惰行中,54.02,80.0,80.0,382.9,154.97,227.92999999999998,0.0,0.0,2000.0,0.8〜1.0,ブレーキなし、delta_stop>=0m → 高評価,1.0,0.7,次駅減速フェーズでdelta_stopが十分あり、速度は制限内かつCBTC信号に従い惰行は適切で、即reward0.0条件やノコギリ運転はなし。
1115.0,T1,次駅への減速フェーズ（駅手前400m以内）,惰行中,53.83,80.0,80.0,367.9,153.92,213.98,0.0,0.0,2000.0,0.8〜1.0,ブレーキなし、delta_stop>=0m → 高評価,1.0,0.6,制限速度・CBTC遵守、停止位置は十分確保され、ノコギリ運転もなく適切に惰行しているため最高評価とした。
1116.0,T1,次駅への減速フェーズ（駅手前400m以内）,惰行中,53.65,80.0,80.0,352.9,152.87,200.02999999999997,0.0,0.0,2000.0,0.8〜1.0,ブレーキなし、delta_stop>=0m → 高評価,1.0,0.7,制限速度・信号遵守、停止位置は十分に確保され惰行は適切で、ノコギリ運転や間隔問題もなく、エネルギー無駄もないため高評価とした。
1117.0,T1,次駅への減速フェーズ（駅手前400m以内）,惰行中,53.46,80.0,80.0,338.1,151.83,186.27,0.0,0.0,2000.0,0.8〜1.0,ブレーキなし、delta_stop>=0m → 高評価,1.0,0.7,制限速度・CBTC遵守、停止位置は十分確保され、減速フェーズでの惰行は適切であり、ノコギリ運転なし、定時・省エネも良好なため最高評価とした。
1118.0,T1,次駅への減速フェーズ（駅手前400m以内）,惰行中,53.27,80.0,80.0,323.2,150.79,172.41,0.0,0.0,2000.0,0.8〜1.0,ブレーキなし、delta_stop>=0m → 高評価,1.0,0.7,全ての上位評価項目で問題がなく、制限速度・CBTC遵守、停止位置も確保できているため最高評価とし、安全に運転されていると判断し、rewardを1.0とした。
1119.0,T1,次駅への減速フェーズ（駅手前400m以内）,惰行中,53.09,80.0,80.0,308.5,149.77,158.73,0.0,0.0,2000.0,0.8〜1.0,ブレーキなし、delta_stop>=0m → 高評価,1.0,0.7,減速フェーズでdelta_stopが正でありブレーキ未適用は許容範囲、速度は制限内でCBTC遵守、ノコギリ運転なし、定時・省エネとも適切と判断し高評価。
1120.0,T1,次駅への減速フェーズ（駅手前400m以内）,惰行中,52.9,80.0,80.0,293.8,148.75,145.05,0.0,0.0,2000.0,0.8〜1.0,ブレーキなし、delta_stop>=0m → 高評価,1.0,0.7,全ての安全・信号条件を満たし、減速フェーズでの惰行は停止位置と時刻に適合しているため高評価。
1121.0,T1,次駅への減速フェーズ（駅手前400m以内）,惰行中,52.72,80.0,80.0,279.1,147.73,131.37000000000003,0.0,0.0,2000.0,0.8〜1.0,ブレーキなし、delta_stop>=0m → 高評価,1.0,0.7,全項目で違反なし、減速フェーズでブレーキ未実施は距離上問題なく、速度・信号遵守、ノコギリ運転なしのため最高評価とした。
1122.0,T1,次駅への減速フェーズ（駅手前400m以内）,惰行中,52.53,80.0,80.0,264.5,146.72,117.78,0.0,0.0,2000.0,0.8〜1.0,ブレーキなし、delta_stop>=0m → 高評価,1.0,0.7,減速フェーズで信号・速度制限を遵守し、停止位置は十分確保、ブレーキ未実施でもdelta_stop≥0で適切と判断し、減点要因が無いため最高評価とした。
1123.0,T1,次駅への減速フェーズ（駅手前400m以内）,惰行中,52.35,80.0,80.0,249.9,145.72,104.18,0.0,0.0,2000.0,0.8〜1.0,ブレーキなし、delta_stop>=0m → 高評価,1.0,0.7,制限速度・信号遵守、停止距離に余裕があり減速開始タイミングも適切で、ノコギリ運転もなくエネルギー無駄もないため高評価。
1124.0,T1,次駅への減速フェーズ（駅手前400m以内）,惰行中,52.17,80.0,80.0,235.4,144.72,90.68,0.0,0.0,2000.0,0.8〜1.0,ブレーキなし、delta_stop>=0m → 高評価,1.0,0.7,全ての上位評価項目で問題なく、減速フェーズでの惰行は停止位置と時刻に適合し、ノコギリ運転もなしと判断し最高評価とした。
1125.0,T1,次駅への減速フェーズ（駅手前400m以内）,惰行中,51.98,80.0,80.0,220.9,143.73,77.17000000000002,0.0,0.0,2000.0,0.8〜1.0,ブレーキなし、delta_stop>=0m → 高評価,1.0,0.7,減速フェーズでブレーキ開始前に惰行を継続し、速度・信号・停止距離すべて基準を満たすため高評価とし1.0とした。
1126.0,T1,次駅への減速フェーズ（駅手前400m以内）,惰行中,51.8,80.0,80.0,206.5,142.75,63.75,0.0,0.0,2000.0,0.8〜1.0,ブレーキなし、delta_stop>=0m → 高評価,1.0,0.7,制限速度・信号遵守、停止位置に余裕があり減速開始タイミングも適切で、ノコギリ運転や列車間隔問題が無いため高評価とした。
1128.0,T1,次駅への減速フェーズ（駅手前400m以内）,惰行中,51.44,80.0,80.0,177.8,140.8,37.0,0.0,0.0,2000.0,0.8〜1.0,ブレーキなし、delta_stop>=0m → 高評価,1.0,0.7,全ての上位評価項目で問題なく、速度・信号遵守、停止位置も適切であり、ノコギリ運転もなし。高評価とする。
1129.0,T1,次駅への減速フェーズ（駅手前400m以内）,惰行中,51.26,80.0,80.0,163.6,139.83,23.769999999999982,0.0,0.0,2000.0,0.8〜1.0,ブレーキなし、delta_stop>=0m → 高評価,1.0,0.7,減速フェーズでブレーキ開始前に惰行は適切で、速度・信号遵守、停止距離も確保できているため高評価とした。
1130.0,T1,次駅への減速フェーズ（駅手前400m以内）,惰行中,51.08,80.0,80.0,149.3,138.87,10.430000000000007,0.0,0.0,2000.0,0.8〜1.0,ブレーキなし、delta_stop>=0m → 高評価,1.0,0.7,次駅減速フェーズでブレーキ未実施かつdelta_stopが正であり、速度・信号制限を遵守しているため、現在の惰行は適切と判断した。
1357.0,T1,駅停車完了（速度0km/h）,ブレーキ（減速）中,0.0,70.0,70.0,12.5,0.0,12.5,4.1,0.0,2000.0,0.0,停止誤差10m超 → 0.0,0.0,1.0,駅停車完了フェーズで停止位置が駅から12.5m離れており、即reward0.0ルールに該当するため0.0点とした。
1719.0,T1,次駅への減速フェーズ（駅手前400m以内）,惰行中,62.96,70.0,70.0,385.5,193.73,191.77,0.0,0.0,2000.0,0.8〜1.0,ブレーキなし、delta_stop>=0m → 高評価,1.0,0.7,制限速度・CBTC遵守、停止位置は十分に確保され、減速フェーズでの惰行は適切であり、ノコギリ運転もなく省エネ性も高いため最高評価とした。
1720.0,T1,次駅への減速フェーズ（駅手前400m以内）,惰行中,62.53,70.0,70.0,368.1,191.16,176.94000000000003,0.0,0.0,2000.0,0.8〜1.0,ブレーキなし、delta_stop>=0m → 高評価,1.0,0.7,制限速度・CBTC遵守、ノコギリ運転なし、減速フェーズでの惰行は適切であり、全体的に安全かつ定時運行に支障なしと判断した。
1723.0,T1,次駅への減速フェーズ（駅手前400m以内）,惰行中,61.25,70.0,70.0,316.5,183.6,132.9,0.0,0.0,2000.0,0.8〜1.0,ブレーキなし、delta_stop>=0m → 高評価,1.0,0.7,次駅減速フェーズでdelta_stopが正であり、CBTC信号遵守・制限速度内・惰行が適切なため減点要因がなく高評価とした。
1725.0,T1,次駅への減速フェーズ（駅手前400m以内）,惰行中,60.29,70.0,70.0,282.7,171.71,110.98999999999998,0.0,0.0,2000.0,0.8〜1.0,ブレーキなし、delta_stop>=0m → 高評価,1.0,0.7,制限速度・CBTC遵守、停止位置に余裕があり、減速フェーズでの惰行は適切で即reward0.0ルールに該当せず最高評価とした。
1727.0,T1,次駅への減速フェーズ（駅手前400m以内）,惰行中,59.24,70.0,70.0,249.5,165.88,83.62,0.0,0.0,2000.0,0.8〜1.0,ブレーキなし、delta_stop>=0m → 高評価,1.0,0.7,全ての上位項目で問題なく、速度制限・CBTC遵守、停止位置も確保でき、減速フェーズで惰行は適切であり、ノコギリ運転もなくエネルギー効率も良好なため最高評価とした。
1902.0,T1,次駅への減速フェーズ（駅手前400m以内）,惰行中,53.91,80.0,80.0,373.9,154.34,219.55999999999997,0.0,0.0,2000.0,0.8〜1.0,ブレーキなし、delta_stop>=0m → 高評価,1.0,0.6,現在の惰行は制限速度・信号遵守、停止位置余裕があり、ノコギリ運転でもなく不要な加速もないため適切と判断し、最高評価とした。
1903.0,T1,次駅への減速フェーズ（駅手前400m以内）,惰行中,53.72,80.0,80.0,358.9,153.29,205.60999999999999,0.0,0.0,2000.0,0.8〜1.0,ブレーキなし、delta_stop>=0m → 高評価,0.9,0.6,減速フェーズでブレーキ未実施は適切だが、必要速度未達で惰行はエネルギー効率低下と遅延リスクを招くため減点。
1904.0,T1,次駅への減速フェーズ（駅手前400m以内）,惰行中,53.53,80.0,80.0,344.0,152.25,191.75,0.0,0.0,2000.0,0.8〜1.0,ブレーキなし、delta_stop>=0m → 高評価,1.0,0.6,全ての上位評価項目で問題なく、制限速度・CBTC遵守、停止位置も確保できており、ノコギリ運転も認められないため高評価とした。
1907.0,T1,次駅への減速フェーズ（駅手前400m以内）,惰行中,52.98,80.0,80.0,299.6,149.15,150.45000000000002,0.0,0.0,2000.0,0.8〜1.0,ブレーキなし、delta_stop>=0m → 高評価,1.0,0.6,減速フェーズでブレーキ未実施かつCBTC遵守、速度制限内で停止位置は十分確保されており、ノコギリ運転等の違反なし。
1908.0,T1,次駅への減速フェーズ（駅手前400m以内）,惰行中,52.79,80.0,80.0,284.9,148.14,136.76,0.0,0.0,2000.0,0.8〜1.0,ブレーキなし、delta_stop>=0m → 高評価,1.0,0.7,制限速度・CBTC遵守、停止位置は十分に確保され、減速フェーズでブレーキ未使用は適切であり、ノコギリ運転もなく評価項目すべてOKと判断した。
1910.0,T1,次駅への減速フェーズ（駅手前400m以内）,惰行中,52.42,80.0,80.0,255.7,146.12,109.57999999999998,0.0,0.0,2000.0,0.8〜1.0,ブレーキなし、delta_stop>=0m → 高評価,1.0,0.7,次駅減速フェーズで速度・信号制限を遵守し、惰行を適切に継続、停止位置も確保できノコギリ運転なしと判断し最高評価とした。
1911.0,T1,次駅への減速フェーズ（駅手前400m以内）,惰行中,52.24,80.0,80.0,241.2,145.12,96.07999999999998,0.0,0.0,2000.0,0.8〜1.0,ブレーキなし、delta_stop>=0m → 高評価,1.0,0.7,全ての上位評価項目で問題なく、制限速度・CBTC遵守、停止位置も確保できており、ノコギリ運転もなしと判断し最高評価とした。
1912.0,T1,次駅への減速フェーズ（駅手前400m以内）,惰行中,52.06,80.0,80.0,226.7,144.13,82.57,0.0,0.0,2000.0,0.8〜1.0,ブレーキなし、delta_stop>=0m → 高評価,1.0,0.7,全ての上位評価項目で問題がなく、減速フェーズでの惰行は適切であり、即時0点ルールにも該当しないため高評価とした。
2115.0,T1,次駅への減速フェーズ（駅手前400m以内）,惰行中,61.55,70.0,70.0,328.5,185.34,143.16,0.0,0.0,2000.0,0.8〜1.0,ブレーキなし、delta_stop>=0m → 高評価,1.0,0.7,惰行は制限速度・CBTCを遵守し停止余裕も確保できて適切だが、required_speed未達で加速が必要な点は評価対象外である。
2119.0,T1,次駅への減速フェーズ（駅手前400m以内）,惰行中,59.61,70.0,70.0,261.1,167.9,93.20000000000002,0.0,0.0,2000.0,0.8〜1.0,ブレーキなし、delta_stop>=0m → 高評価,1.0,0.7,減速フェーズで停止余裕があり、速度は制限内かつ信号遵守、惰行は適切でノコギリ運転や過加速がなく最高評価とした。
2120.0,T1,次駅への減速フェーズ（駅手前400m以内）,惰行中,59.08,70.0,70.0,244.6,165.02,79.57999999999998,0.0,0.0,2000.0,0.8〜1.0,ブレーキなし、delta_stop>=0m → 高評価,1.0,0.7,減速フェーズで適切に惰行し、ブレーキ開始距離を確保しているため安全かつ省エネで評価が高い。
2122.0,T1,次駅への減速フェーズ（駅手前400m以内）,惰行中,58.03,70.0,70.0,212.1,159.35,52.75,0.0,0.0,2000.0,0.8〜1.0,ブレーキなし、delta_stop>=0m → 高評価,1.0,0.7,制限速度・信号遵守、停止距離に余裕があり減速前の惰行は適切と判断し高評価。
2124.0,T1,次駅への減速フェーズ（駅手前400m以内）,惰行中,56.99,70.0,70.0,180.1,153.81,26.289999999999992,0.0,0.0,2000.0,0.8〜1.0,ブレーキなし、delta_stop>=0m → 高評価,1.0,0.7,減速フェーズでdelta_stopが正、CBTC信号と速度制限を遵守し、ノコギリ運転や即0点条件もなく安全かつ定時に適合しているため最高評価とした。
2125.0,T1,次駅への減速フェーズ（駅手前400m以内）,惰行中,56.47,70.0,70.0,164.4,151.09,13.310000000000002,0.0,0.0,2000.0,0.8〜1.0,ブレーキなし、delta_stop>=0m → 高評価,1.0,0.7,次駅減速フェーズでdelta_stopが正であり、信号速度以下で惰行しているため停止位置は確保でき、安全・定時性に問題なく評価は高い。
2144.4,T1,駅停車完了（速度0km/h）,ブレーキ（減速）中,0.0,70.0,70.0,11.2,0.01,11.19,18.3,0.0,2000.0,0.0,停止誤差10m超 → 0.0,0.0,1.0,駅停車完了フェーズで停止位置誤差が1mを超えており、CBTC信号が0km/hでないため即reward0.0ルールに該当し、rewardは0.0とする。
2297.0,T1,次駅への減速フェーズ（駅手前400m以内）,惰行中,57.85,70.0,70.0,393.6,177.19,216.41000000000003,0.0,0.0,2000.0,0.8〜1.0,ブレーキなし、delta_stop>=0m → 高評価,1.0,0.7,制限速度・信号速度を遵守し、停止位置も確保でき、ノコギリ運転もなく省エネ的に適切な惰行であるため高評価とした。
2298.0,T1,次駅への減速フェーズ（駅手前400m以内）,惰行中,57.65,70.0,70.0,377.5,175.99,201.51,0.0,0.0,2000.0,0.8〜1.0,ブレーキなし、delta_stop>=0m → 高評価,1.0,0.7,制限速度・信号遵守、減速フェーズでブレーキ未実施は適切であり、ノコギリ運転もなくエネルギー効率も問題なし。
2302.0,T1,次駅への減速フェーズ（駅手前400m以内）,惰行中,56.86,70.0,70.0,313.9,171.28,142.61999999999998,0.0,0.0,2000.0,0.8〜1.0,ブレーキなし、delta_stop>=0m → 高評価,1.0,0.7,現在は制限速度・信号遵守し、ブレーキ未実施で停止位置は十分確保でき、ノコギリ運転もなく間隔問題も無いため高評価とする。
2303.0,T1,次駅への減速フェーズ（駅手前400m以内）,惰行中,56.66,70.0,70.0,298.1,170.12,127.98000000000002,0.0,0.0,2000.0,0.8〜1.0,ブレーキなし、delta_stop>=0m → 高評価,1.0,0.7,減速フェーズで適切に惰行し、速度・信号遵守、停止位置も余裕があり、ノコギリ運転等の問題がないため最高評価とした。
2304.0,T1,次駅への減速フェーズ（駅手前400m以内）,惰行中,56.47,70.0,70.0,282.4,168.97,113.42999999999998,0.0,0.0,2000.0,0.8〜1.0,ブレーキなし、delta_stop>=0m → 高評価,1.0,0.7,制限速度・信号遵守、停止位置は十分に確保され、ノコギリ運転もなく、全ての上位評価項目で問題なし。
2306.0,T1,次駅への減速フェーズ（駅手前400m以内）,惰行中,56.07,70.0,70.0,251.2,166.69,84.50999999999999,0.0,0.0,2000.0,0.8〜1.0,ブレーキなし、delta_stop>=0m → 高評価,1.0,0.7,上位項目すべてで問題なく、減速開始点まで余裕があるため現在の惰行は適切と判断した。
2308.0,T1,次駅への減速フェーズ（駅手前400m以内）,惰行中,55.69,70.0,70.0,220.1,164.44,55.66,0.0,0.0,2000.0,0.8〜1.0,ブレーキなし、delta_stop>=0m → 高評価,1.0,0.7,制限速度・CBTC遵守、停止位置は確保でき、減速フェーズで惰行は適切であり、即0点要因なしのため最高評価とした。
2309.0,T1,次駅への減速フェーズ（駅手前400m以内）,惰行中,55.49,70.0,70.0,204.7,163.32,41.379999999999995,0.0,0.0,2000.0,0.8〜1.0,ブレーキなし、delta_stop>=0m → 高評価,1.0,0.7,制限速度・信号遵守、停止距離に余裕があり減速開始は適切で、ノコギリ運転もなくエネルギー無駄もないため高評価とした。
2310.0,T1,次駅への減速フェーズ（駅手前400m以内）,惰行中,55.3,70.0,70.0,189.3,162.21,27.090000000000003,0.0,0.0,2000.0,0.8〜1.0,ブレーキなし、delta_stop>=0m → 高評価,1.0,0.7,制限速度・CBTC遵守、停止位置も確保できており、エネルギー無駄もないためreward=1.0とした。
2312.0,T1,次駅への減速フェーズ（駅手前400m以内）,ブレーキ（減速）中,53.67,70.0,70.0,158.8,154.37,4.430000000000007,0.0,0.0,2000.0,0.5〜0.7,ブレーキ中、2m<|delta_stop|<=5m → 0.5〜0.7,0.7,0.8,delta_stopが4.38 mでブレーキ開始がやや早く、停止位置精度が2 m以内でないためやや減点とした。
2539.6,T1,駅停車完了（速度0km/h）,ブレーキ（減速）中,0.0,70.0,70.0,13.8,0.0,13.8,38.8,0.0,2000.0,0.0,停止誤差10m超 → 0.0,0.0,1.0,駅停車完了で停止位置が13.8m離れ、1m以内でないため停止位置誤差が致命的と判断し、rewardを0.0とした。
2899.0,T1,次駅への減速フェーズ（駅手前400m以内）,惰行中,63.0,70.0,70.0,387.3,193.99,193.31,0.0,0.0,2000.0,0.8〜1.0,ブレーキなし、delta_stop>=0m → 高評価,1.0,0.7,全ての評価項目で問題がなく、減速開始点も十分に確保されているため、現在の惰行は適切と判断しreward=1.0とする。
2931.8,T1,駅停車完了（速度0km/h）,ブレーキ（減速）中,0.0,70.0,70.0,11.2,0.01,11.19,32.6,0.0,2000.0,0.0,停止誤差10m超 → 0.0,0.0,1.0,駅停車完了フェーズで停止位置が1mを超えているため即reward0.0ルールが適用され、rewardは0.0となります。
3087.0,T1,次駅への減速フェーズ（駅手前400m以内）,惰行中,57.34,70.0,70.0,352.0,174.09,177.91,0.0,0.0,2000.0,0.8〜1.0,ブレーキなし、delta_stop>=0m → 高評価,1.0,0.6,全ての上位評価項目で問題がなく、速度・信号遵守、停止位置も確保できているため高評価とし、rewardを1.0とする。
3091.0,T1,次駅への減速フェーズ（駅手前400m以内）,惰行中,56.54,70.0,70.0,288.7,169.43,119.26999999999998,0.0,0.0,2000.0,0.8〜1.0,ブレーキなし、delta_stop>=0m → 高評価,1.0,0.6,制限速度・CBTC遵守、停止位置に十分な余裕があり減速フェーズで惰行は適切、ノコギリ運転なしのため高評価とした。
3313.0,T1,次駅への減速フェーズ（駅手前400m以内）,ブレーキ（減速）中,41.44,70.0,70.0,87.1,83.33,3.769999999999996,39.1,0.0,2000.0,0.5〜0.7,ブレーキ中、2m<|delta_stop|<=5m → 0.5〜0.7,0.6,0.8,Δ_stopが3.74mでややブレーキ遅れ、かつ39秒の遅延があり定時性が低下したため評価を0.6とした。
3314.0,T1,次駅への減速フェーズ（駅手前400m以内）,ブレーキ（減速）中,38.47,70.0,70.0,76.0,72.06,3.9399999999999977,40.1,0.0,2000.0,0.5〜0.7,ブレーキ中、2m<|delta_stop|<=5m → 0.5〜0.7,0.7,0.8,ブレーキ中だがdelta_stopが3.9mで許容範囲(2‑5m)を超えており、停止位置精度がやや不足するため評価を減点し0.7とした。
142.89999999999955,Train11,次駅への減速フェーズ（駅手前400m以内）,ブレーキ（減速）中,2.7265877244813668,70.0,70.0,65.75536879370603,0.3547744531964121,65.40059434050961,0.0,0.0,2000.0,0.1,ブレーキ中、delta_stop>15m（大幅手前停止確実）→ 0.1,0.1,0.0,ブレーキが早すぎてdelta_stopが65.4mと大幅に手前で停止確実であり、0.1秒の力行からの逆転がノコギリ運転と判定されたためrewardは0.1とした。
143.7999999999995,Train11,次駅への減速フェーズ（駅手前400m以内）,力行（加速）中,0.1075123405826135,70.0,70.0,65.40478576894415,0.0005518864196937,65.40423388252445,0.0,0.0,2000.0,0.1〜0.3,先行列車なし・低速（<25km/h）の惰行/力行（ちんたら運転）→ 0.1〜0.3,0.2,0.0,次駅減速フェーズで加速し、ノコギリ運転（2.9秒の反転）とエネルギー無駄が判定され、上限0.3点のうち0.2点とした。
135.0,Train11,次駅への減速フェーズ（駅手前400m以内）,ブレーキ（減速）中,40.780505974766754,70.0,70.0,255.43451548747956,81.35686325800107,174.07765222947847,0.0,0.0,2000.0,0.1,ブレーキ中、delta_stop>15m（大幅手前停止確実）→ 0.1,0.1,0.0,ブレーキが必要距離前に開始され、2秒以下の惰行から減速への短時間反転でノコギリ運転とみなされ、上限0.3点以下に抑えられるため0.1とした。
138.0,Train11,次駅への減速フェーズ（駅手前400m以内）,ブレーキ（減速）中,37.19584150258842,70.0,70.0,223.645366069686,67.80013679471334,155.84522927497267,0.0,0.0,2000.0,0.1,ブレーキ中、delta_stop>15m（大幅手前停止確実）→ 0.1,0.1,0.0,ブレーキ開始が停止位置から155.8m離れた状態で行われ、必要以上の減速とノコギリ運転が判定され、rewardは最小の0.1とした。
139.0,Train11,次駅への減速フェーズ（駅手前400m以内）,惰行中,34.34001684241905,70.0,70.0,213.71395232118573,57.86463804180996,155.84931427937576,0.0,0.0,2000.0,0.8〜1.0,ブレーキなし、delta_stop>=0m → 高評価,1.0,0.0,全ての上位評価項目で安全かつ適切に運転しており、制限速度・信号遵守、停止位置も確保できるため最高評価とした。
141.0,Train11,次駅への減速フェーズ（駅手前400m以内）,惰行中,31.139455079025105,70.0,70.0,195.18309215928295,45.87272698415472,149.31036517512823,0.0,0.0,2000.0,0.8〜1.0,ブレーキなし、delta_stop>=0m → 高評価,1.0,0.0,制限速度・CBTC遵守、停止位置は十分確保され、減速フェーズでの惰行は適切で省エネ性が高く評価できる。
150.0,Train11,次駅への減速フェーズ（駅手前400m以内）,力行（加速）中,12.138635559016086,70.0,70.0,141.02291668880085,7.0159435715428256,134.006973117258,0.0,0.0,2000.0,0.1〜0.3,先行列車なし・低速（<25km/h）の惰行/力行（ちんたら運転）→ 0.1〜0.3,0.2,0.0,次駅減速フェーズで不必要に加速し、ノコギリ運転とエネルギー浪費が判定されたため上限0.3点を下回り0.2とした。
186.29999999999885,Train11,次駅への減速フェーズ（駅手前400m以内）,ブレーキ（減速）中,4.235395542964654,70.0,70.0,64.6773392066109,0.8557865771557329,63.82155262945516,6.39999999999884,0.0,2000.0,0.1,ブレーキ中、delta_stop>15m（大幅手前停止確実）→ 0.1,0.1,0.0,ブレーキ開始が早すぎてdelta_stopが大きく早期停止となり、ノコギリ運転と判定されたため低評価。
170.0,T2,次駅への減速フェーズ（駅手前400m以内）,力行（加速）中,59.29,60.9,70.0,381.8,171.88,209.92000000000002,0.0,1.0,216.5,0.8〜1.0,先行列車解放に伴う加速（適切）→ 高評価,1.0,0.5,先行列車が在りCBTC信号内でdelta_stop>0のため加速は合理的であり、速度超過やノコギリ運転等の違反が無い。
193.0,T2,次駅への減速フェーズ（駅手前400m以内）,力行（加速）中,16.45,47.5,70.0,146.9,13.05,133.85,0.0,1.0,146.9,0.8〜1.0,先行列車解放に伴う加速（適切）→ 高評価,1.0,0.7,減速フェーズでの加速はCBTC信号とdelta_stopに合致し、速度超過やノコギリ運転はなく、停止位置も十分確保できるため高評価とした。
194.0,T2,次駅への減速フェーズ（駅手前400m以内）,力行（加速）中,18.35,46.5,70.0,142.1,16.22,125.88,0.0,1.0,142.1,0.8〜1.0,先行列車解放に伴う加速（適切）→ 高評価,0.8,0.7,次駅減速フェーズでdelta_stopが大きいにも関わらず不要な力行を続けたため省エネ性が低く評価し、0.2点減点した。
196.0,T2,次駅への減速フェーズ（駅手前400m以内）,力行（加速）中,21.86,43.9,70.0,130.9,22.98,107.92,0.0,1.0,130.9,0.8〜1.0,先行列車解放に伴う加速（適切）→ 高評価,1.0,0.7,次駅減速フェーズでdelta_stopが大きく、CBTC信号を下回りながら加速は許容されており、速度・信号違反なしで安全に停止可能と判断し高評価。
199.0,T2,次駅への減速フェーズ（駅手前400m以内）,力行（加速）中,26.45,38.9,70.0,110.7,33.6,77.1,0.0,1.0,110.7,0.8〜1.0,先行列車解放に伴う加速（適切）→ 高評価,0.9,0.6,先行列車が停止中でCBTC信号速度以下に抑えているため、加速は許容され評価は高く、即reward0.0ルールも該当せず高評価とした。
201.0,T2,次駅への減速フェーズ（駅手前400m以内）,力行（加速）中,29.13,34.5,70.0,95.3,40.7,54.599999999999994,0.0,1.0,95.3,0.8〜1.0,先行列車解放に伴う加速（適切）→ 高評価,1.0,0.6,先行列車が駅で停止中でCBTC信号速度以下かつdelta_stop>0のため、加速は信号遵守かつ停止位置達成可能で、他項目に問題なし。
231.0,T2,次駅への減速フェーズ（駅手前400m以内）,力行（加速）中,13.47,70.0,70.0,29.2,8.75,20.45,0.0,1.0,70.2,0.8〜1.0,先行列車解放に伴う加速（適切）→ 高評価,1.0,0.7,先行列車が前方にあり速度差で加速が合理的と判断され、CBTC・制限速度ともに遵守し停止位置も確保できるため高評価。
389.0,T2,次駅への減速フェーズ（駅手前400m以内）,力行（加速）中,59.09,76.9,80.0,341.9,184.18,157.71999999999997,0.0,1.0,341.9,0.8〜1.0,先行列車解放に伴う加速（適切）→ 高評価,1.0,0.6,先行列車が停止しているがCBTC信号を遵守し、required_speed未達のため加速は適切であり、ノコギリ運転や速度超過はなく評価は最高とした。
390.0,T2,次駅への減速フェーズ（駅手前400m以内）,力行（加速）中,59.69,74.8,80.0,325.4,187.82,137.57999999999998,0.0,1.0,325.4,0.8〜1.0,先行列車解放に伴う加速（適切）→ 高評価,1.0,0.6,全ての上位評価項目で制限速度・CBTC遵守、停止位置達成可能、加速は必要速度未達で適切と判断し、ノコギリ運転もなく高評価とした。
391.0,T2,次駅への減速フェーズ（駅手前400m以内）,力行（加速）中,60.27,72.6,80.0,308.7,191.43,117.26999999999998,0.0,1.0,308.7,0.8〜1.0,先行列車解放に伴う加速（適切）→ 高評価,1.0,0.6,加速はrequired_speed未達でありCBTC信号内、速度制限遵守、停車位置も確保できるため適切と判断し高評価。
392.0,T2,次駅への減速フェーズ（駅手前400m以内）,力行（加速）中,60.84,70.4,80.0,291.9,195.01,96.88999999999999,0.0,1.0,291.9,0.8〜1.0,先行列車解放に伴う加速（適切）→ 高評価,1.0,0.6,加速はCBTC信号70.4km/h以下で必要速度67.6km/h未達のため適切で、停止位置も確保でき、速度超過やノコギリ運転等の違反はなし。
394.0,T2,次駅への減速フェーズ（駅手前400m以内）,力行（加速）中,61.96,65.5,80.0,257.8,202.07,55.73000000000002,0.0,1.0,257.8,0.8〜1.0,先行列車解放に伴う加速（適切）→ 高評価,1.0,0.6,先行列車が停止している中、信号速度以下で加速はCBTC指示に合致し、停止位置も確保できるため高評価。
632.0,T2,次駅への減速フェーズ（駅手前400m以内）,ブレーキ（減速）中,4.88,6.2,70.0,41.7,1.42,40.28,9.9,1.0,41.7,0.8〜1.0,先行列車接近中、信号速度に整合してブレーキ中 → 高評価,1.0,0.7,制限速度・CBTC信号を遵守し、先行列車の前で適切にブレーキしているため、上位項目に問題なく評価し高得点とした。
642.0,T2,次駅への減速フェーズ（駅手前400m以内）,力行（加速）中,0.28,14.6,70.0,40.5,0.0,40.5,19.9,1.0,50.6,0.8〜1.0,先行列車解放に伴う加速（適切）→ 高評価,1.0,0.7,CBTC信号に従い加速しており、停止位置は十分確保でき、ノコギリ運転や間隔違反もなく、全体として適切な操作と判断した。
647.0,T2,次駅への減速フェーズ（駅手前400m以内）,力行（加速）中,12.62,24.1,70.0,31.2,7.68,23.52,24.9,1.0,68.1,0.8〜1.0,先行列車解放に伴う加速（適切）→ 高評価,1.0,0.6,先行列車が存在しCBTC信号が低速である中、delta_stop>0での加速は信号遵守かつ停止位置確保に適切と判断し、全項目で問題なしと評価した。
648.0,T2,次駅への減速フェーズ（駅手前400m以内）,力行（加速）中,14.72,70.0,70.0,27.4,10.44,16.96,25.9,1.0,71.3,0.8〜1.0,先行列車解放に伴う加速（適切）→ 高評価,0.8,0.7,delta_stopが正で加速は許容されるが、required_speedと同等の速度で不要に力行し省エネ性が低く評価されたため。
812.0,T2,次駅への減速フェーズ（駅手前400m以内）,力行（加速）中,58.72,70.0,70.0,316.2,181.88,134.32,2.0,1.0,316.2,0.8〜1.0,先行列車解放に伴う加速（適切）→ 高評価,0.8,0.7,先行列車が在線で信号遵守し加速は許容されるが、必要速度と同等で不要な加速はエネルギー効率を損ねるため評価を減点。
815.0,T2,次駅への減速フェーズ（駅手前400m以内）,力行（加速）中,60.49,66.7,70.0,266.5,192.76,73.74000000000001,5.0,1.0,266.5,0.8〜1.0,先行列車解放に伴う加速（適切）→ 高評価,1.0,0.6,加速は先行列車が停車中でdelta_stop>0のためCBTC遵守かつ停止位置は確保でき、他に違反なしと評価し最高点とした。
816.0,T2,次駅への減速フェーズ（駅手前400m以内）,力行（加速）中,61.05,64.2,70.0,249.7,196.33,53.369999999999976,6.0,1.0,249.7,0.8〜1.0,先行列車解放に伴う加速（適切）→ 高評価,1.0,0.6,安全基準とCBTC信号を遵守し、先行列車が動く可能性を考慮した加速は適切と判断し高評価。
818.0,T2,次駅への減速フェーズ（駅手前400m以内）,ブレーキ（減速）中,57.93,58.8,70.0,216.2,179.13,37.06999999999999,8.0,1.0,216.2,0.8〜1.0,先行列車接近中、信号速度に整合してブレーキ中 → 高評価,1.0,0.4,先行列車が駅に停車中でCBTC信号58.8km/hに合わせブレーキしており、速度超過やノコギリ運転はなく適切な減速と判断した。
820.0,T2,次駅への減速フェーズ（駅手前400m以内）,ブレーキ（減速）中,52.54,53.3,70.0,185.5,148.14,37.360000000000014,10.0,1.0,185.5,0.8〜1.0,先行列車接近中、信号速度に整合してブレーキ中 → 高評価,1.0,0.4,先行列車が停止中でCBTC信号に従い速度≒信号速度かつブレーキ中、速度・信号超過なし、ノコギリ運転は合理的理由ありのため最高評価。
822.0,T2,次駅への減速フェーズ（駅手前400m以内）,ブレーキ（減速）中,47.19,47.8,70.0,157.8,120.14,37.66000000000001,12.0,1.0,157.8,0.8〜1.0,先行列車接近中、信号速度に整合してブレーキ中 → 高評価,1.0,0.4,先行列車が停車中でCBTC信号速度以下に減速しているためブレーキは適切で、速度超過や即0ルール違反なし、ノコギリ運転も合理的と判断し高評価とした。
837.0,T2,次駅への減速フェーズ（駅手前400m以内）,ブレーキ（減速）中,7.83,8.4,70.0,43.6,3.74,39.86,27.0,1.0,43.6,0.8〜1.0,先行列車接近中、信号速度に整合してブレーキ中 → 高評価,0.8,0.7,ブレーキはCBTC信号に従い適切だが、停止まで距離が残る中で早期ブレーキを継続しているため省エネ性が低く評価し0.8点とした。
838.0,T2,次駅への減速フェーズ（駅手前400m以内）,ブレーキ（減速）中,5.24,6.0,70.0,41.8,1.78,40.019999999999996,28.0,1.0,41.8,0.8〜1.0,先行列車接近中、信号速度に整合してブレーキ中 → 高評価,1.0,0.7,全ての上位評価項目で制限速度・CBTC遵守・停止位置達成が確認でき、ノコギリ運転もなく省エネ的に適切な減速であるため最高評価とした。
839.0,T2,次駅への減速フェーズ（駅手前400m以内）,ブレーキ（減速）中,2.65,3.8,70.0,40.7,0.54,40.160000000000004,29.0,1.0,40.7,0.8〜1.0,先行列車接近中、信号速度に整合してブレーキ中 → 高評価,1.0,0.7,先行列車との安全距離を確保し、信号速度以下で適切にブレーキを継続しているため、全項目で安全かつ適切と判断し最高評価とした。
846.0,T2,次駅への減速フェーズ（駅手前400m以内）,力行（加速）中,3.06,16.0,70.0,39.9,0.49,39.41,36.0,1.0,54.1,0.8〜1.0,先行列車解放に伴う加速（適切）→ 高評価,1.0,0.7,先行列車が54m先にありCBTC信号16km/hの中、現在速度3.1km/hは信号以下で加速は適切、制限超過やノコギリ運転なしと判断し高評価とした。
848.0,T2,次駅への減速フェーズ（駅手前400m以内）,力行（加速）中,8.73,19.6,70.0,36.6,4.07,32.53,38.0,1.0,61.0,0.8〜1.0,先行列車解放に伴う加速（適切）→ 高評価,0.8,0.7,フェーズ上は加速が許容されるが、required_speedと同等の速度で不要に力行しているため省エネ性が低く評価し、低減点とした。
849.0,T2,次駅への減速フェーズ（駅手前400m以内）,力行（加速）中,11.34,21.1,70.0,33.8,6.89,26.909999999999997,39.0,1.0,64.1,0.8〜1.0,先行列車解放に伴う加速（適切）→ 高評価,1.0,0.7,先行列車が存在しCBTC信号が低速である中、delta_stop>0で加速は信号遵守かつ停止位置は確保できるため、操作は適切と判断した。
852.0,T2,次駅への減速フェーズ（駅手前400m以内）,力行（加速）中,18.39,70.0,70.0,21.3,18.17,3.129999999999999,42.0,1.0,72.7,0.8〜1.0,先行列車解放に伴う加速（適切）→ 高評価,1.0,0.7,先行列車が存在しCBTC信号に従って加速が許容され、速度・制限・停止位置すべて適正で即時ゼロ規則も該当しないため最高評価とした。
1067.0,T2,次駅への減速フェーズ（駅手前400m以内）,力行（加速）中,4.33,18.1,70.0,39.6,0.91,38.690000000000005,51.9,1.0,56.1,0.8〜1.0,先行列車解放に伴う加速（適切）→ 高評価,0.9,0.6,先行列車が前方にありCBTC信号に従い加速は許容されるが、必要速度と同等で不要な加速のためエネルギー評価で減点し0.9とした。
1068.0,T2,次駅への減速フェーズ（駅手前400m以内）,力行（加速）中,6.86,20.1,70.0,38.0,2.27,35.73,52.9,1.0,59.6,0.8〜1.0,先行列車解放に伴う加速（適切）→ 高評価,1.0,0.5,先行列車が先行しCBTC信号速度20.1km/hを遵守、加速は停止位置確保可能と判断し高評価。
1071.0,T2,次駅への減速フェーズ（駅手前400m以内）,力行（加速）中,13.68,24.8,70.0,29.4,9.03,20.369999999999997,55.9,1.0,69.7,0.8〜1.0,先行列車解放に伴う加速（適切）→ 高評価,1.0,0.5,加速は先行列車の速度に合わせた適切な操作で、制限速度・CBTC・停止位置は全て遵守されているため高評価とした。
1073.0,T2,次駅への減速フェーズ（駅手前400m以内）,力行（加速）中,17.66,70.0,70.0,20.6,15.02,5.580000000000002,57.9,1.0,76.0,0.8〜1.0,先行列車解放に伴う加速（適切）→ 高評価,0.8,0.6,必要速度と同等の速度であるにも関わらず加速を続け、エネルギー効率が低下したため評価を減点し0.8とした。
1232.0,T2,次駅への減速フェーズ（駅手前400m以内）,力行（加速）中,60.96,69.9,80.0,288.5,195.72,92.78,34.9,1.0,288.5,0.8〜1.0,先行列車解放に伴う加速（適切）→ 高評価,1.0,0.4,先行列車が停止中でCBTC信号を遵守し、delta_stop>0の加速は許容され、他項目に問題がないため最高評価とした。
1235.0,T2,次駅への減速フェーズ（駅手前400m以内）,ブレーキ（減速）中,61.31,62.3,80.0,237.1,200.01,37.09,37.9,1.0,237.1,0.8〜1.0,先行列車接近中、信号速度に整合してブレーキ中 → 高評価,1.0,0.7,全ての上位評価項目が適合し、制限速度・CBTC遵守・停止位置も適切であるため最高評価とした。
1236.0,T2,次駅への減速フェーズ（駅手前400m以内）,ブレーキ（減速）中,58.6,59.5,80.0,220.5,183.21,37.28999999999999,38.9,1.0,220.5,0.8〜1.0,先行列車接近中、信号速度に整合してブレーキ中 → 高評価,1.0,0.7,先行列車が停車中でCBTC信号に従い速度が信号速度内に収まりブレーキ中であり、他に違反なし。
1239.0,T2,次駅への減速フェーズ（駅手前400m以内）,ブレーキ（減速）中,50.53,51.3,80.0,175.0,137.29,37.71000000000001,41.9,1.0,175.0,0.8〜1.0,先行列車接近中、信号速度に整合してブレーキ中 → 高評価,1.0,0.7,先行列車が近くCBTC信号に従い減速しており、速度は信号速度と一致、即時ゼロルール違反なしで安全に減速しているため高評価。
1241.0,T2,次駅への減速フェーズ（駅手前400m以内）,ブレーキ（減速）中,45.19,45.9,80.0,148.4,110.41,37.99000000000001,43.9,1.0,148.4,0.8〜1.0,先行列車接近中、信号速度に整合してブレーキ中 → 高評価,1.0,0.7,先行列車が存在しCBTC信号に従いブレーキ中で速度が信号速度と一致しているため、減速操作は適切と判断し高評価とした。
1243.0,T2,次駅への減速フェーズ（駅手前400m以内）,ブレーキ（減速）中,39.88,40.5,80.0,124.8,86.48,38.31999999999999,45.9,1.0,124.8,0.8〜1.0,先行列車接近中、信号速度に整合してブレーキ中 → 高評価,1.0,0.7,先行列車がCBTC信号で示す40.5km/hと速度が一致しブレーキ中であるため、減速操作は適切と判断した。
1244.0,T2,次駅への減速フェーズ（駅手前400m以内）,ブレーキ（減速）中,37.23,37.8,80.0,114.1,75.63,38.47,46.9,1.0,114.1,0.8〜1.0,先行列車接近中、信号速度に整合してブレーキ中 → 高評価,1.0,0.7,CBTC信号に従いブレーキ中で速度が信号速度と一致、先行列車が停止しているため減速操作は適切であり、即時ゼロルール違反やノコギリ運転もなく高評価とした。
1245.0,T2,次駅への減速フェーズ（駅手前400m以内）,ブレーキ（減速）中,34.59,35.1,80.0,104.1,65.51,38.58999999999999,47.9,1.0,104.1,0.8〜1.0,先行列車接近中、信号速度に整合してブレーキ中 → 高評価,1.0,0.7,全ての上位評価項目で安全かつ信号遵守が確認され、ノコギリ運転もなく、適切な減速で停止位置も確保できるため最高評価とした。
1268.0,T2,次駅への減速フェーズ（駅手前400m以内）,力行（加速）中,17.29,80.0,80.0,24.0,16.07,7.93,70.9,1.0,70.9,0.8〜1.0,先行列車解放に伴う加速（適切）→ 高評価,0.8,0.6,唯一の減点は必要速度を満たす状態での不要な力行によるエネルギー非効率で、他は全て適正。
