time,train_id,phase,current_notch,holding_time,prev_notch,prev_notch_duration,speed_limit,current_speed,dist_to_next_station,time_to_next_station,req_stop_dist,delay,current_gradient,next_limit_info,next_gradient_info,forward_info,backward_info,reward,reason
137.0,T1,次駅への減速フェーズ（駅手前400m以内）,惰行中,0.2,力行（加速）,32.6,70.0,67.46,393.0,34.2,221.64,0.0,6.1,この先制限速度なし,93m先に上り勾配9.2‰あり,先行列車なし,後続列車なし,0.5,速度は制限内で安全距離も問題なし。減速フェーズで必要ブレーキ距離221mに対し393m残っているが、加速後すぐ惰行に切り替えたためブレーキ開始が遅れ、停止位置精度が低下。現在の惰行は0.2秒で、直前の力行は32.6秒続いたためノコギリ運転とはみなされないが、減速開始が遅くエネルギー無駄がある。定時到着まで34秒余裕があるため、早期ブレーキで省エネが可能だった。
138.0,T1,次駅への減速フェーズ（駅手前400m以内）,惰行中,1.2,力行（加速）,32.6,70.0,67.02,374.3,33.2,218.8,0.0,6.1,この先制限速度なし,74m先に上り勾配9.2‰あり,先行列車なし,後続列車なし,0.9,速度は制限内で安全距離も確保。残距離374mは必要ブレーキ距離218.8mより長く、ブレーキ開始まで約8秒余裕があるため惰行は適切。直前の長時間力行からの切替でノコギリ運転には該当せず、効率・快適性も問題なし。
139.0,T1,次駅への減速フェーズ（駅手前400m以内）,惰行中,2.2,力行（加速）,32.6,70.0,66.57,355.8,32.2,215.98,0.0,6.1,この先制限速度なし,55m先に上り勾配9.2‰あり,先行列車なし,後続列車なし,0.8,速度は制限内で安全距離も確保されています。減速フェーズで距離が必要ブレーキ距離(215.98m)より約140m余裕があるため、現在の惰行は適切です。前後の列車なし、ノコギリ運転もなし。定時余裕がある点で省エネ的にも問題ありません。
140.0,T1,次駅への減速フェーズ（駅手前400m以内）,惰行中,3.2,力行（加速）,32.6,70.0,66.13,337.4,31.2,213.19,0.0,6.1,この先制限速度なし,37m先に上り勾配9.2‰あり,先行列車なし,後続列車なし,0.8,速度は制限内で安全距離も確保。残距離337mは必要ブレーキ距離213mを上回っているため、減速フェーズでの惰行は許容範囲。直前の長時間加速との切替は5秒未満の連続ではなく、ノコギリ運転とみなさず。省エネ・快適性はやや改善余地あり。
141.0,T1,次駅への減速フェーズ（駅手前400m以内）,惰行中,4.2,力行（加速）,32.6,70.0,65.69,319.1,30.2,210.43,0.0,6.1,この先制限速度なし,19m先に上り勾配9.2‰あり,先行列車なし,後続列車なし,0.8,速度は制限内で先行列車もなし。残距離319mは必要ブレーキ距離210mを上回っており、惰行で距離を削りつつ安全に減速開始できる。前方勾配上りで自然減速も期待でき、定時到着に余裕があるため操作は適切。ノコギリ運転は発生していない。
142.0,T1,次駅への減速フェーズ（駅手前400m以内）,惰行中,5.2,力行（加速）,32.6,70.0,65.25,300.9,29.2,207.7,0.0,6.1,この先制限速度なし,0m先に上り勾配9.2‰あり,先行列車なし,後続列車なし,0.8,速度は制限内で安全性は確保されています。残距離300.9mは必要ブレーキ距離207.7mより長く、5.2秒の惰行で約94m走行し、残り約207mでブレーキ開始できるため、エネルギー効率も良好です。直前の長時間加速と比べてノコギリ運転は発生せず、定時到着にも余裕があります。したがって現在の惰行は適切です。
143.0,T1,次駅への減速フェーズ（駅手前400m以内）,惰行中,6.2,力行（加速）,32.6,70.0,64.71,282.8,28.2,197.12,0.0,9.2,この先制限速度なし,1082m先に下り勾配15.0‰あり,先行列車なし,後続列車なし,0.8,速度は制限内で安全距離も確保。前走行は長時間の力行だが、現在は減速フェーズで適切に惰行へ切り替え、ブレーキ開始はまだ余裕あり。ノコギリ運転なし。エネルギー効率はやや改善余地あり。
144.0,T1,次駅への減速フェーズ（駅手前400m以内）,惰行中,7.2,力行（加速）,32.6,70.0,64.17,264.9,27.2,193.9,0.0,9.2,この先制限速度なし,1064m先に下り勾配15.0‰あり,先行列車なし,後続列車なし,0.8,速度は制限内で先行列車もなし。残距離264.9mは必要ブレーキ距離193.9mより長く、まだブレーキ開始のタイミング前なので惰行は許容範囲。直前の長時間力行からの切替でノコギリ運転は発生せず、エネルギー効率も良好。安全・快適性は保たれているが、早めの減速が可能な点で若干の改善余地あり。
145.0,T1,次駅への減速フェーズ（駅手前400m以内）,惰行中,8.2,力行（加速）,32.6,70.0,63.63,247.2,26.2,190.72,0.0,9.2,この先制限速度なし,1047m先に下り勾配15.0‰あり,先行列車なし,後続列車なし,0.8,制限速度内で安全距離も確保され、残距離247.2mは必要ブレーキ距離190.72mを上回っているため惰行は許容範囲。前後列車なしでノコギリ運転もなし。定時余裕があり省エネ的にも適切だが、早めのブレーキ開始が可能な点で若干改善余地。
146.0,T1,次駅への減速フェーズ（駅手前400m以内）,惰行中,9.2,力行（加速）,32.6,70.0,63.09,229.6,25.2,187.57,0.0,9.2,この先制限速度なし,1029m先に下り勾配15.0‰あり,先行列車なし,後続列車なし,0.8,速度は制限内で安全距離も確保。残距離229.6mは必要ブレーキ距離187.6mを上回り、余裕があるため惰行はエネルギー節約に適切。ノコギリ運転はなし。定時余裕もあり評価は高いが、減速開始がやや遅れた点で満点ではない。
147.0,T1,次駅への減速フェーズ（駅手前400m以内）,惰行中,10.2,力行（加速）,32.6,70.0,62.55,212.1,24.2,184.46,0.0,9.2,この先制限速度なし,1012m先に下り勾配15.0‰あり,先行列車なし,後続列車なし,0.8,速度は制限内で安全距離も確保。残距離212.1mは必要ブレーキ距離184.46mを上回っており、惰行で余裕を持ちつつエネルギー節約が可能。ノコギリ運転は発生せず、定時到着にも支障なし。したがって現在の惰行は適切だが、直前の加速は無駄だった点で若干減点。
148.0,T1,次駅への減速フェーズ（駅手前400m以内）,惰行中,11.2,力行（加速）,32.6,70.0,62.01,194.8,23.2,181.39,0.0,9.2,この先制限速度なし,994m先に下り勾配15.0‰あり,先行列車なし,後続列車なし,0.7,速度は制限内で衝突リスクなし。残距離194.8mは必要ブレーキ距離181.4mを上回り余裕があるが、惰行を長時間続けると残距離が僅かになり最終ブレーキが急になる恐れがある。勾配9.2‰の上りで自然減速は期待できるが、定時到着まで23.2秒の余裕があるため、早めにブレーキに移行すれば省エネかつ正確な停止が可能である。安全は保たれるが停止精度と効率の観点で改善余地あり。
149.0,T1,次駅への減速フェーズ（駅手前400m以内）,ブレーキ（減速）中,0.5,惰行,11.6,70.0,59.98,177.8,22.2,171.34,0.0,9.2,この先制限速度なし,977m先に下り勾配15.0‰あり,先行列車なし,後続列車なし,0.9,制限速度内で先行列車なし。残距離177.8mは必要ブレーキ距離171.34mを上回り、減速フェーズでブレーキ開始は適切。直前は惰行11.6秒でノコギリ運転なし。定時到着まで22.2秒の余裕があり、上り勾配9.2‰でも安全に停止できる。ブレーキ継続時間が短くても必要距離を確保でき、停止位置誤差は±1m以内と想定できる。
150.0,T1,次駅への減速フェーズ（駅手前400m以内）,ブレーキ（減速）中,1.5,惰行,11.6,70.0,56.95,161.6,21.2,154.94,0.0,9.2,この先制限速度なし,961m先に下り勾配15.0‰あり,先行列車なし,後続列車なし,0.9,制限速度内で先行列車なし。残距離161.6mは必要ブレーキ距離154.94mを上回り、減速フェーズでブレーキを開始したのは適切。前回は惰行11.6秒で安全距離確保済み。ノコギリ運転は発生せず、エネルギー無駄も少なく定時到着も確保できるため高評価。
151.0,T1,次駅への減速フェーズ（駅手前400m以内）,ブレーキ（減速）中,2.5,惰行,11.6,70.0,53.94,146.2,20.2,139.37,0.0,9.2,この先制限速度なし,946m先に下り勾配15.0‰あり,先行列車なし,後続列車なし,0.8,制限速度内で先行列車なし。残距離146.2mは必要ブレーキ距離139.37mを上回っており、減速フェーズでのブレーキは適切。前回は惰行11.6秒でノコギリ運転なし。定時余裕はあるが、現在のブレーキ開始は安全・停車位置精度を確保できるため問題なし。
152.0,T1,次駅への減速フェーズ（駅手前400m以内）,ブレーキ（減速）中,3.5,惰行,11.6,70.0,50.93,131.6,19.2,124.63,0.0,9.2,この先制限速度なし,931m先に下り勾配15.0‰あり,先行列車なし,後続列車なし,0.9,制限速度70km/hを下回る50.9km/hで走行し、残距離131.6mは必要ブレーキ距離124.63mを僅か上回っているため、現在のブレーキ（3.5秒）は適切。前回の惰行は11.6秒と十分長く、ノコギリ運転は発生していない。先行列車なしで衝突リスクはゼロ。勾配9.2‰の上りがブレーキ効果を補助し、エネルギー回収の余地はあるが過剰な加速は行っていない。安全・停車位置・効率ともに妥当。
153.0,T1,次駅への減速フェーズ（駅手前400m以内）,ブレーキ（減速）中,4.5,惰行,11.6,70.0,47.94,117.9,18.2,110.73,0.0,9.2,この先制限速度なし,917m先に下り勾配15.0‰あり,先行列車なし,後続列車なし,0.8,速度は制限内で先行列車なし。距離117.9mは必要ブレーキ距離110.73mを上回り、減速フェーズでブレーキをかけているため安全は確保。若干早めのブレーキで省エネはやや低下するが、停止位置は適正。ノコギリ運転なし。
154.0,T1,次駅への減速フェーズ（駅手前400m以内）,ブレーキ（減速）中,5.5,惰行,11.6,70.0,44.95,105.0,17.2,97.67,0.0,9.2,この先制限速度なし,904m先に下り勾配15.0‰あり,先行列車なし,後続列車なし,0.8,制限速度内で先行列車なし。残距離105mは必要ブレーキ距離97.67mを上回り、ブレーキ開始はやや早いが安全に停止できる。定時到着まで17.2秒の余裕があり、惰行に切り替える余地は僅かだが、現在のブレーキは適切であり、ノコギリ運転もなし。安全性・快適性は良好で、エネルギー面で若干の余裕はあるが許容範囲。
155.0,T1,次駅への減速フェーズ（駅手前400m以内）,ブレーキ（減速）中,6.5,惰行,11.6,70.0,41.97,92.9,16.2,85.43,0.0,9.2,この先制限速度なし,892m先に下り勾配15.0‰あり,先行列車なし,後続列車なし,0.9,制限速度内で先行列車なし。残距離92.9mは必要ブレーキ距離85.43mを上回り、減速フェーズでブレーキ6.5秒は適切。ノコギリ運転は発生せず、定時余裕があるため省エネかつ安全に減速している。
156.0,T1,次駅への減速フェーズ（駅手前400m以内）,ブレーキ（減速）中,7.5,惰行,11.6,70.0,39.0,81.6,15.2,74.02,0.0,9.2,この先制限速度なし,881m先に下り勾配15.0‰あり,先行列車なし,後続列車なし,0.7,速度は制限内で安全性は確保されていますが、残距離81.6mに対し必要ブレーキ距離74.02mより早くブレーキを開始し、駅手前約7mで停止するリスクがあります。惰行で減速点を遅らせる方が省エネ・快適性が向上します。ノコギリ運転はなし。
157.0,T1,次駅への減速フェーズ（駅手前400m以内）,ブレーキ（減速）中,8.5,惰行,11.6,70.0,36.04,71.2,14.2,63.43,0.0,9.2,この先制限速度なし,871m先に下り勾配15.0‰あり,先行列車なし,後続列車なし,0.9,制限速度内で先行列車なし。残距離71.2mは必要ブレーキ距離63.43mを上回り、ブレーキ開始は適切。操作継続時間は5秒超でノコギリ運転なし。現在速度36km/h、定時到着まで14.2秒の余裕があり、勾配9.2‰の上りでも安全に停止できる。エネルギー面で若干早めの減速だが、停車位置は良好。
158.0,T1,次駅への減速フェーズ（駅手前400m以内）,ブレーキ（減速）中,9.5,惰行,11.6,70.0,33.08,61.6,13.2,53.67,0.0,9.2,この先制限速度なし,861m先に下り勾配15.0‰あり,先行列車なし,後続列車なし,0.8,速度は制限70km/h以内で先行列車なし。残距離61.6mは必要ブレーキ距離53.67mを上回り、現在のブレーキは安全に停止できる。直前は惰行で継続時間が長く、ノコギリ運転は発生していない。エネルギー効率は若干改善余地があるが、安全性・快適性は良好。
159.0,T1,次駅への減速フェーズ（駅手前400m以内）,ブレーキ（減速）中,10.5,惰行,11.6,70.0,30.13,52.8,12.2,44.72,0.0,9.2,この先制限速度なし,852m先に下り勾配15.0‰あり,先行列車なし,後続列車なし,0.8,速度は制限内で先行列車なし。残距離52.8mは必要ブレーキ距離44.72mを上回っているため、減速開始は適切だがやや早めで駅手前約8mで停止リスクがある。ノコギリ運転はなし。安全は確保され、効率も概ね良好。
160.0,T1,次駅への減速フェーズ（駅手前400m以内）,ブレーキ（減速）中,11.5,惰行,11.6,70.0,27.19,44.9,11.2,36.6,0.0,9.2,この先制限速度なし,844m先に下り勾配15.0‰あり,先行列車なし,後続列車なし,0.7,速度は制限内で安全距離も確保。減速フェーズでブレーキは適切だが、残距離44.9 mに対し必要ブレーキ距離36.6 mより早くブレーキ開始しており、駅手前で停車位置が約8 m手前になる可能性がある。エネルギー効率はやや低下し、快適性は良好。
161.0,T1,次駅への減速フェーズ（駅手前400m以内）,ブレーキ（減速）中,12.5,惰行,11.6,70.0,24.25,37.7,10.2,29.29,0.0,9.2,この先制限速度なし,837m先に下り勾配15.0‰あり,先行列車なし,後続列車なし,0.8,制限速度内で先行列車なし。残距離37.7mは必要ブレーキ距離29.29mを上回り安全に減速できている。現在ブレーキは適切だが、余裕があるため惰行での省エネ余地が残り、最適とは言えない。快適性・安全性は確保されている。
162.0,T1,次駅への減速フェーズ（駅手前400m以内）,ブレーキ（減速）中,13.5,惰行,11.6,70.0,21.31,31.4,9.2,22.8,0.0,9.2,この先制限速度なし,831m先に下り勾配15.0‰あり,先行列車なし,後続列車なし,0.8,制限速度内で先行列車なし。残距離31.4mは必要ブレーキ距離22.8mを上回り、減速フェーズでブレーキを継続中は安全で適切。ブレーキ開始がやや早く省エネは若干低下するが、快適性・安全性に問題なし。ブレーキ継続時間13.5秒は十分で、直前の惰行との切り替えは5秒未満でないためノコギリ運転なし。定時到着余裕もあり評価は高め。
163.0,T1,次駅への減速フェーズ（駅手前400m以内）,ブレーキ（減速）中,14.5,惰行,11.6,70.0,18.39,25.9,8.2,17.13,0.0,9.2,この先制限速度なし,825m先に下り勾配15.0‰あり,先行列車なし,後続列車なし,0.8,制限速度内で先行列車なし。残距離25.9mは必要ブレーキ距離17.13mを上回り、減速フェーズでブレーキ中は適切。ノコギリ運転なし。定時到着に余裕があり、エネルギー面でも過度な加速は無いが、やや早めのブレーキのため若干減点。
164.0,T1,次駅への減速フェーズ（駅手前400m以内）,ブレーキ（減速）中,15.5,惰行,11.6,70.0,15.46,21.2,7.2,12.26,0.0,9.2,この先制限速度なし,821m先に下り勾配15.0‰あり,先行列車なし,後続列車なし,0.7,制限速度内で安全は保たれていますが、残距離21.2 mは必要ブレーキ距離12.26 mを上回っており、現在のブレーキは駅手前約9 mで停止するリスクがあります。余裕時間7.2 秒と惰行が続いたことから、もう少し遅れてブレーキすべきで、エネルギー効率と定時性が低下しています。
165.0,T1,次駅への減速フェーズ（駅手前400m以内）,ブレーキ（減速）中,16.5,惰行,11.6,70.0,12.54,17.3,6.2,8.21,0.0,9.2,この先制限速度なし,817m先に下り勾配15.0‰あり,先行列車なし,後続列車なし,0.9,制限速度内で先行列車なし。残距離17.3 mは必要ブレーキ距離8.21 mを上回り、減速フェーズでブレーキは適切。ブレーキ継続時間は5 秒超でノコギリ運転なし。定時到着余裕もあり安全・快適に停止できると判断し、評価は高い。
166.0,T1,次駅への減速フェーズ（駅手前400m以内）,ブレーキ（減速）中,17.5,惰行,11.6,70.0,9.63,14.2,5.2,4.97,0.0,9.2,この先制限速度なし,814m先に下り勾配15.0‰あり,先行列車なし,後続列車なし,0.9,制限速度を大幅に下回り安全です。前方列車なしで、残距離14.2mに対し必要ブレーキ距離4.97mを考慮すれば減速ブレーキは適切。時間的余裕もあり、停止位置誤差は小さい。ノコギリ運転やエネルギー無駄は見られず、全体的に良好な操作です。
167.0,T1,次駅への減速フェーズ（駅手前400m以内）,ブレーキ（減速）中,18.5,惰行,11.6,70.0,6.72,11.9,4.2,2.54,0.0,9.2,この先制限速度なし,811m先に下り勾配15.0‰あり,先行列車なし,後続列車なし,0.3,制限速度超過はなく安全距離も問題なし。残距離11.9 mに対し必要ブレーキ距離2.54 mで、まだ遠くにあるのにブレーキを継続しているため駅手前で過早停止するリスクが高い。減速フェーズでは惰行に切り替えて距離を利用すべきで、現在の操作は非効率かつ快適性を損なう。ノコギリ運転はなし。
168.0,T1,次駅への減速フェーズ（駅手前400m以内）,ブレーキ（減速）中,19.5,惰行,11.6,70.0,3.81,10.5,3.2,0.92,0.0,9.2,この先制限速度なし,810m先に下り勾配15.0‰あり,先行列車なし,後続列車なし,0.5,制限速度超過なし、前方列車なし。現在速度3.8km/hで必要停止距離0.92mに対し残距離10.5mと大きく離れているのにブレーキを継続しているため、駅手前で過早に停止するリスクがある。安全は保たれるが効率・快適性が低く不適切と判断する。
169.0,T1,次駅への減速フェーズ（駅手前400m以内）,ブレーキ（減速）中,20.5,惰行,11.6,70.0,0.9,9.8,2.2,0.1,0.0,9.2,この先制限速度なし,809m先に下り勾配15.0‰あり,先行列車なし,後続列車なし,0.4,制限速度超過はなく、前方列車もいませんが、残距離9.8mに対しブレーキを継続しているため駅手前で過早停止するリスクがあります。要求停止距離0.10mを大きく上回っている点で減速操作は不適切で、エネルギー無駄と再加速の必要が生じます。安全は保たれていますが、効率・快適性が低く評価は0.4とします。
169.4,T1,駅停車完了（速度0km/h）,停止・その他,0.0,ブレーキ（減速）,20.8,70.0,0.0,9.8,1.8,0.0,0.0,9.2,この先制限速度なし,809m先に下り勾配15.0‰あり,先行列車なし,後続列車なし,0.2,制限速度超過はなく、先行列車もなし。駅停車完了フェーズで「停止・その他」の操作は適切だが、理想停止位置から9.8m離れており±1m以内の精度を大きく下回る。安全上の問題はないが、乗客の快適性と正確な停車要求に対し大幅な減点対象となる。ノコギリ運転や遅延もなく、総合評価は低めとなる。
314.0,T1,次駅への減速フェーズ（駅手前400m以内）,惰行中,41.9,ブレーキ（減速）,2.7,70.0,59.38,391.0,36.1,186.45,0.0,0.0,この先制限速度なし,878m先に下り勾配6.7‰あり,先行列車なし,後続列車なし,0.8,制限速度内で先行列車なし。残距離391mは必要ブレーキ距離186mを上回り、減速開始はまだ早く、惰行は安全かつ省エネ。ノコギリ運転なし。定時余裕もあり適切。
315.0,T1,次駅への減速フェーズ（駅手前400m以内）,惰行中,42.9,ブレーキ（減速）,2.7,70.0,59.18,374.5,35.1,185.19,0.0,0.0,この先制限速度なし,862m先に下り勾配6.7‰あり,先行列車なし,後続列車なし,0.9,速度は制限内で先行列車なし。残距離374.5 mは必要ブレーキ距離185.19 mを上回り、惰行は安全。直前のブレーキは2.7 秒で短く、ノコギリ運転は発生せず。定時余裕があるため省エネ的に適切。
316.0,T1,次駅への減速フェーズ（駅手前400m以内）,惰行中,43.9,ブレーキ（減速）,2.7,70.0,58.97,358.1,34.1,183.94,0.0,0.0,この先制限速度なし,846m先に下り勾配6.7‰あり,先行列車なし,後続列車なし,0.8,速度は制限内で先行列車もなし。残距離358 mは必要ブレーキ距離184 mを上回っており、惰行で安全に減速開始点を確保できている。操作時間が長くても安全・省エネで適切と判断し、減点はなし。
317.0,T1,次駅への減速フェーズ（駅手前400m以内）,惰行中,44.9,ブレーキ（減速）,2.7,70.0,58.77,341.7,33.1,182.7,0.0,0.0,この先制限速度なし,829m先に下り勾配6.7‰あり,先行列車なし,後続列車なし,0.7,速度は制限内で先行列車もなし。残距離341.7mは必要ブレーキ距離182.7mより長く、現在の惰行はエネルギー節約として許容できるが、減速フェーズでのブレーキ開始が遅れ気味で、駅到着の正確性にリスクが残る。ノコギリ運転はなし。
318.0,T1,次駅への減速フェーズ（駅手前400m以内）,惰行中,45.9,ブレーキ（減速）,2.7,70.0,58.57,325.5,32.1,181.47,0.0,0.0,この先制限速度なし,813m先に下り勾配6.7‰あり,先行列車なし,後続列車なし,0.0,速度は制限内で先行列車もなし。残距離325.5mは必要ブレーキ距離181.5mより長く、減速フェーズで惰行を続けると駅手前で速度が減少せず、オーバーランがほぼ確実です。安全確保のためは即時ブレーキが必要で、現在の操作は不適切です。
319.0,T1,次駅への減速フェーズ（駅手前400m以内）,惰行中,46.9,ブレーキ（減速）,2.7,70.0,58.36,309.2,31.1,180.24,0.0,0.0,この先制限速度なし,797m先に下り勾配6.7‰あり,先行列車なし,後続列車なし,0.3,制限速度内で先行列車なしですが、減速フェーズで惰行を46.9秒続けており、必要ブレーキ距離180.24mに対し残距離309.2mのまま停止準備が遅れ、駅オーバーランリスクが高まります。安全は保たれていますが、適切な減速操作ではなく効率・快適性が低下しています。
320.0,T1,次駅への減速フェーズ（駅手前400m以内）,惰行中,47.9,ブレーキ（減速）,2.7,70.0,58.16,293.0,30.1,179.02,0.0,0.0,この先制限速度なし,781m先に下り勾配6.7‰あり,先行列車なし,後続列車なし,0.3,速度は制限内で先行列車もなし。残距離293mは必要ブレーキ距離179mを上回っているが、減速フェーズで惰行を続けているためブレーキ開始が遅れ、駅到達の安全余裕が減少し省エネ性も低下している。ノコギリ運転はなし。
321.0,T1,次駅への減速フェーズ（駅手前400m以内）,惰行中,48.9,ブレーキ（減速）,2.7,70.0,57.96,276.9,29.1,177.82,0.0,0.0,この先制限速度なし,764m先に下り勾配6.7‰あり,先行列車なし,後続列車なし,0.6,速度は制限内で衝突リスクはなし。残距離276.9mは必要ブレーキ距離177.8mより長く、ブレーキ開始が遅れたため減速フェーズでの惰行はやや遅すぎる。定時到着に余裕はあるが、現在の速度58km/hでそのまま惰行を続けるとエネルギー無駄と駅到達時の速度調整が必要になる。安全は保たれるが効率と快適性に改善余地あり。
322.0,T1,次駅への減速フェーズ（駅手前400m以内）,惰行中,49.9,ブレーキ（減速）,2.7,70.0,57.76,260.8,28.1,176.61,0.0,0.0,この先制限速度なし,748m先に下り勾配6.7‰あり,先行列車なし,後続列車なし,0.3,速度は制限内で先行列車もなしですが、減速フェーズでの惰行継続が約50秒と長過ぎます。必要ブレーキ距離176 mに対し残距離260 mなので、数秒の惰行で済むはずです。遅延リスクと駅オーバーランの危険が高く、効率・快適性が著しく低下しています。
323.0,T1,次駅への減速フェーズ（駅手前400m以内）,惰行中,50.9,ブレーキ（減速）,2.7,70.0,57.56,244.8,27.1,175.42,0.0,0.0,この先制限速度なし,732m先に下り勾配6.7‰あり,先行列車なし,後続列車なし,0.5,速度は制限内で衝突リスクはなし。残距離244.8mは必要ブレーキ距離175.42mを上回っているが、減速フェーズで惰行を50.9秒継続しているためブレーキ開始が遅れ、過走リスクが高まる。定時到着まで27.1秒の余裕があるので、早めにブレーキに切り替えるべきで、現在の操作は安全は保たれるものの停車位置精度とエネルギー効率の観点で不適切と判断する。
324.0,T1,次駅への減速フェーズ（駅手前400m以内）,惰行中,51.9,ブレーキ（減速）,2.7,70.0,57.36,228.8,26.1,174.24,0.0,0.0,この先制限速度なし,716m先に下り勾配6.7‰あり,先行列車なし,後続列車なし,0.0,エラー発生: Request timed out.
325.0,T1,次駅への減速フェーズ（駅手前400m以内）,惰行中,52.9,ブレーキ（減速）,2.7,70.0,57.16,212.9,25.1,173.06,0.0,0.0,この先制限速度なし,700m先に下り勾配6.7‰あり,先行列車なし,後続列車なし,0.7,制限速度内で先行列車なし。残距離212.9mは必要ブレーキ距離173.06mより約40m余裕があるが、減速フェーズで惰行を続けているためブレーキ開始が遅れ、定時停車と安全停止の余裕が減少している。安全性は保たれるが効率・快適性が低下。ノコギリ運転はなし。
326.0,T1,次駅への減速フェーズ（駅手前400m以内）,惰行中,53.9,ブレーキ（減速）,2.7,70.0,56.96,197.1,24.1,171.89,0.0,0.0,この先制限速度なし,685m先に下り勾配6.7‰あり,先行列車なし,後続列車なし,0.6,速度は制限内で安全距離も確保されていますが、減速フェーズで惰行を続けている点が問題です。残距離197 mは必要ブレーキ距離171.9 mを上回っているため、すぐにブレーキに切り替えるべきで、長時間の惰行はオーバーランリスクとエネルギー無駄につながります。安全性は保たれるものの効率・快適性が低下しています。
327.0,T1,次駅への減速フェーズ（駅手前400m以内）,ブレーキ（減速）中,0.1,惰行,54.7,70.0,56.26,181.3,23.1,169.26,0.0,0.0,この先制限速度なし,669m先に下り勾配6.7‰あり,先行列車なし,後続列車なし,0.8,制限速度内で先行列車なし。残距離181.3mは必要ブレーキ距離169.26mを上回っており、減速フェーズでブレーキ開始は適切。直前は長時間惰行で、ノコギリ運転はなし。ブレーキ開始がやや早くエネルギー効率は若干低下するが安全性は確保されている。
328.0,T1,次駅への減速フェーズ（駅手前400m以内）,ブレーキ（減速）中,1.1,惰行,54.7,70.0,53.57,166.1,22.1,153.85,0.0,0.0,この先制限速度なし,654m先に下り勾配6.7‰あり,先行列車なし,後続列車なし,0.8,制限速度70km/hを下回る53.6km/hで走行し、残距離166.1mは必要ブレーキ距離153.85mを上回っているため、現在のブレーキ（1.1秒）は適切な減速開始と判断できる。前方列車なしで安全距離リスクは不存在。直前は54.7秒の惰行で、急激なノコギリ運転は発生していない。定時到着まで22.1秒の余裕があるため、ブレーキ開始はやや早めでエネルギー効率に改善余地があるが、安全性・快適性は確保されている。
329.0,T1,次駅への減速フェーズ（駅手前400m以内）,ブレーキ（減速）中,2.1,惰行,54.7,70.0,50.89,151.5,21.1,139.2,0.0,0.0,この先制限速度なし,639m先に下り勾配6.7‰あり,先行列車なし,後続列車なし,0.8,制限速度内で先行列車なし。残距離151.5mは必要ブレーキ距離139.2mを上回っており、減速フェーズでブレーキをかけるのは安全かつ適切。直前の惰行は長時間続いているためノコギリ運転はなし。若干ブレーキ開始が早めでエネルギー効率はやや低いが、停止位置精度は確保できる。
330.0,T1,次駅への減速フェーズ（駅手前400m以内）,ブレーキ（減速）中,3.1,惰行,54.7,70.0,48.21,137.8,20.1,125.28,0.0,0.0,この先制限速度なし,625m先に下り勾配6.7‰あり,先行列車なし,後続列車なし,0.8,制限速度内で先行列車なし。残距離137.8mは必要ブレーキ距離125.28mを上回っており、現在のブレーキは安全に駅止まりできる適切なタイミングです。直前は長時間惰行で、現在の操作は5秒未満ですが直前が5秒超えているためノコギリ運転には該当せず、快適性・安全性は確保されています。エネルギー面で若干の惰行余地はあるものの、停止精度を優先すべき減速フェーズとしては適切です。
331.0,T1,次駅への減速フェーズ（駅手前400m以内）,ブレーキ（減速）中,4.1,惰行,54.7,70.0,45.55,124.8,19.1,112.11,0.0,0.0,この先制限速度なし,612m先に下り勾配6.7‰あり,先行列車なし,後続列車なし,0.9,制限速度内で先行列車なし。残距離124.8mは必要ブレーキ距離112.1mを上回っており、減速フェーズでブレーキをかけている操作は安全かつ適切。前回は長時間惰行で、ノコギリ運転は発生せず、定時到着余裕も確保できるため評価は高い。
332.0,T1,次駅への減速フェーズ（駅手前400m以内）,ブレーキ（減速）中,5.1,惰行,54.7,70.0,42.89,112.5,18.1,99.68,0.0,0.0,この先制限速度なし,600m先に下り勾配6.7‰あり,先行列車なし,後続列車なし,0.8,速度は制限内で先行列車もなし。残距離112.5mは必要ブレーキ距離99.68mを上回っており、減速フェーズでのブレーキ開始は安全。ノコギリ運転は発生せず。定時到着に余裕があるため、もう少し惰行でエネルギー節約できた点がやや減点要因。
333.0,T1,次駅への減速フェーズ（駅手前400m以内）,ブレーキ（減速）中,6.1,惰行,54.7,70.0,40.23,100.9,17.1,87.99,0.0,0.0,この先制限速度なし,588m先に下り勾配6.7‰あり,先行列車なし,後続列車なし,0.8,制限速度内で安全に減速中。残距離100.9mは必要ブレーキ距離87.99mを上回っており、ブレーキは適切。前回は長時間の惰行で、ノコギリ運転はなし。定時余裕はあるがエネルギー効率は若干低下。全体として安全・適切だが省エネ面で改善余地あり。
334.0,T1,次駅への減速フェーズ（駅手前400m以内）,ブレーキ（減速）中,7.1,惰行,54.7,70.0,37.59,90.1,16.1,77.04,0.0,0.0,この先制限速度なし,578m先に下り勾配6.7‰あり,先行列車なし,後続列車なし,0.9,制限速度内で先行列車なし。残距離90.1mは必要ブレーキ距離77.04mを上回り、ブレーキ操作は駅停車に適切。継続時間5秒超でノコギリ運転なし。定時余裕もあり安全・効率ともに良好。
335.0,T1,次駅への減速フェーズ（駅手前400m以内）,ブレーキ（減速）中,8.1,惰行,54.7,70.0,34.95,80.1,15.1,66.82,0.0,0.0,この先制限速度なし,568m先に下り勾配6.7‰あり,先行列車なし,後続列車なし,0.8,制限速度内で先行列車なし。残距離80.1mは必要ブレーキ距離66.82mを上回っており、ブレーキ開始は安全。エネルギー面で惰行活用の余地はあるが、減速操作自体は適切。
336.0,T1,次駅への減速フェーズ（駅手前400m以内）,ブレーキ（減速）中,9.1,惰行,54.7,70.0,32.31,70.7,14.1,57.33,0.0,0.0,この先制限速度なし,558m先に下り勾配6.7‰あり,先行列車なし,後続列車なし,0.8,制限速度内で先行列車なし。残距離70.7mは必要ブレーキ距離57.33mを上回っているが、減速フェーズでブレーキをかけているため早すぎる停止リスクは小さい。ノコギリ運転はなく、エネルギー効率はやや改善余地あり。全体として安全かつ適切な操作と判断できる。
337.0,T1,次駅への減速フェーズ（駅手前400m以内）,ブレーキ（減速）中,10.1,惰行,54.7,70.0,29.68,62.1,13.1,48.57,0.0,0.0,この先制限速度なし,550m先に下り勾配6.7‰あり,先行列車なし,後続列車なし,0.9,制限速度内で先行列車なし。残距離62.1mは必要ブレーキ距離48.57mを上回っており、減速フェーズでのブレーキは適切。ブレーキ継続10.1秒は十分で、ノコギリ運転もなし。定時到着余裕があり省エネ・安全性ともに良好。
338.0,T1,次駅への減速フェーズ（駅手前400m以内）,ブレーキ（減速）中,11.1,惰行,54.7,70.0,27.06,54.2,12.1,40.55,0.0,0.0,この先制限速度なし,542m先に下り勾配6.7‰あり,先行列車なし,後続列車なし,0.7,速度は制限内で衝突リスクなし。残距離54.2 mに対し必要ブレーキ距離40.55 mより早くブレーキを開始しているため、駅手前で過剰減速し停車位置が手前になるリスクがある。エネルギー効率はやや低下するが安全性は確保。ノコギリ運転はなし。
339.0,T1,次駅への減速フェーズ（駅手前400m以内）,ブレーキ（減速）中,12.1,惰行,54.7,70.0,24.44,47.1,11.1,33.25,0.0,0.0,この先制限速度なし,535m先に下り勾配6.7‰あり,先行列車なし,後続列車なし,0.6,速度は制限内で衝突リスクはなし。距離47.1mは必要ブレーキ距離33.25mを上回っているため、早すぎるブレーキは駅手前での短停止リスクとエネルギー無駄を招く。減速は適切だが、惰行での調整が望ましい。ノコギリ運転はなし。総合的にやや不適切。
340.0,T1,次駅への減速フェーズ（駅手前400m以内）,ブレーキ（減速）中,13.1,惰行,54.7,70.0,21.83,40.6,10.1,26.68,0.0,0.0,この先制限速度なし,528m先に下り勾配6.7‰あり,先行列車なし,後続列車なし,0.9,制限速度内で先行列車なし。残距離40.6 mは必要ブレーキ距離26.68 mを上回っており、減速フェーズでブレーキを継続しているため安全に駅止まりできる。操作継続時間が5 秒未満でもなく、ノコギリ運転もなし。エネルギー面で惰行活用の余地はあるが、安全性・定時性は確保されている。
341.0,T1,次駅への減速フェーズ（駅手前400m以内）,ブレーキ（減速）中,14.1,惰行,54.7,70.0,19.22,34.9,9.1,20.83,0.0,0.0,この先制限速度なし,522m先に下り勾配6.7‰あり,先行列車なし,後続列車なし,0.7,制限速度内で安全は保たれ、先行列車もなし。駅手前400mで必要ブレーキ距離20.8mに対し34.9mの位置からブレーキ開始はやや早く、エネルギー無駄が生じる。停止位置は確保できるが効率性と快適性が低下。
342.0,T1,次駅への減速フェーズ（駅手前400m以内）,ブレーキ（減速）中,15.1,惰行,54.7,70.0,16.62,30.0,8.1,15.71,0.0,0.0,この先制限速度なし,517m先に下り勾配6.7‰あり,先行列車なし,後続列車なし,0.6,制限速度内で先行列車なし。残距離30 mは必要ブレーキ距離15.71 mを上回っているため、現在のブレーキは駅手前で過早に停止するリスクがある。ブレーキ継続15.1 秒は安全だが、減速開始が早すぎて約14 m手前で止まる可能性が高く、定時到着余裕8.1 秒を考慮すれば惰行での調整が望ましい。安全は保たれるが位置精度と省エネの観点で改善余地あり。
343.0,T1,次駅への減速フェーズ（駅手前400m以内）,ブレーキ（減速）中,16.1,惰行,54.7,70.0,14.01,25.7,7.1,11.31,0.0,0.0,この先制限速度なし,513m先に下り勾配6.7‰あり,先行列車なし,後続列車なし,0.7,速度は制限内で衝突リスクはなし。残距離25.7 mに対し必要ブレーキ距離11.3 mで、早すぎるブレーキにより駅手前で停止するリスクがある。惰行で余裕走行後にブレーキすべきで、エネルギー効率は低下。安全は確保されているが操作はやや不適切。
344.0,T1,次駅への減速フェーズ（駅手前400m以内）,ブレーキ（減速）中,17.1,惰行,54.7,70.0,11.42,22.2,6.1,7.63,0.0,0.0,この先制限速度なし,510m先に下り勾配6.7‰あり,先行列車なし,後続列車なし,0.8,制限速度内で先行列車なし。残距離22.2 mに対し必要ブレーキ距離7.63 mで、ブレーキは適切。ブレーキ開始がやや早くエネルギー効率はやや低下。ノコギリ運転なし。安全は確保。
345.0,T1,次駅への減速フェーズ（駅手前400m以内）,ブレーキ（減速）中,18.1,惰行,54.7,70.0,8.82,19.4,5.1,4.68,0.0,0.0,この先制限速度なし,507m先に下り勾配6.7‰あり,先行列車なし,後続列車なし,0.7,制限速度内で衝突リスクは無いが、次駅まで19.4 mと必要ブレーキ距離4.68 mに対し、減速フェーズで既にブレーキを掛けているため停車位置が手前になる恐れがある。省エネの惰行活用が不足し、快適性が低下している。安全は確保されているが操作は最適ではない。
346.0,T1,次駅への減速フェーズ（駅手前400m以内）,ブレーキ（減速）中,19.1,惰行,54.7,70.0,6.23,17.3,4.1,2.44,0.0,0.0,この先制限速度なし,505m先に下り勾配6.7‰あり,先行列車なし,後続列車なし,0.7,制限速度は守られており衝突リスクもなし。減速フェーズで必要ブレーキ距離2.44mに対し残距離17.3mと大きく余裕があるのにブレーキを継続しているため、駅手前で過度に減速しエネルギー効率が低下している。安全性は確保されているが、早すぎるブレーキは改善点。
347.0,T1,次駅への減速フェーズ（駅手前400m以内）,ブレーキ（減速）中,20.1,惰行,54.7,70.0,3.65,15.9,3.1,0.93,0.0,0.0,この先制限速度なし,503m先に下り勾配6.7‰あり,先行列車なし,後続列車なし,0.5,制限速度超過はなく前方列車もいないため安全は確保されていますが、次駅まで残距離15.9 mに対し必要ブレーキ距離は0.93 mです。現在のブレーキは開始が早すぎ、駅手前での減速タイミングとしては不適切で、エネルギー無駄と早すぎる停止リスクがあります。安全性は保たれるものの、効率と快適性が低く評価します。
348.0,T1,次駅への減速フェーズ（駅手前400m以内）,ブレーキ（減速）中,21.1,惰行,54.7,70.0,1.06,15.3,2.1,0.13,0.0,0.0,この先制限速度なし,503m先に下り勾配6.7‰あり,先行列車なし,後続列車なし,1.0,制限速度超過なし。前方列車なしで安全距離確保済み。残距離15.3mは必要ブレーキ距離0.13mを大きく上回り、ブレーキ中で適切な減速タイミング。操作継続時間が5秒未満でないためノコギリ運転なし。遅延0秒・勾配0‰で省エネ・定時性も保たれ、安全・快適に適切な操作です。
348.5,T1,駅停車完了（速度0km/h）,停止・その他,0.0,ブレーキ（減速）,21.5,70.0,0.0,15.2,1.6,0.0,0.0,0.0,この先制限速度なし,503m先に下り勾配6.7‰あり,先行列車なし,後続列車なし,0.0,Step1: 速度は制限内。Step2: 前方列車なし。Step3: 駅停車完了フェーズで残距離15.2mは±1m基準を大幅に超え、±10m超過のため停止位置誤差が致命的。Step4‑6は問題なしが、停止誤差により評価は0.0となる。
516.0,T1,次駅への減速フェーズ（駅手前400m以内）,惰行中,0.6,力行（加速）,32.6,70.0,67.28,385.5,35.4,220.5,0.0,6.1,この先制限速度なし,85m先に上り勾配9.2‰あり,先行列車なし,後続列車なし,0.8,速度は制限内で先行列車もなし。距離385.5mは必要ブレーキ距離220.5mより長く、減速開始前に惰行に切り替えたのは安全で妥当。加速からの切替は5秒未満の連続ではなくノコギリ運転とみなさず、定時余裕があるため省エネ的にも適切だが、ブレーキ開始がやや遅れる可能性があるため完璧ではない。
517.0,T1,次駅への減速フェーズ（駅手前400m以内）,惰行中,1.6,力行（加速）,32.6,70.0,66.84,366.9,34.4,217.67,0.0,6.1,この先制限速度なし,66m先に上り勾配9.2‰あり,先行列車なし,後続列車なし,0.9,速度は制限内で安全距離も確保。残距離は必要ブレーキ距離より大きく、ブレーキ未使用は問題なし。直前の力行は5秒以上続いているためノコギリ運転は発生せず、余裕ある定時到着に対し惰行で省エネかつ快適な操作と判断できる。
518.0,T1,次駅への減速フェーズ（駅手前400m以内）,惰行中,2.6,力行（加速）,32.6,70.0,66.39,348.4,33.4,214.86,0.0,6.1,この先制限速度なし,48m先に上り勾配9.2‰あり,先行列車なし,後続列車なし,0.8,現在速度66.4 km/hは制限70 km/h以内で、前方列車なし。残距離348.4 mは必要ブレーキ距離214.86 mを約130 m上回っており、減速フェーズでの惰行は余裕があるため適切。直前の長時間加速からの切替でノコギリ運転は発生せず、定時到着まで33 秒の余裕があり省エネ的にも妥当。安全性・快適性ともに問題なし。
519.0,T1,次駅への減速フェーズ（駅手前400m以内）,惰行中,3.6,力行（加速）,32.6,70.0,65.95,330.0,32.4,212.09,0.0,6.1,この先制限速度なし,30m先に上り勾配9.2‰あり,先行列車なし,後続列車なし,0.8,速度は制限内で安全距離も確保。残距離330mは必要ブレーキ距離212mを上回り、惰行で余裕を持って減速開始を待つのは適切。ノコギリ運転なし。省エネ的に妥当だが、早期ブレーキ開始の余地はある。
520.0,T1,次駅への減速フェーズ（駅手前400m以内）,惰行中,4.6,力行（加速）,32.6,70.0,65.51,311.8,31.4,209.33,0.0,6.1,この先制限速度なし,11m先に上り勾配9.2‰あり,先行列車なし,後続列車なし,0.8,速度は制限内で安全距離も確保され、残距離311.8mは必要ブレーキ距離209.33mを上回っているため惰行は適切。直前の長時間の力行からの切替はノコギリ運転とみなせず、エネルギー無駄もなく、定時余裕もあるので安全・効率・快適性ともに問題なしと判断した。
521.0,T1,次駅への減速フェーズ（駅手前400m以内）,惰行中,5.6,力行（加速）,32.6,70.0,65.04,293.6,30.4,199.06,0.0,9.2,この先制限速度なし,893m先に下り勾配20.0‰あり,先行列車なし,後続列車なし,0.9,制限速度内で先行列車なし。残距離293.6mは必要ブレーキ距離199.06mを上回っており、惰行は減速フェーズで適切。直前の長時間力行との切替は5秒未満の連続ではなく、ノコギリ運転なし。省エネかつ安全に駅停車へ向かう操作です。
522.0,T1,次駅への減速フェーズ（駅手前400m以内）,惰行中,6.6,力行（加速）,32.6,70.0,64.49,275.6,29.4,195.82,0.0,9.2,この先制限速度なし,875m先に下り勾配20.0‰あり,先行列車なし,後続列車なし,0.9,速度は制限内で先行列車なし。残距離275.6mは必要ブレーキ距離195.8mを上回り、現在の惰行は安全に減速開始できる余裕がある。加速からの切替は5秒超えているためノコギリ運転は発生せず、定時余裕もあるため省エネ的に適切な操作です。
523.0,T1,次駅への減速フェーズ（駅手前400m以内）,惰行中,7.6,力行（加速）,32.6,70.0,63.95,257.8,28.4,192.62,0.0,9.2,この先制限速度なし,857m先に下り勾配20.0‰あり,先行列車なし,後続列車なし,0.8,速度は制限内で衝突リスクなし。残距離は必要ブレーキ距離を上回り、現在は惰行で安全だが減速フェーズでのブレーキ開始が遅れ、定時余裕はあるものの省エネは良好。先行列車なしで安全距離確保。勾配は上りで減速に有利。現在の惰行は7.6秒続き、直前の力行は32.6秒で、切り替えは適切だが、早めにブレーキに移行すれば停止位置精度が向上する。
524.0,T1,次駅への減速フェーズ（駅手前400m以内）,惰行中,8.6,力行（加速）,32.6,70.0,63.41,240.1,27.4,189.45,0.0,9.2,この先制限速度なし,840m先に下り勾配20.0‰あり,先行列車なし,後続列車なし,0.6,速度は制限内で安全性は確保されていますが、残距離240mに対し必要ブレーキ距離189mを超えてコーストし続けたため、停止位置が不足しオーバーランリスクが高まります。エネルギー面は良好ですが、減速タイミングが遅く快適性が低下しています。
525.0,T1,次駅への減速フェーズ（駅手前400m以内）,惰行中,9.6,力行（加速）,32.6,70.0,62.87,222.6,26.4,186.32,0.0,9.2,この先制限速度なし,822m先に下り勾配20.0‰あり,先行列車なし,後続列車なし,0.3,速度は制限内で先行列車もなし。残距離222.6mは必要ブレーキ距離186.3mより長いが、惰行が9.6秒続きすでに約167m走行し、残り約55mではブレーキ不足となりオーバーランリスクが高まる。安全は保たれるが、減速タイミングが遅く効率・快適性が低下している。
526.0,T1,次駅への減速フェーズ（駅手前400m以内）,惰行中,10.6,力行（加速）,32.6,70.0,62.33,205.2,25.4,183.23,0.0,9.2,この先制限速度なし,805m先に下り勾配20.0‰あり,先行列車なし,後続列車なし,0.3,制限速度内で先行列車なし。残距離205mは必要ブレーキ距離183mを上回っているが、10.6秒間惰行したままでは残距離が約22mに減少し、直後のブレーキ開始が不可能となりオーバーランリスクが高い。減速フェーズでの惰行は不適切で、エネルギー無駄も大きい。安全は保たれるが重大な問題あり。
527.0,T1,次駅への減速フェーズ（駅手前400m以内）,惰行中,11.6,力行（加速）,32.6,70.0,61.8,187.9,24.4,180.17,0.0,9.2,この先制限速度なし,787m先に下り勾配20.0‰あり,先行列車なし,後続列車なし,0.7,速度は制限内で衝突リスクはなし。残距離は必要ブレーキ距離を約8m上回っており、減速フェーズでの惰行はブレーキ開始が遅すぎるため停車精度とエネルギー効率が低下。ノコギリ運転は発生していないが、減速フェーズに加えては改善余地あり。
528.0,T1,次駅への減速フェーズ（駅手前400m以内）,ブレーキ（減速）中,0.8,惰行,11.7,70.0,59.02,171.1,23.4,166.04,0.0,9.2,この先制限速度なし,771m先に下り勾配20.0‰あり,先行列車なし,後続列車なし,0.8,制限速度内で先行列車なし。残距離171.1mは必要ブレーキ距離166.04mを上回り、ブレーキ開始は安全で適切。定時到着まで23.4秒の余裕があるため、若干早めの減速でエネルギー節約の余地はあるが、停止位置誤差リスクは低く、ノコギリ運転もなし。総合的に適切な操作と判断。
529.0,T1,次駅への減速フェーズ（駅手前400m以内）,ブレーキ（減速）中,1.8,惰行,11.7,70.0,56.0,155.2,22.4,149.9,0.0,9.2,この先制限速度なし,755m先に下り勾配20.0‰あり,先行列車なし,後続列車なし,0.8,制限速度内で先行列車なし。残距離155.2mは必要ブレーキ距離149.9mを僅か上回り、現在のブレーキは適切。過走リスクなし、早すぎる停止は±5m程度で許容範囲。ノコギリ運転もなし。安全・効率ともに良好。
530.0,T1,次駅への減速フェーズ（駅手前400m以内）,ブレーキ（減速）中,2.8,惰行,11.7,70.0,52.98,140.0,21.4,134.6,0.0,9.2,この先制限速度なし,740m先に下り勾配20.0‰あり,先行列車なし,後続列車なし,0.9,制限速度内で安全に減速開始。残距離140mは必要ブレーキ距離134.6mをわずか上回り、ブレーキ開始は適切。前後列車なし、ノコギリ運転もなく、エネルギー効率も良好。
531.0,T1,次駅への減速フェーズ（駅手前400m以内）,ブレーキ（減速）中,3.8,惰行,11.7,70.0,49.98,125.7,20.4,120.13,0.0,9.2,この先制限速度なし,725m先に下り勾配20.0‰あり,先行列車なし,後続列車なし,0.9,制限速度内で先行列車なし。残距離125.7mは必要ブレーキ距離120.13mを上回り、減速フェーズでブレーキを継続中。直前は惰行11.7秒でノコギリ運転なし。定時余裕もあり、安全・快適に適切な操作です。
532.0,T1,次駅への減速フェーズ（駅手前400m以内）,ブレーキ（減速）中,4.8,惰行,11.7,70.0,46.99,112.3,19.4,106.49,0.0,9.2,この先制限速度なし,712m先に下り勾配20.0‰あり,先行列車なし,後続列車なし,0.8,制限速度内で先行列車なし。残距離112.3mは必要ブレーキ距離106.49mを上回っており、減速フェーズでのブレーキは安全に停止するため適切。ノコギリ運転は発生せず、エネルギー面でも大きな無駄はないが、やや早めのブレーキで駅手前数メートル手前に止まる可能性があるため若干減点。
533.0,T1,次駅への減速フェーズ（駅手前400m以内）,ブレーキ（減速）中,5.8,惰行,11.7,70.0,44.0,99.6,18.4,93.69,0.0,9.2,この先制限速度なし,699m先に下り勾配20.0‰あり,先行列車なし,後続列車なし,0.7,速度は制限内で先行列車なし。残距離99.6mは必要ブレーキ距離93.7mよりやや長く、現在のブレーキは減速フェーズとして適切だが約6m手前で停止し過早でエネルギー無駄。ノコギリ運転は発生しておらず安全は確保されているが、効率・快適性で減点。
534.0,T1,次駅への減速フェーズ（駅手前400m以内）,ブレーキ（減速）中,6.8,惰行,11.7,70.0,41.03,87.8,17.4,81.72,0.0,9.2,この先制限速度なし,687m先に下り勾配20.0‰あり,先行列車なし,後続列車なし,0.7,速度は制限内で先行列車なし。残距離87.8mは必要ブレーキ距離81.72mを上回り、減速フェーズでブレーキは安全だが、約6mの余裕があるため惰行で調整すればエネルギー節約と停車位置の精度向上が期待できる。ノコギリ運転は発生しておらず、安全性は確保されているが効率面で改善余地がある。
535.0,T1,次駅への減速フェーズ（駅手前400m以内）,ブレーキ（減速）中,7.8,惰行,11.7,70.0,38.06,76.8,16.4,70.57,0.0,9.2,この先制限速度なし,676m先に下り勾配20.0‰あり,先行列車なし,後続列車なし,0.9,制限速度70km/hを大きく下回る38.1km/hで走行し、先行列車なし。残距離76.8mは必要ブレーキ距離70.57mを上回るため、現在のブレーキ（継続7.8秒）は適切で安全。直前の惰行（11.7秒）との切り替えは5秒未満でなくノコギリ運転なし。勾配9.2‰も考慮しつつ、定時余裕16.4秒で省エネ的にも問題ない。速度超過やオーバーランリスクはなく、衝突危険もなし。
536.0,T1,次駅への減速フェーズ（駅手前400m以内）,ブレーキ（減速）中,8.8,惰行,11.7,70.0,35.1,66.7,15.4,60.24,0.0,9.2,この先制限速度なし,666m先に下り勾配20.0‰あり,先行列車なし,後続列車なし,0.9,制限速度内で先行列車なし。残距離66.7mは必要ブレーキ距離60.24mを上回り、減速フェーズでブレーキ8.8秒は適切。ノコギリ運転は発生せず、安全・快適性は良好だが省エネ面で若干余裕がある。
537.0,T1,次駅への減速フェーズ（駅手前400m以内）,ブレーキ（減速）中,9.8,惰行,11.7,70.0,32.14,57.3,14.4,50.74,0.0,9.2,この先制限速度なし,657m先に下り勾配20.0‰あり,先行列車なし,後続列車なし,0.9,制限速度内で先行列車なし。残距離57.3mは必要ブレーキ距離50.74mを上回り、現在のブレーキは駅停車に適切。ノコギリ運転なし、定時余裕もあり安全・効率は良好。
538.0,T1,次駅への減速フェーズ（駅手前400m以内）,ブレーキ（減速）中,10.8,惰行,11.7,70.0,29.19,48.8,13.4,42.06,0.0,9.2,この先制限速度なし,648m先に下り勾配20.0‰あり,先行列車なし,後続列車なし,0.8,制限速度内で先行列車なし。残距離48.8mは必要ブレーキ距離42.06mを上回り、ブレーキは適切。継続時間が5秒超でノコギリ運転なし。若干早めの減速だが安全・定時性は確保され、エネルギー面でも許容範囲。
539.0,T1,次駅への減速フェーズ（駅手前400m以内）,ブレーキ（減速）中,11.8,惰行,11.7,70.0,26.25,41.1,12.4,34.19,0.0,9.2,この先制限速度なし,641m先に下り勾配20.0‰あり,先行列車なし,後続列車なし,0.7,速度は制限内で衝突リスクはなし。残距離41.1 mは必要ブレーキ距離34.19 mを上回っており、現在のブレーキは駅手前での過早減速となり、停車位置が1 m以上手前になる可能性がある。安全は保たれるがエネルギー無駄と遅延リスクがあるため評価はやや低め。
540.0,T1,次駅への減速フェーズ（駅手前400m以内）,ブレーキ（減速）中,12.8,惰行,11.7,70.0,23.31,34.2,11.4,27.14,0.0,9.2,この先制限速度なし,634m先に下り勾配20.0‰あり,先行列車なし,後続列車なし,0.7,速度は制限内で衝突リスクなし。残距離34.2 mは必要ブレーキ距離27.14 mを上回っているため、ブレーキ開始はやや早く、駅手前約7 mで停止し過ぎる可能性がある。定時到着まで11.4 秒の余裕があり、先行列車もいないため安全距離の確保は問題ない。エネルギー効率はやや低下するが安全は確保。ノコギリ運転なし。
541.0,T1,次駅への減速フェーズ（駅手前400m以内）,ブレーキ（減速）中,13.8,惰行,11.7,70.0,20.38,28.1,10.4,20.91,0.0,9.2,この先制限速度なし,628m先に下り勾配20.0‰あり,先行列車なし,後続列車なし,0.7,速度は制限内で先行列車もなし。残距離28.1mは必要ブレーキ距離20.91mを上回っており、減速フェーズでブレーキは安全に適切。だが定時到着まで10.4秒余裕があるのに早すぎるブレーキでエネルギー効率は低下し、停車後の待機が生じる可能性がある。快適性・省エネ面で改善余地あり。
542.0,T1,次駅への減速フェーズ（駅手前400m以内）,ブレーキ（減速）中,14.8,惰行,11.7,70.0,17.46,22.9,9.4,15.49,0.0,9.2,この先制限速度なし,622m先に下り勾配20.0‰あり,先行列車なし,後続列車なし,0.8,制限速度内で先行列車なし。残距離22.9 mは必要ブレーキ距離15.49 mを上回っており、減速フェーズでブレーキは安全です。定時到着まで9.4 秒の余裕があるため、惰行での減速でも十分で、現在のブレーキはやや早めでエネルギー効率は最適とは言えません。ノコギリ運転は発生していません。
543.0,T1,次駅への減速フェーズ（駅手前400m以内）,ブレーキ（減速）中,15.8,惰行,11.7,70.0,14.53,18.4,8.4,10.89,0.0,9.2,この先制限速度なし,618m先に下り勾配20.0‰あり,先行列車なし,後続列車なし,0.9,制限速度内で先行列車なし。残距離18.4mは必要ブレーキ距離10.89mを上回り、減速フェーズでブレーキを15.8秒継続している点は適切なタイミングです。速度14.5km/hで余裕があり、定時到着も確保。ノコギリ運転は発生せず、安全性・省エネ・快適性ともに良好です。
544.0,T1,次駅への減速フェーズ（駅手前400m以内）,ブレーキ（減速）中,16.8,惰行,11.7,70.0,11.62,14.8,7.4,7.09,0.0,9.2,この先制限速度なし,614m先に下り勾配20.0‰あり,先行列車なし,後続列車なし,0.9,制限速度内で先行列車なし。残距離14.8 mは必要ブレーキ距離7.09 mを上回り、減速フェーズでブレーキを継続しているため停止位置は適切。ノコギリ運転なし。勾配上りで自然減速があるためエネルギー効率はやや低いが安全・正確性は確保。現在速度11.6 km/h、到着まで7.4 秒の余裕があり、ブレーキ継続は過剰ではあるが停止誤差リスクは低く、評価は高めに設定。
545.0,T1,次駅への減速フェーズ（駅手前400m以内）,ブレーキ（減速）中,17.8,惰行,11.7,70.0,8.7,12.0,6.4,4.11,0.0,9.2,この先制限速度なし,611m先に下り勾配20.0‰あり,先行列車なし,後続列車なし,0.9,現在速度8.7 km/hで制限70 km/hを大幅に下回り、駅手前12 m、必要ブレーキ距離4.11 mより余裕あり。減速フェーズでブレーキは適切で、衝突リスクやオーバーランはなし。直前の惰行からの切替も時間的に問題なく、ノコギリ運転は発生していない。省エネ面でも必要最小限の減速で評価は高い。
546.0,T1,次駅への減速フェーズ（駅手前400m以内）,ブレーキ（減速）中,18.8,惰行,11.7,70.0,5.79,10.0,5.4,1.94,0.0,9.2,この先制限速度なし,609m先に下り勾配20.0‰あり,先行列車なし,後続列車なし,0.9,制限速度内で先行列車なし。残距離10 mに対し必要ブレーキ距離1.94 m、現在ブレーキ中で停止位置は±1 m以内と推定。操作継続時間は5 秒超でノコギリ運転なし。定時到着も余裕があり安全・適切だが、低速での長時間ブレーキはエネルギー効率で若干減点。
547.0,T1,次駅への減速フェーズ（駅手前400m以内）,ブレーキ（減速）中,19.8,惰行,11.7,70.0,2.88,8.8,4.4,0.57,0.0,9.2,この先制限速度なし,608m先に下り勾配20.0‰あり,先行列車なし,後続列車なし,0.8,制限速度内で安全に減速中。先行列車なし、ブレーキ継続時間は5秒超えているためノコギリ運転なし。残距離8.8mに対しブレーキで停車位置がやや手前になる可能性があるが、安全性は確保。効率・快適性はやや低下。
548.0,T1,駅停車完了（速度0km/h）,停止・その他,0.0,ブレーキ（減速）,20.7,70.0,0.0,8.4,3.4,0.01,0.0,9.2,この先制限速度なし,608m先に下り勾配20.0‰あり,先行列車なし,後続列車なし,0.3,制限速度超過はなく、前方列車もなしで安全は確保されています。しかし駅停車完了フェーズで停止位置が駅の所定位置から8.4 m離れており、±1 m以内の誤差基準を大きく外れています。停止位置誤差が10 m未満のため致命的エラーではありませんが、乗客の利便性と運行正確性を考慮すると大幅な減点が必要です。ノコギリ運転や無駄な加速もなく、評価は低めの0.3とします。
698.0,T1,次駅への減速フェーズ（駅手前400m以内）,惰行中,39.1,ブレーキ（減速）,2.9,70.0,59.15,386.3,38.0,185.03,0.0,0.0,この先制限速度なし,この先目立った勾配なし,先行列車なし,後続列車なし,0.3,速度は制限内で衝突リスクは無いが、減速フェーズでブレーキをかけずに惰行を39秒続けているため、必要ブレーキ距離185 mに対し残距離386 mでの遅すぎる減速はオーバーランリスクを高め、定時性・省エネ性も低下している。安全は保たれるが適切とは言えない。
699.0,T1,次駅への減速フェーズ（駅手前400m以内）,惰行中,40.1,ブレーキ（減速）,2.9,70.0,58.95,369.9,37.0,183.78,0.0,0.0,この先制限速度なし,この先目立った勾配なし,先行列車なし,後続列車なし,0.5,速度は制限内で衝突リスクはなし。距離は必要ブレーキ距離の約2倍で、減速フェーズではすぐにブレーキを開始すべきところを惰行40秒続行しており、駅到達時に急ブレーキが必要になる可能性がある。安全は保たれるが効率と快適性が低下しています。
700.0,T1,次駅への減速フェーズ（駅手前400m以内）,惰行中,41.1,ブレーキ（減速）,2.9,70.0,58.74,353.5,36.0,182.54,0.0,0.0,この先制限速度なし,この先目立った勾配なし,先行列車なし,後続列車なし,0.5,速度は制限内で先行列車もなし。残距離353.5mは必要ブレーキ距離182.5mより長いが、定時到着に必要な平均速度は約35km/hで、現在58.7km/hは過大。減速フェーズで惰行を続けるのはブレーキ遅れとなり、オーバーランリスクとエネルギー無駄が生じる。安全性は保たれるが効率・快適性が低下。
701.0,T1,次駅への減速フェーズ（駅手前400m以内）,惰行中,42.1,ブレーキ（減速）,2.9,70.0,58.54,337.3,35.0,181.31,0.0,0.0,この先制限速度なし,この先目立った勾配なし,先行列車なし,後続列車なし,0.8,速度は制限内で安全距離も確保され、先行列車なし。残距離337.3mは必要ブレーキ距離181.3mを上回っており、現在の惰行は過剰ブレーキを避け省エネ的に適切。直前のブレーキ継続が5秒未満だが、現在の惰行は5秒超えているためノコギリ運転はなし。定時余裕35秒で早すぎる到着リスクは低く、全体として適切な操作。
702.0,T1,次駅への減速フェーズ（駅手前400m以内）,惰行中,43.1,ブレーキ（減速）,2.9,70.0,58.34,321.0,34.0,180.08,0.0,0.0,この先制限速度なし,この先目立った勾配なし,先行列車なし,後続列車なし,0.8,速度は制限内で先行列車もなし。残距離321 mは必要ブレーキ距離180 mを上回っており、惰行での減速開始は安全だが、ブレーキ開始が遅すぎる可能性があり、定時到着とエネルギー効率の観点でやや不適切。安全性は保たれるが最適とは言えない。
703.0,T1,次駅への減速フェーズ（駅手前400m以内）,惰行中,44.1,ブレーキ（減速）,2.9,70.0,58.14,304.8,33.0,178.87,0.0,0.0,この先制限速度なし,この先目立った勾配なし,先行列車なし,後続列車なし,0.3,速度は制限内で安全距離も問題なし。駅手前400m以内の減速フェーズで、必要ブレーキ距離178.9mに対し304.8mと余裕はあるが、現在惰行を44秒続けており、すぐにブレーキを掛けなければ駅をオーバーランするリスクが高い。省エネはあるが安全・定時性が損なわれるため評価は低め。
704.0,T1,次駅への減速フェーズ（駅手前400m以内）,惰行中,45.1,ブレーキ（減速）,2.9,70.0,57.93,288.7,32.0,177.66,0.0,0.0,この先制限速度なし,この先目立った勾配なし,先行列車なし,後続列車なし,0.8,速度は制限内で先行列車なし。残距離288.7mは必要ブレーキ距離177.66mを上回り、惰行での減速開始は許容範囲。安全は確保されているが、停止精度向上のため早めのブレーキが望ましい。快適性・省エネは良好。
705.0,T1,次駅への減速フェーズ（駅手前400m以内）,惰行中,46.1,ブレーキ（減速）,2.9,70.0,57.73,272.7,31.0,176.46,0.0,0.0,この先制限速度なし,この先目立った勾配なし,先行列車なし,後続列車なし,0.5,速度は制限内で衝突リスクはなし。減速フェーズでブレーキせず惰行を続けているため、駅到着直前のブレーキ開始が遅れ、オーバーランリスクとエネルギー無駄が生じる。安全は保たれるが効率・快適性が低下している。
706.0,T1,次駅への減速フェーズ（駅手前400m以内）,惰行中,47.1,ブレーキ（減速）,2.9,70.0,57.53,256.6,30.0,175.27,0.0,0.0,この先制限速度なし,この先目立った勾配なし,先行列車なし,後続列車なし,0.8,速度は制限内で先行列車もなし。残距離256.6 mは必要ブレーキ距離175.27 mを上回っており、減速開始はまだ早すぎない。惰行によりエネルギー消費を抑え、快適性も保たれる。安全上問題はなく、適切な操作と判断できる。
707.0,T1,次駅への減速フェーズ（駅手前400m以内）,惰行中,48.1,ブレーキ（減速）,2.9,70.0,57.33,240.7,29.0,174.08,0.0,0.0,この先制限速度なし,この先目立った勾配なし,先行列車なし,後続列車なし,0.9,速度は制限内で先行列車なし。残距離240.7mは必要ブレーキ距離174.08mを上回り、まだ減速開始の余裕があるため惰行は適切。現在の惰行継続時間48.1秒は距離に対して問題なく、次駅まで約15秒で到達し、約4秒後にブレーキ開始できるため安全かつ効率的。ノコギリ運転なし。省エネかつ定時維持で評価は高い。
708.0,T1,次駅への減速フェーズ（駅手前400m以内）,惰行中,49.1,ブレーキ（減速）,2.9,70.0,57.13,224.8,28.0,172.91,0.0,0.0,この先制限速度なし,この先目立った勾配なし,先行列車なし,後続列車なし,0.7,速度は制限内で安全リスクは無いが、減速フェーズで惰行を続けているため駅手前400m以内でのブレーキ開始が遅れ、定時到着に余裕が減少している。安全は保たれるが効率と快適性が低下している。
709.0,T1,次駅への減速フェーズ（駅手前400m以内）,惰行中,50.1,ブレーキ（減速）,2.9,70.0,56.94,209.0,27.0,171.74,0.0,0.0,この先制限速度なし,この先目立った勾配なし,先行列車なし,後続列車なし,0.5,速度は制限内で衝突リスクもなく安全性は確保されていますが、減速フェーズでブレーキをかけずに惰行を続けているため停止位置の精度が低下します。先行列車なしで残距離209mは必要ブレーキ距離171.74mを上回っており、まだブレーキ開始余裕はあるものの、現在の惰行は減速開始が遅く非効率で快適性も損なわれています。
710.0,T1,次駅への減速フェーズ（駅手前400m以内）,惰行中,51.1,ブレーキ（減速）,2.9,70.0,56.74,193.2,26.0,170.57,0.0,0.0,この先制限速度なし,この先目立った勾配なし,先行列車なし,後続列車なし,0.9,現在速度56.7km/hは70km/hの制限内で、前方列車もなく安全距離は確保されています。次駅までの残距離193.2mは必要ブレーキ距離170.57mを上回っているため、まだブレーキ開始のタイミング前であり、惰行（51.1秒）はエネルギー節約として適切です。直前のブレーキは2.9秒で短く、ノコギリ運転は発生していません。定時到着まで26秒の余裕があり、速度維持でも遅延リスクはありません。総合的に安全・効率・快適性ともに高く評価できます。
711.0,T1,次駅への減速フェーズ（駅手前400m以内）,惰行中,52.1,ブレーキ（減速）,2.9,70.0,56.54,177.4,25.0,169.42,0.0,0.0,この先制限速度なし,この先目立った勾配なし,先行列車なし,後続列車なし,0.5,速度は制限内で安全距離も確保されていますが、減速フェーズで惰行を続けているため停止位置が近づきすぎるリスクがあります。残距離は必要ブレーキ距離より僅かに長く、すぐにブレーキすべきです。省エネは一定ですが、適切な減速タイミングではなく評価はやや低めです。
712.0,T1,次駅への減速フェーズ（駅手前400m以内）,ブレーキ（減速）中,0.7,惰行,52.3,70.0,54.35,162.0,24.0,158.22,0.0,0.0,この先制限速度なし,この先目立った勾配なし,先行列車なし,後続列車なし,0.7,速度は制限内で安全に減速しているが、残距離162 mは必要ブレーキ距離158 mより僅かに長く、早すぎるブレーキで駅手前1 m以上手前に止まるリスクがある。定時余裕があるのに惰行を活用せず省エネ性が低く、快適性もやや損なわれている。
713.0,T1,次駅への減速フェーズ（駅手前400m以内）,ブレーキ（減速）中,1.7,惰行,52.3,70.0,51.66,147.3,23.0,143.35,0.0,0.0,この先制限速度なし,この先目立った勾配なし,先行列車なし,後続列車なし,0.9,速度は制限内で先行列車なし。残距離147.3mは必要ブレーキ距離143.35mを上回り、減速フェーズでブレーキ開始は安全かつ適切。現在の速度51.7km/hは制限70km/h以下で、ブレーキ継続時間1.7秒は減速開始直後で妥当。ノコギリ運転なし、定時余裕もあり省エネ的にやや早めだが許容範囲で、快適性に大きな問題はない。
714.0,T1,次駅への減速フェーズ（駅手前400m以内）,ブレーキ（減速）中,2.7,惰行,52.3,70.0,48.98,133.3,22.0,129.22,0.0,0.0,この先制限速度なし,この先目立った勾配なし,先行列車なし,後続列車なし,0.9,速度は制限内で先行列車なし。残距離133.3 mは必要ブレーキ距離129.22 mを上回り、減速フェーズでブレーキをかけているため安全・適切。前走行は惰行52 秒で、ノコギリ運転はなし。定時余裕があるがブレーキ開始は妥当で、エネルギー面でも大きな無駄はない。
715.0,T1,次駅への減速フェーズ（駅手前400m以内）,ブレーキ（減速）中,3.7,惰行,52.3,70.0,46.31,120.0,21.0,115.83,0.0,0.0,この先制限速度なし,この先目立った勾配なし,先行列車なし,後続列車なし,0.7,速度は制限内で衝突リスクなし。残距離120mは必要ブレーキ距離115.8mをわずか上回っており、現在のブレーキはやや早すぎる可能性があるが安全は確保。エネルギー効率は改善余地あり。
716.0,T1,次駅への減速フェーズ（駅手前400m以内）,ブレーキ（減速）中,4.7,惰行,52.3,70.0,43.65,107.5,20.0,103.19,0.0,0.0,この先制限速度なし,この先目立った勾配なし,先行列車なし,後続列車なし,0.9,制限速度内で安全に減速中。残距離107.5 mは必要ブレーキ距離103.19 mをわずか上回り、適切なブレーキ開始。前操作は52.3 秒の惰行でノコギリ運転なし。駅手前400 m以内の減速フェーズでブレーキ継続4.7 秒は妥当。先行列車なしで安全距離確保。定時余裕もあり省エネ的に問題なし。全体的に適切な操作と判断し、評価は0.9とする。
717.0,T1,次駅への減速フェーズ（駅手前400m以内）,ブレーキ（減速）中,5.7,惰行,52.3,70.0,41.0,95.8,19.0,91.29,0.0,0.0,この先制限速度なし,この先目立った勾配なし,先行列車なし,後続列車なし,0.8,速度は制限内で先行列車もなし。残距離95.8mは必要ブレーキ距離91.29mを上回っており、減速フェーズでのブレーキは適切。ノコギリ運転は発生せず、定時余裕もあるが、若干早めのブレーキでエネルギー効率は完璧ではない。
718.0,T1,次駅への減速フェーズ（駅手前400m以内）,ブレーキ（減速）中,6.7,惰行,52.3,70.0,38.35,84.8,18.0,80.12,0.0,0.0,この先制限速度なし,この先目立った勾配なし,先行列車なし,後続列車なし,0.8,制限速度内で先行列車なし。残距離84.8mは必要ブレーキ距離80.12mを上回り、減速フェーズでブレーキを継続しているため安全に停止できる。ブレーキ継続時間6.7秒は5秒以上でノコギリ運転は発生していない。定時到着まで18秒の余裕があるが、停止位置誤差リスクは低く、エネルギー面で若干の惰行活用余地はあるものの、全体として適切な操作と判断する。
719.0,T1,次駅への減速フェーズ（駅手前400m以内）,ブレーキ（減速）中,7.7,惰行,52.3,70.0,35.71,74.5,17.0,69.69,0.0,0.0,この先制限速度なし,この先目立った勾配なし,先行列車なし,後続列車なし,0.9,制限速度内で安全にブレーキを適用中。残距離74.5mは必要ブレーキ距離69.69mを上回っており、減速開始は適切。前後列車なし、ノコギリ運転もなし。定時余裕があるが停止必須のためエネルギー面でも問題なし。
720.0,T1,次駅への減速フェーズ（駅手前400m以内）,ブレーキ（減速）中,8.7,惰行,52.3,70.0,33.07,64.9,16.0,59.99,0.0,0.0,この先制限速度なし,この先目立った勾配なし,先行列車なし,後続列車なし,0.8,制限速度内で先行列車なし。残距離64.9mは必要停止距離59.99mを上回り、ブレーキ8.7秒で減速は適切だが、やや早めのブレーキで駅手前約5m手前に止まるリスクがある。定時到着まで16秒の余裕があり、エネルギー無駄は少ない。ノコギリ運転は発生せず、評価は高いが早すぎるブレーキにより0.1点減点。
721.0,T1,次駅への減速フェーズ（駅手前400m以内）,ブレーキ（減速）中,9.7,惰行,52.3,70.0,30.44,56.1,15.0,51.02,0.0,0.0,この先制限速度なし,この先目立った勾配なし,先行列車なし,後続列車なし,0.9,制限速度内で先行列車なし。残距離56.1mは必要ブレーキ距離51.02mを上回り、現在30.4km/hでブレーキ9.7秒は駅停車に適切。安全性は確保され、停止位置誤差リスクも低い。エネルギー面で若干惰行余裕はあるが、正確な停車のため妥当な操作。
722.0,T1,次駅への減速フェーズ（駅手前400m以内）,ブレーキ（減速）中,10.7,惰行,52.3,70.0,27.82,48.0,14.0,42.79,0.0,0.0,この先制限速度なし,この先目立った勾配なし,先行列車なし,後続列車なし,0.9,制限速度内で先行列車なし。残距離48 mは必要ブレーキ距離42.79 mを上回り、減速開始は適切。ブレーキ継続10.7 sは安全で、ノコギリ運転もなし。定時余裕もあり、効率・快適性ともに良好。
723.0,T1,次駅への減速フェーズ（駅手前400m以内）,ブレーキ（減速）中,11.7,惰行,52.3,70.0,25.2,40.7,13.0,35.28,0.0,0.0,この先制限速度なし,この先目立った勾配なし,先行列車なし,後続列車なし,0.7,速度は制限内で先行列車もなし。残距離40.7mは必要ブレーキ距離35.28mを上回っているため、現在のブレーキは安全だが駅手前約5mで止まるリスクがあり、やや早すぎる減速でエネルギー効率が低下している。安全性は確保されているが、最適な停止位置と省エネ性の観点で改善余地あり。
724.0,T1,次駅への減速フェーズ（駅手前400m以内）,ブレーキ（減速）中,12.7,惰行,52.3,70.0,22.58,34.0,12.0,28.5,0.0,0.0,この先制限速度なし,この先目立った勾配なし,先行列車なし,後続列車なし,0.8,制限速度70 km/hを大幅に下回る22.6 km/hで走行中。次駅まで34 m、必要ブレーキ距離28.5 mを上回っているため、現在のブレーキ（12.7 s）は適切。前方列車なしで安全距離は確保。ノコギリ運転はなし。定時到着まで12 sの余裕があるが、エネルギー効率の観点で惰行活用の余地はある。したがって、操作は安全かつ目的に合致しているが、若干の省エネ改善が可能。
725.0,T1,次駅への減速フェーズ（駅手前400m以内）,ブレーキ（減速）中,13.7,惰行,52.3,70.0,19.97,28.1,11.0,22.44,0.0,0.0,この先制限速度なし,この先目立った勾配なし,先行列車なし,後続列車なし,0.5,制限速度内で衝突リスクは無いが、残距離28.1 mは必要ブレーキ距離22.44 mを上回っているため、早すぎるブレーキで駅手前約5 mで停止するリスクがある。エネルギー効率と定時性を考えると惰行での減速が望ましく、現在の操作はやや過剰である。安全は保たれるが快適性・効率性で減点。
726.0,T1,次駅への減速フェーズ（駅手前400m以内）,ブレーキ（減速）中,14.7,惰行,52.3,70.0,17.37,22.9,10.0,17.11,0.0,0.0,この先制限速度なし,この先目立った勾配なし,先行列車なし,後続列車なし,0.9,制限速度内で先行列車なし。残距離22.9mは必要ブレーキ距離17.11mを上回り、減速フェーズでブレーキを継続しているため安全・適切。定時到着まで10秒の余裕があり、ブレーキ継続時間14.7秒は停止位置誤差±1m以内に収まると推定され、快適性も確保されている。
727.0,T1,次駅への減速フェーズ（駅手前400m以内）,ブレーキ（減速）中,15.7,惰行,52.3,70.0,14.76,18.5,9.0,12.5,0.0,0.0,この先制限速度なし,この先目立った勾配なし,先行列車なし,後続列車なし,0.8,制限速度内で先行列車なし。残距離18.5mは必要ブレーキ距離12.5mを上回っているため、やや早めのブレーキ開始だが安全に停止できる。現在は減速フェーズでブレーキは適切で、ノコギリ運転もなし。定時到着余裕があり省エネ面で若干改善余地はあるが、全体として安全・適切な操作。
728.0,T1,次駅への減速フェーズ（駅手前400m以内）,ブレーキ（減速）中,16.7,惰行,52.3,70.0,12.17,14.7,8.0,8.62,0.0,0.0,この先制限速度なし,この先目立った勾配なし,先行列車なし,後続列車なし,0.9,制限速度を超えておらず、前方列車もなし。残距離14.7mは必要ブレーキ距離8.62mを上回り、減速操作は適切。操作継続時間は5秒超でノコギリ運転なし。定時余裕もあり安全・精度は確保されているがブレーキ継続は若干エネルギー非効率。
729.0,T1,次駅への減速フェーズ（駅手前400m以内）,ブレーキ（減速）中,17.7,惰行,52.3,70.0,9.57,11.7,7.0,5.46,0.0,0.0,この先制限速度なし,この先目立った勾配なし,先行列車なし,後続列車なし,0.7,速度は制限内で安全です。先行列車なし。残距離11.7mは必要ブレーキ距離5.46mを上回っており、現在のブレーキは駅手前での早すぎる停止リスクを生むため減点対象です。操作は減速フェーズに合致し、ノコギリ運転はなし。省エネ面で若干の改善余地があります。
730.0,T1,次駅への減速フェーズ（駅手前400m以内）,ブレーキ（減速）中,18.7,惰行,52.3,70.0,6.98,9.4,6.0,3.01,0.0,0.0,この先制限速度なし,この先目立った勾配なし,先行列車なし,後続列車なし,0.9,制限速度超過なし、前方列車なし。残距離9.4mは必要ブレーキ距離3.01mを上回り、減速フェーズでブレーキは適切。ノコギリ運転もなく安全・快適に停止できる見込み。
731.0,T1,次駅への減速フェーズ（駅手前400m以内）,ブレーキ（減速）中,19.7,惰行,52.3,70.0,4.39,7.8,5.0,1.29,0.0,0.0,この先制限速度なし,この先目立った勾配なし,先行列車なし,後続列車なし,0.9,制限速度超過なし。前方列車なし。残距離7.8mは必要ブレーキ距離1.29mより大きく、減速フェーズでブレーキを継続しているため停止位置調整に適切。現在速度4.4km/hで5秒以内に駅に到達する必要があるが、ブレーキ継続により適切に減速し、過走リスクは無く、定時遅れもなし。ノコギリ運転なし。省エネで快適な運転。
732.0,T1,次駅への減速フェーズ（駅手前400m以内）,ブレーキ（減速）中,20.7,惰行,52.3,70.0,1.81,7.0,4.0,0.29,0.0,0.0,この先制限速度なし,この先目立った勾配なし,先行列車なし,後続列車なし,0.9,制限速度内で先行列車なし。残距離7 mに対しブレーキを20.7 秒継続していることは、停止位置誤差が±1 m以内に収まると推測でき、適切な減速操作です。直前の惰行からの急激な切替えやノコギリ運転はなく、定時到着まで4 秒の余裕がある中で無駄な加速もなく、エネルギー効率・快適性ともに高く評価できます。
732.7,T1,駅停車完了（速度0km/h）,停止・その他,0.0,ブレーキ（減速）,21.3,70.0,0.0,6.8,3.3,0.01,0.0,0.0,この先制限速度なし,この先目立った勾配なし,先行列車なし,後続列車なし,0.7,制限速度超過はなく安全上の問題はありません。先行列車もなしで衝突リスクもなし。駅停車完了フェーズで停止位置が6.8 m離れており、±1 m以内の理想から外れています。誤差は10 m未満のため致命的ではないものの、停止精度が低く評価を減点します。ノコギリ運転や無駄な加減速はなく、エネルギー効率は問題ありません。
900.0,T1,次駅への減速フェーズ（駅手前400m以内）,惰行中,0.4,力行（加速）,32.6,70.0,67.37,389.3,7.3,221.07,0.0,6.1,この先制限速度なし,89m先に上り勾配9.2‰あり,先行列車なし,後続列車なし,0.8,速度は制限内で先行列車もなし。残距離389mは必要ブレーキ距離221mを上回っており、直前の長時間力行の後の短時間惰行は減速開始前の自然減速として許容範囲。安全は確保されているが、減速フェーズでのブレーキ遅れは若干非効率で、快適性もやや低下する。
901.0,T1,次駅への減速フェーズ（駅手前400m以内）,惰行中,1.4,力行（加速）,32.6,70.0,66.93,370.6,6.3,218.23,0.0,6.1,この先制限速度なし,70m先に上り勾配9.2‰あり,先行列車なし,後続列車なし,0.7,速度は制限内で安全距離も確保。残距離は必要ブレーキ距離より長く、現在の惰行はブレーキ開始が遅い可能性があるが、直前の長時間の力行に続く切替で安全性は保たれる。省エネと定時性の観点でやや不適切と判断し、0.7とした。
902.0,T1,次駅への減速フェーズ（駅手前400m以内）,惰行中,2.4,力行（加速）,32.6,70.0,66.48,352.1,5.3,215.42,0.0,6.1,この先制限速度なし,52m先に上り勾配9.2‰あり,先行列車なし,後続列車なし,0.9,速度は制限内で先行列車なし。残距離352mは必要ブレーキ距離215mを上回り、現在は惰行で自然減速と勾配を利用しているため安全・省エネ。定時到着も余裕があり、操作は適切。
903.0,T1,次駅への減速フェーズ（駅手前400m以内）,惰行中,3.4,力行（加速）,32.6,70.0,66.04,333.7,4.3,212.64,0.0,6.1,この先制限速度なし,33m先に上り勾配9.2‰あり,先行列車なし,後続列車なし,0.8,速度は制限内で安全距離も確保。残距離は必要ブレーキ距離212.6mを上回っているため、まだブレーキ開始は早すぎない。減速フェーズでの惰行はエネルギー節約に適切で、直前の加速は長時間続いているためノコギリ運転には該当しない。安全性は保たれ、効率性も概ね良好。
904.0,T1,次駅への減速フェーズ（駅手前400m以内）,惰行中,4.4,力行（加速）,32.6,70.0,65.6,315.4,3.3,209.88,0.0,6.1,この先制限速度なし,15m先に上り勾配9.2‰あり,先行列車なし,後続列車なし,0.7,速度は制限内で安全性は確保されていますが、次駅まで315 m・残り3.3 秒という状況で減速フェーズにあるにもかかわらず惰行を続けているため定時性と省エネ性が低下しています。ブレーキ開始が遅れた形となり、改善余地があります。
905.0,T1,次駅への減速フェーズ（駅手前400m以内）,惰行中,5.4,力行（加速）,32.6,70.0,65.15,297.2,2.3,199.72,0.0,9.2,この先制限速度なし,1097m先に下り勾配15.0‰あり,先行列車なし,後続列車なし,0.7,速度は制限内で衝突リスクはなし。残距離297mは必要ブレーキ距離199mを上回り安全は確保できるが、減速フェーズで惰行を続けているため定時到着が危うく、エネルギー効率も低下。ノコギリ運転はなし。
906.0,T1,次駅への減速フェーズ（駅手前400m以内）,惰行中,6.4,力行（加速）,32.6,70.0,64.6,279.2,1.3,196.47,0.0,9.2,この先制限速度なし,1079m先に下り勾配15.0‰あり,先行列車なし,後続列車なし,0.8,速度は制限内で先行列車なし。残距離279.2mは必要ブレーキ距離196.47mを上回っており、減速フェーズでの惰行はブレーキ開始前の適切な省エネ操作。制限超過・衝突リスクなし、ノコギリ運転も発生せず。
907.0,T1,次駅への減速フェーズ（駅手前400m以内）,惰行中,7.4,力行（加速）,32.6,70.0,64.06,261.4,0.3,193.26,0.0,9.2,この先制限速度なし,1061m先に下り勾配15.0‰あり,先行列車なし,後続列車なし,0.2,速度は制限内で衝突リスクはなし。しかし次駅まで261.4mで必要ブレーキ距離は193.26m。7.4秒の惰行で残距離は約130mとなり、ブレーキだけでは停止できず、減速フェーズでの惰行は不適切。定時性・省エネの観点でも無駄な走行となる。
908.0,T1,次駅への減速フェーズ（駅手前400m以内）,惰行中,8.4,力行（加速）,32.6,70.0,63.52,243.6,0.0,190.08,0.7,9.2,この先制限速度なし,1043m先に下り勾配15.0‰あり,先行列車なし,後続列車なし,0.8,速度は制限内で先行列車もなし。残距離は必要ブレーキ距離を上回り、惰行でエネルギーを節約しつつ適切な減速タイミングを保っている。遅延0.7秒は極小で、加速不要。ノコギリ運転もなし。安全・効率ともに問題なし。
909.0,T1,次駅への減速フェーズ（駅手前400m以内）,惰行中,9.4,力行（加速）,32.6,70.0,62.98,226.1,0.0,186.95,1.7,9.2,この先制限速度なし,1026m先に下り勾配15.0‰あり,先行列車なし,後続列車なし,0.7,速度は制限内で先行列車もなし。残距離226.1mは必要ブレーキ距離186.95mより長く、まだブレーキ開始の余裕はあるが、惰行を9.4秒続けると駅手前での減速が遅れ、停車位置オーバーランリスクが高まる。安全は保たれるが効率と正確性に課題。
910.0,T1,次駅への減速フェーズ（駅手前400m以内）,惰行中,10.4,力行（加速）,32.6,70.0,62.44,208.6,0.0,183.84,2.7,9.2,この先制限速度なし,1008m先に下り勾配15.0‰あり,先行列車なし,後続列車なし,0.8,速度は制限内で安全距離も確保。残距離208.6mは必要ブレーキ距離183.84mを上回っているため、惰行で速度を自然減衰させるのは適切。直前の加速からの切替は5秒未満でないのでノコギリ運転なし。遅延はあるがエネルギー節約的に妥当。
911.0,T1,次駅への減速フェーズ（駅手前400m以内）,ブレーキ（減速）中,0.1,惰行,11.2,70.0,61.4,191.4,0.0,179.36,3.7,9.2,この先制限速度なし,991m先に下り勾配15.0‰あり,先行列車なし,後続列車なし,0.8,制限速度内で、残距離191.4mは必要ブレーキ距離179.36mを上回っており、減速開始は適切。前の惰行は11.2秒でノコギリ運転なし。安全は確保されているが3.7秒の遅れにより省エネ面で若干課題。
912.0,T1,次駅への減速フェーズ（駅手前400m以内）,ブレーキ（減速）中,1.1,惰行,11.2,70.0,58.38,174.8,0.0,162.55,4.7,9.2,この先制限速度なし,974m先に下り勾配15.0‰あり,先行列車なし,後続列車なし,0.7,速度は制限内で安全距離も問題なし。残距離174.8mは必要ブレーキ距離162.55mを上回っており、減速フェーズでブレーキをかけている操作は適切。遅延4.7秒があるため、もう少し惰行で走行しブレーキ開始を遅らせれば省エネ・定時性は向上するが、勾配9.2‰の上りで自然減速があり、ノコギリ運転は発生していない。安全性・快適性に大きな問題はない。
913.0,T1,次駅への減速フェーズ（駅手前400m以内）,ブレーキ（減速）中,2.1,惰行,11.2,70.0,55.36,159.0,0.0,146.59,5.7,9.2,この先制限速度なし,958m先に下り勾配15.0‰あり,先行列車なし,後続列車なし,0.8,速度は制限内で先行列車なし。残距離159mは必要ブレーキ距離146.6mを上回り、ブレーキ開始は適切。ノコギリ運転は発生せず、遅延はあるものの安全・快適性は確保されている。
914.0,T1,次駅への減速フェーズ（駅手前400m以内）,ブレーキ（減速）中,3.1,惰行,11.2,70.0,52.35,144.0,0.0,131.46,6.7,9.2,この先制限速度なし,943m先に下り勾配15.0‰あり,先行列車なし,後続列車なし,0.8,速度は制限内で先行列車なし。残距離144 mは必要ブレーキ距離131.46 mを上回っており、減速フェーズでのブレーキは適切。直前は惰行で継続時間が5 秒超えているためノコギリ運転なし。遅延はあるが停車位置精度が優先されるため安全・快適性は確保されている。
915.0,T1,次駅への減速フェーズ（駅手前400m以内）,ブレーキ（減速）中,4.1,惰行,11.2,70.0,49.35,129.9,0.0,117.17,7.7,9.2,この先制限速度なし,929m先に下り勾配15.0‰あり,先行列車なし,後続列車なし,0.7,速度は制限内で安全にブレーキをかけており、残距離は必要ブレーキ距離を上回っているため停止リスクはなし。遅延があるのに減速を続けている点と、やや早めのブレーキで省エネ性が低下しているが、安全性は確保されている。
916.0,T1,次駅への減速フェーズ（駅手前400m以内）,ブレーキ（減速）中,5.1,惰行,11.2,70.0,46.36,116.6,0.0,103.71,8.7,9.2,この先制限速度なし,916m先に下り勾配15.0‰あり,先行列車なし,後続列車なし,0.9,制限速度内で先行列車なし。残距離116.6mは必要ブレーキ距離103.71mを上回り、減速フェーズでブレーキ5.1秒は適切。定時到着まで0秒で8.7秒遅延しているが、駅停車が最優先でありブレーキ開始時期は妥当。省エネ面で若干余裕はあるが安全・停止位置確保に問題なし。ノコギリ運転は発生していない。
917.0,T1,次駅への減速フェーズ（駅手前400m以内）,ブレーキ（減速）中,6.1,惰行,11.2,70.0,43.37,104.1,0.0,91.08,9.7,9.2,この先制限速度なし,904m先に下り勾配15.0‰あり,先行列車なし,後続列車なし,0.8,速度は制限内で先行列車なし。残距離104.1mは必要ブレーキ距離91.08mを上回り、減速開始は適切。ブレーキ継続は安全で停車位置の精度を確保できる。遅延はあるがエネルギー面で若干余裕はあるものの、駅停車の正確さを優先すべきで、現在の操作は妥当で快適性も問題ない。
918.0,T1,次駅への減速フェーズ（駅手前400m以内）,ブレーキ（減速）中,7.1,惰行,11.2,70.0,40.4,92.5,0.0,79.28,10.7,9.2,この先制限速度なし,892m先に下り勾配15.0‰あり,先行列車なし,後続列車なし,0.7,速度は制限内で衝突リスクはなし。残距離92.5 mは必要ブレーキ距離79.28 mを上回っているため減速は安全だが、遅延10.7 秒を考慮すればブレーキ開始がやや早く、惰行での減速が可能で省エネ性が低下している。快適性・効率はやや不足。
919.0,T1,次駅への減速フェーズ（駅手前400m以内）,ブレーキ（減速）中,8.1,惰行,11.2,70.0,37.43,81.7,0.0,68.31,11.7,9.2,この先制限速度なし,881m先に下り勾配15.0‰あり,先行列車なし,後続列車なし,0.8,速度は制限内で先行列車もなし。残距離81.7mは必要ブレーキ距離68.31mを上回り、減速フェーズでブレーキは適切。ブレーキ開始がやや早くエネルギー無駄があるが安全・快適性は確保。
920.0,T1,次駅への減速フェーズ（駅手前400m以内）,ブレーキ（減速）中,9.1,惰行,11.2,70.0,34.47,71.7,0.0,58.16,12.7,9.2,この先制限速度なし,871m先に下り勾配15.0‰あり,先行列車なし,後続列車なし,0.8,速度は制限内で先行列車もなし。残距離71.7mは必要ブレーキ距離58.16mを上回っており、減速フェーズでのブレーキは安全に適切。遅延があるため、もう少し惰行で遅れを縮められた可能性はあるが、快適性・安全性は確保されている。
921.0,T1,次駅への減速フェーズ（駅手前400m以内）,ブレーキ（減速）中,10.1,惰行,11.2,70.0,31.52,62.5,0.0,48.83,13.7,9.2,この先制限速度なし,862m先に下り勾配15.0‰あり,先行列車なし,後続列車なし,0.6,速度は制限内で安全性は確保されていますが、残距離62.5mは必要ブレーキ距離48.8mを上回っているため、現在のブレーキは駅手前での早すぎる停止を招きやすく、遅延13.7秒をさらに増やす非効率です。惰行へ切り替えてからのブレーキ開始が適切です。ノコギリ運転はなし。
922.0,T1,次駅への減速フェーズ（駅手前400m以内）,ブレーキ（減速）中,11.1,惰行,11.2,70.0,28.57,54.2,0.0,40.32,14.7,9.2,この先制限速度なし,854m先に下り勾配15.0‰あり,先行列車なし,後続列車なし,0.7,速度は制限内で衝突リスクはなし。残距離54.2mは必要ブレーキ距離40.32mを上回っているため、現在のブレーキは駅手前での早すぎる減速となり、停車位置が1m以上手前になる可能性がある。エネルギー面でも惰行での減速が望ましく、遅延も考慮するとやや非効率。安全は保たれるが改善余地あり。
923.0,T1,次駅への減速フェーズ（駅手前400m以内）,ブレーキ（減速）中,12.1,惰行,11.2,70.0,25.63,46.7,0.0,32.63,15.7,9.2,この先制限速度なし,846m先に下り勾配15.0‰あり,先行列車なし,後続列車なし,0.7,速度は制限内で衝突リスクなし。残距離46.7mは必要ブレーキ距離32.6mを上回り、現在のブレーキはやや早すぎて駅前約14mで停止する恐れがある。遅延15.7秒で早すぎる停止はダイヤ回復に不利。安全性は保たれるが効率・快適性が低く改善余地あり。ノコギリ運転はなし。
924.0,T1,次駅への減速フェーズ（駅手前400m以内）,ブレーキ（減速）中,13.1,惰行,11.2,70.0,22.69,39.9,0.0,25.76,16.7,9.2,この先制限速度なし,839m先に下り勾配15.0‰あり,先行列車なし,後続列車なし,0.5,速度は制限内で安全は保たれていますが、残距離39.9mに対し必要ブレーキ距離25.76mより早くブレーキを開始。遅延16.7秒の状況でさらに減速は非効率で、駅手前での適切な減速タイミングを逸しています。安全上の問題はないものの、時間・エネルギーの観点で不適切です。
925.0,T1,次駅への減速フェーズ（駅手前400m以内）,ブレーキ（減速）中,14.1,惰行,11.2,70.0,19.76,34.0,0.0,19.7,17.7,9.2,この先制限速度なし,834m先に下り勾配15.0‰あり,先行列車なし,後続列車なし,0.7,速度は制限内で安全性は確保されていますが、残距離34mに対しブレーキ開始が早すぎます。必要ブレーキ距離19.7mより前に減速しており、駅手前で停止し余分な加速が必要になるため省エネ性と定時回復の観点で不適切です。ノコギリ運転はなく安全は保たれています。
926.0,T1,次駅への減速フェーズ（駅手前400m以内）,ブレーキ（減速）中,15.1,惰行,11.2,70.0,16.84,29.0,0.0,14.45,18.7,9.2,この先制限速度なし,828m先に下り勾配15.0‰あり,先行列車なし,後続列車なし,0.8,制限速度内で先行列車なし。残距離29 mは必要ブレーキ距離14.45 mを上回り、減速フェーズでのブレーキは停止位置確保に適切。勾配9.2‰の上りでブレーキは必要で、定時到着まで0秒の残り時間からも加速は不適切。ノコギリ運転なし。遅延はあるが加速できず省エネはやや低下。総合評価は適切だが効率性に改善余地あり。
927.0,T1,次駅への減速フェーズ（駅手前400m以内）,ブレーキ（減速）中,16.1,惰行,11.2,70.0,13.92,24.7,0.0,10.02,19.7,9.2,この先制限速度なし,824m先に下り勾配15.0‰あり,先行列車なし,後続列車なし,0.6,速度は制限内で安全性は確保されていますが、残距離24.7mに対し必要ブレーキ距離10.0mを大きく上回っているため、ブレーキ開始が早すぎます。早すぎる減速は駅手前での過停止を招き、遅延回復や省エネに不利です。前後列車なしでノコギリ運転も認められません。安全は保たれるものの効率と快適性が低下しています。
928.0,T1,次駅への減速フェーズ（駅手前400m以内）,ブレーキ（減速）中,17.1,惰行,11.2,70.0,11.0,21.2,0.0,6.4,20.7,9.2,この先制限速度なし,821m先に下り勾配15.0‰あり,先行列車なし,後続列車なし,0.8,制限速度内でブレーキを継続し、残距離21.2 mは必要ブレーキ距離6.4 mを上回っているため停止は安全。惰行からの切替は正常でノコギリ運転なし。遅延はあるがエネルギー面で大きな問題はなく、適切な減速操作と判断できる。
929.0,T1,次駅への減速フェーズ（駅手前400m以内）,ブレーキ（減速）中,18.1,惰行,11.2,70.0,8.09,18.6,0.0,3.58,21.7,9.2,この先制限速度なし,818m先に下り勾配15.0‰あり,先行列車なし,後続列車なし,0.5,制限速度は守られ、前方列車もなし。残距離18.6mは必要ブレーキ距離3.58mを大きく上回っているのにブレーキを継続しているため、駅手前で過早に停止するリスクがある。安全は確保されているが、エネルギー無駄と停車位置のずれが生じやすく、効率・快適性が低下している。
930.0,T1,次駅への減速フェーズ（駅手前400m以内）,ブレーキ（減速）中,19.1,惰行,11.2,70.0,5.17,16.7,0.0,1.58,22.7,9.2,この先制限速度なし,816m先に下り勾配15.0‰あり,先行列車なし,後続列車なし,0.3,制限速度超過はなく安全距離も確保されていますが、現在速度5.2km/hで駅まで16.7mあり、必要ブレーキ距離は1.58mです。まだ十分距離があるのにブレーキを継続しているため、駅手前約15mで停止するリスクが高く、早すぎる減速となります。安全性は保たれるものの、停車位置誤差が大きくなるため評価は低めです。
931.0,T1,次駅への減速フェーズ（駅手前400m以内）,ブレーキ（減速）中,20.1,惰行,11.2,70.0,2.27,15.7,0.0,0.38,23.7,9.2,この先制限速度なし,815m先に下り勾配15.0‰あり,先行列車なし,後続列車なし,0.7,制限速度内でブレーキは減速フェーズに適切だが、残距離15.7 mに対し必要停止距離0.38 mと比較して過早に減速しており、エネルギー無駄と停車位置前倒しのリスクがある。安全性は確保され、先行列車もなし。遅延23.7 秒で定時余裕はないが、勾配9.2‰の上りでブレーキは妥当。惰行からの切替は早すぎず、ノコギリ運転はなし。
931.8,T1,駅停車完了（速度0km/h）,停止・その他,0.0,ブレーキ（減速）,20.8,70.0,0.0,15.5,0.0,0.01,24.5,9.2,この先制限速度なし,815m先に下り勾配15.0‰あり,先行列車なし,後続列車なし,0.0,Step1: 速度は制限内。Step2: 前方列車なし。Step3: 駅停車完了フェーズで停止位置が15.5m離れており、±1m基準を大幅に超過。±10mを超える誤差は致命的エラーとみなす。Step4‑6は不要。安全は保たれるが停止精度が極めて低く、評価は0.0となる。
1076.0,T1,次駅への減速フェーズ（駅手前400m以内）,惰行中,41.5,ブレーキ（減速）,2.7,70.0,59.47,397.6,10.2,186.95,0.0,0.0,この先制限速度なし,885m先に下り勾配6.7‰あり,先行列車なし,後続列車なし,0.9,速度は制限内で先行列車なし。残距離397.6mは必要ブレーキ距離186.9mを上回り、減速開始はまだ早すぎない。惰行は省エネで安全。直前のブレーキは2.7秒と短くノコギリ運転には該当せず、操作は概ね適切で高評価。
1077.0,T1,次駅への減速フェーズ（駅手前400m以内）,惰行中,42.5,ブレーキ（減速）,2.7,70.0,59.26,381.1,9.2,185.69,0.0,0.0,この先制限速度なし,869m先に下り勾配6.7‰あり,先行列車なし,後続列車なし,0.7,速度は制限内で先行列車なし。残距離381mは必要ブレーキ距離185mを上回り安全だが、減速フェーズでブレーキ開始が遅く、9.2秒で駅到着は危うく、エネルギー効率も低下。安全は保たれるが適切とは言えない。
1078.0,T1,次駅への減速フェーズ（駅手前400m以内）,惰行中,43.5,ブレーキ（減速）,2.7,70.0,59.06,364.7,8.2,184.44,0.0,0.0,この先制限速度なし,852m先に下り勾配6.7‰あり,先行列車なし,後続列車なし,0.9,制限速度内で先行列車なし。残距離364.7mは必要ブレーキ距離184.44mより長く、現在の惰行はブレーキ開始前の適切な減速手段。ノコギリ運転なし。定時余裕もあり安全・省エネで適切。
1079.0,T1,次駅への減速フェーズ（駅手前400m以内）,惰行中,44.5,ブレーキ（減速）,2.7,70.0,58.85,348.3,7.2,183.2,0.0,0.0,この先制限速度なし,836m先に下り勾配6.7‰あり,先行列車なし,後続列車なし,0.5,速度は制限内で衝突リスクもなし。残距離は必要ブレーキ距離(183m)を上回っているが、減速フェーズで惰行に切り替えたため、後続のブレーキが遅れやすく快適性と省エネ性が低下。ノコギリ運転はなし。
1080.0,T1,次駅への減速フェーズ（駅手前400m以内）,惰行中,45.5,ブレーキ（減速）,2.7,70.0,58.65,332.0,6.2,181.96,0.0,0.0,この先制限速度なし,819m先に下り勾配6.7‰あり,先行列車なし,後続列車なし,0.3,速度は制限内で衝突リスクもなし。距離は必要ブレーキ距離より長く、ブレーキ未実施のため駅到着まで6.2 秒で停止できず、遅延リスクが高い。安全は保たれるが、減速フェーズで惰行は不適切で効率・定時性が著しく欠ける。
1081.0,T1,次駅への減速フェーズ（駅手前400m以内）,惰行中,46.5,ブレーキ（減速）,2.7,70.0,58.44,315.7,5.2,180.73,0.0,0.0,この先制限速度なし,803m先に下り勾配6.7‰あり,先行列車なし,後続列車なし,0.9,速度は制限内で先行列車なし。残距離315.7mは必要ブレーキ距離180.73mより長く、現在の惰行は適切な減速開始前の待機と判断できる。ノコギリ運転は発生せず、安全性は確保されている。定時到着まで5.2秒の余裕があるため、加速せず惰行で走行し、後にブレーキ開始すれば停止位置は正確に保て、エネルギー効率も高く快適性に問題はない。
1082.0,T1,次駅への減速フェーズ（駅手前400m以内）,惰行中,47.5,ブレーキ（減速）,2.7,70.0,58.24,299.5,4.2,179.51,0.0,0.0,この先制限速度なし,787m先に下り勾配6.7‰あり,先行列車なし,後続列車なし,0.8,速度は制限内で先行列車なし。残距離299.5mは必要ブレーキ距離179.5mを上回っており、減速開始はまだ早く惰行は適切。ノコギリ運転なし。省エネで安全だが、定時到着の余裕が少ない点で若干改善余地。
1083.0,T1,次駅への減速フェーズ（駅手前400m以内）,惰行中,48.5,ブレーキ（減速）,2.7,70.0,58.04,283.3,3.2,178.3,0.0,0.0,この先制限速度なし,771m先に下り勾配6.7‰あり,先行列車なし,後続列車なし,0.9,速度は制限内で先行列車もなし。残距離283.3mは必要ブレーキ距離178.3mを上回っているため、減速開始前の惰行は安全かつ省エネ。直前のブレーキは短時間で不要な反転ではなく、ノコギリ運転にも該当しない。現在の操作は減速フェーズに適切である。
1084.0,T1,次駅への減速フェーズ（駅手前400m以内）,惰行中,49.5,ブレーキ（減速）,2.7,70.0,57.84,267.2,2.2,177.09,0.0,0.0,この先制限速度なし,755m先に下り勾配6.7‰あり,先行列車なし,後続列車なし,0.3,速度は制限内で先行列車なし。距離267mは必要ブレーキ距離177mを上回るが、減速フェーズで長時間惰行（49.5s）を続けているため停止位置オーバーランリスクが高く、安全性・効率性ともに不適切。
1085.0,T1,次駅への減速フェーズ（駅手前400m以内）,惰行中,50.5,ブレーキ（減速）,2.7,70.0,57.64,251.2,1.2,175.9,0.0,0.0,この先制限速度なし,739m先に下り勾配6.7‰あり,先行列車なし,後続列車なし,0.5,制限速度は守られ安全ですが、減速フェーズで惰行を続けているためブレーキ開始が遅れ、定時到着に対し効率が低下しています。安全性は確保されているものの、停止位置精度と省エネ性の観点で不適切です。
1086.0,T1,次駅への減速フェーズ（駅手前400m以内）,惰行中,51.5,ブレーキ（減速）,2.7,70.0,57.44,235.2,0.2,174.71,0.0,0.0,この先制限速度なし,723m先に下り勾配6.7‰あり,先行列車なし,後続列車なし,0.8,速度は制限内で安全性は確保されていますが、減速フェーズで必要なブレーキ開始点（174.71 m）より約60 m余裕があるにも関わらず、直前に2.7 秒のブレーキを行い現在は惰行に切り替えているため、ブレーキ開始がやや早すぎてエネルギー効率が低下しています。安全面は問題なし、効率面で改善余地あり。
1087.0,T1,次駅への減速フェーズ（駅手前400m以内）,惰行中,52.5,ブレーキ（減速）,2.7,70.0,57.24,219.3,0.0,173.53,0.8,0.0,この先制限速度なし,707m先に下り勾配6.7‰あり,先行列車なし,後続列車なし,0.7,速度は制限内で安全は保たれますが、減速フェーズで必要なブレーキ開始距離（173.5 m）に対し惰行を続けており、駅到達リスクと遅延が増大します。ノコギリ運転はなし。省エネは過剰で適切とは言えません。
1088.0,T1,次駅への減速フェーズ（駅手前400m以内）,惰行中,53.5,ブレーキ（減速）,2.7,70.0,57.04,203.4,0.0,172.35,1.8,0.0,この先制限速度なし,691m先に下り勾配6.7‰あり,先行列車なし,後続列車なし,0.7,速度は制限内で衝突リスクなし。残距離203.4 mは必要ブレーキ距離172.35 mを上回っているため、現在の惰行は許容範囲。直前の短時間ブレーキと惰行の切り替えは5秒未満の連続ではなく、ノコギリ運転と判定できない。遅延1.8 秒は小さいが、早めのブレーキ開始が望ましい。
1089.0,T1,次駅への減速フェーズ（駅手前400m以内）,惰行中,54.5,ブレーキ（減速）,2.7,70.0,56.84,187.6,0.0,171.19,2.8,0.0,この先制限速度なし,675m先に下り勾配6.7‰あり,先行列車なし,後続列車なし,0.3,制限速度内で先行列車なし。残距離187.6mは必要ブレーキ距離171.2mを上回り、すぐに減速すべきところを惰行に切り替えているため駅到達リスクとエネルギー無駄が大きく、減速フェーズでの操作として不適切。ノコギリ運転はなし。
1090.0,T1,次駅への減速フェーズ（駅手前400m以内）,ブレーキ（減速）中,0.3,惰行,55.1,70.0,55.65,171.9,0.0,165.66,3.8,0.0,この先制限速度なし,659m先に下り勾配6.7‰あり,先行列車なし,後続列車なし,0.8,制限速度内で先行列車なし。残距離171.9mは必要ブレーキ距離165.66mを上回り、ブレーキ開始は適切。遅延3.8秒で若干早めの減速だが安全・停止位置は確保。ノコギリ運転なし。省エネ面で若干改善余地。
1091.0,T1,次駅への減速フェーズ（駅手前400m以内）,ブレーキ（減速）中,1.3,惰行,55.1,70.0,52.96,156.8,0.0,150.43,4.8,0.0,この先制限速度なし,644m先に下り勾配6.7‰あり,先行列車なし,後続列車なし,0.9,制限速度内で、残距離156.8mは必要ブレーキ距離150.43mを上回り、減速フェーズでブレーキを開始したのは適切です。前方列車なしで安全距離は確保済み。ノコギリ運転は発生していません。遅延はあるものの、停止位置精度を優先すべきで、現在の操作は妥当です。ブレーキ開始がやや早く駅手前約6mで停止する可能性がありますが、±10m以内の安全範囲です。
1092.0,T1,次駅への減速フェーズ（駅手前400m以内）,ブレーキ（減速）中,2.3,惰行,55.1,70.0,50.28,142.5,0.0,135.94,5.8,0.0,この先制限速度なし,630m先に下り勾配6.7‰あり,先行列車なし,後続列車なし,0.7,制限速度内で先行列車なし。残距離142.5mは必要ブレーキ距離135.94mを上回り、減速フェーズでのブレーキは安全に停止できる。遅延5.8秒でブレーキを続けたため効率はやや低下するが安全上問題なし。ノコギリ運転は発生していない。
1093.0,T1,次駅への減速フェーズ（駅手前400m以内）,ブレーキ（減速）中,3.3,惰行,55.1,70.0,47.6,128.9,0.0,122.2,6.8,0.0,この先制限速度なし,616m先に下り勾配6.7‰あり,先行列車なし,後続列車なし,0.6,速度は制限内で安全性は確保されていますが、残距離128.9mは必要ブレーキ距離122.2mを上回っており、現在のブレーキは駅手前で早すぎる停止リスクがあります。遅延6.8秒の状況でさらに遅れを増す可能性があり、効率・定時性が低下しています。ノコギリ運転はなし。
1094.0,T1,次駅への減速フェーズ（駅手前400m以内）,ブレーキ（減速）中,4.3,惰行,55.1,70.0,44.94,116.0,0.0,109.2,7.8,0.0,この先制限速度なし,604m先に下り勾配6.7‰あり,先行列車なし,後続列車なし,0.7,制限速度内で安全に減速中だが、残距離116 mは必要ブレーキ距離109.2 mを6.8 m上回っており、やや早すぎるブレーキで駅手前に止まるリスクがある。ノコギリ運転はなし。遅延状態での余分な減速は効率低下につながる。
1095.0,T1,次駅への減速フェーズ（駅手前400m以内）,ブレーキ（減速）中,5.3,惰行,55.1,70.0,42.28,103.9,0.0,96.94,8.8,0.0,この先制限速度なし,591m先に下り勾配6.7‰あり,先行列車なし,後続列車なし,0.7,制限速度内で安全に減速していますが、残距離103.9mは必要ブレーキ距離96.94mを約7m上回っており、現在のブレーキは駅手前で止まりすぎるリスクがあります。遅延はあるものの安全は確保され、ノコギリ運転はなし。早すぎる減速により効率性がやや低下しているため、やや改善余地ありと判断しました。
1096.0,T1,次駅への減速フェーズ（駅手前400m以内）,ブレーキ（減速）中,6.3,惰行,55.1,70.0,39.62,92.5,0.0,85.41,9.8,0.0,この先制限速度なし,580m先に下り勾配6.7‰あり,先行列車なし,後続列車なし,0.8,制限速度を超えておらず、前方列車もなし。残距離92.5mは必要ブレーキ距離85.41mを上回っているため、ブレーキ開始は適切。ただしやや早めの減速で駅手前約7mで停止する可能性があり、若干の効率低下がある。ノコギリ運転は発生していない。安全性は確保されているが、最適なタイミングより少し早めのブレーキのため評価はやや減点。
1097.0,T1,次駅への減速フェーズ（駅手前400m以内）,ブレーキ（減速）中,7.3,惰行,55.1,70.0,36.98,81.9,0.0,74.63,10.8,0.0,この先制限速度なし,569m先に下り勾配6.7‰あり,先行列車なし,後続列車なし,0.8,制限速度内でブレーキは減速フェーズに適切。距離81.9mは必要ブレーキ距離74.63mを上回っているため、やや早めのブレーキで駅手前約7mで停止し、±10m以内だが±1mの精度には届かない。先行列車なし、ノコギリ運転もなし。安全は確保されているが停車位置とエネルギー効率で若干減点。
1098.0,T1,次駅への減速フェーズ（駅手前400m以内）,ブレーキ（減速）中,8.3,惰行,55.1,70.0,34.34,72.0,0.0,64.58,11.8,0.0,この先制限速度なし,560m先に下り勾配6.7‰あり,先行列車なし,後続列車なし,0.7,速度は制限内で安全距離も確保。減速フェーズでブレーキをかけている点は適切だが、残距離72 mは必要ブレーキ距離64.58 mを上回っており、やや早めの停止リスクがある。効率面での余裕はあるが早すぎる減速で遅延が増す可能性。ノコギリ運転はなし。
1099.0,T1,次駅への減速フェーズ（駅手前400m以内）,ブレーキ（減速）中,9.3,惰行,55.1,70.0,31.71,62.8,0.0,55.26,12.8,0.0,この先制限速度なし,550m先に下り勾配6.7‰あり,先行列車なし,後続列車なし,0.8,制限速度内で安全に減速中。残距離62.8mは必要ブレーキ距離55.26mを上回っており、駅停車に向けたブレーキ開始は適切。前後列車なし、ノコギリ運転もなし。遅延はあるが停車必須のため評価に大きく影響しない。
1100.0,T1,次駅への減速フェーズ（駅手前400m以内）,ブレーキ（減速）中,10.3,惰行,55.1,70.0,29.08,54.4,0.0,46.67,13.8,0.0,この先制限速度なし,542m先に下り勾配6.7‰あり,先行列車なし,後続列車なし,0.7,制限速度内で先行列車なし。残距離54.4mは必要ブレーキ距離46.67mを上回っており、減速フェーズでのブレーキは安全だが、遅延13.8秒の状態で早めにブレーキを開始したためエネルギー効率が低下。ノコギリ運転はなく、安全性は確保されているが遅延回復の観点で改善余地あり。
1101.0,T1,次駅への減速フェーズ（駅手前400m以内）,ブレーキ（減速）中,11.3,惰行,55.1,70.0,26.46,46.7,0.0,38.81,14.8,0.0,この先制限速度なし,534m先に下り勾配6.7‰あり,先行列車なし,後続列車なし,0.7,制限速度内で安全に減速中。先行列車なし。残距離46.7mは必要ブレーキ距離38.81mを上回り、やや早めに停止するリスクはあるが危険ではない。ノコギリ運転はなし。遅延はあるが停車必須のため評価に大きく影響しない。全体として適切だが停止位置精度向上が必要。
1102.0,T1,次駅への減速フェーズ（駅手前400m以内）,ブレーキ（減速）中,12.3,惰行,55.1,70.0,23.84,39.7,0.0,31.68,15.8,0.0,この先制限速度なし,527m先に下り勾配6.7‰あり,先行列車なし,後続列車なし,0.8,制限速度内で先行列車なし。残距離39.7mは必要ブレーキ距離31.68mを上回り、ブレーキ操作は適切。ノコギリ運転なし。遅延はあるが安全・停止位置は良好で、エネルギー面で若干早めの減速と評価。
1103.0,T1,次駅への減速フェーズ（駅手前400m以内）,ブレーキ（減速）中,13.3,惰行,55.1,70.0,21.23,33.4,0.0,25.27,16.8,0.0,この先制限速度なし,521m先に下り勾配6.7‰あり,先行列車なし,後続列車なし,0.9,制限速度内で先行列車なし。残距離33.4mは必要ブレーキ距離25.27mを上回り、減速フェーズでブレーキ中は適切。ノコギリ運転は発生せず、安全・停止は正当。
1104.0,T1,次駅への減速フェーズ（駅手前400m以内）,ブレーキ（減速）中,14.3,惰行,55.1,70.0,18.62,27.9,0.0,19.59,17.8,0.0,この先制限速度なし,515m先に下り勾配6.7‰あり,先行列車なし,後続列車なし,0.8,制限速度内で先行列車なし。残距離27.9mは必要ブレーキ距離19.59mを上回り安全に減速できている。遅延があるため早すぎるブレーキはやや非効率だが安全性は確保。ノコギリ運転もなし。
1105.0,T1,次駅への減速フェーズ（駅手前400m以内）,ブレーキ（減速）中,15.3,惰行,55.1,70.0,16.02,23.1,0.0,14.64,18.8,0.0,この先制限速度なし,511m先に下り勾配6.7‰あり,先行列車なし,後続列車なし,0.6,制限速度超過はなく安全は確保されていますが、駅まで23.1mで必要ブレーキ距離14.64mを上回っている状態でブレーキを続けているため、駅手前で早すぎる停止リスクがあり、遅延をさらに拡大させる可能性があります。ノコギリ運転はなく安全面は問題ありませんが、効率と快適性に改善余地があります。
1106.0,T1,次駅への減速フェーズ（駅手前400m以内）,ブレーキ（減速）中,16.3,惰行,55.1,70.0,13.42,19.0,0.0,10.4,19.8,0.0,この先制限速度なし,506m先に下り勾配6.7‰あり,先行列車なし,後続列車なし,0.7,制限速度内で減速フェーズにブレーキは安全だが、残距離19 mに対し必要停止距離10.4 mであり、現在のブレーキは駅手前約8 mで停止するリスクがある。早すぎる停止で精度が低く、効率はやや低下するが安全性は確保されている。
1107.0,T1,次駅への減速フェーズ（駅手前400m以内）,ブレーキ（減速）中,17.3,惰行,55.1,70.0,10.82,15.6,0.0,6.89,20.8,0.0,この先制限速度なし,503m先に下り勾配6.7‰あり,先行列車なし,後続列車なし,0.7,制限速度内で安全に減速していますが、残距離15.6mは必要ブレーキ距離6.89mを大きく上回っており、駅手前での早すぎるブレーキにより停車位置が手前になるリスクがあります。ノコギリ運転はなく安全は保たれていますが、効率面で改善余地があります。
1108.0,T1,次駅への減速フェーズ（駅手前400m以内）,ブレーキ（減速）中,18.3,惰行,55.1,70.0,8.23,13.0,0.0,4.1,21.8,0.0,この先制限速度なし,500m先に下り勾配6.7‰あり,先行列車なし,後続列車なし,0.4,制限速度は守られ安全ですが、次駅まで13mあり必要ブレーキ距離4.1mに対し減速を続けているため駅手前で約9m早く停止するリスクがあります。減速開始が早すぎて効率・快適性が低下しています。ノコギリ運転はなし。
1109.0,T1,次駅への減速フェーズ（駅手前400m以内）,ブレーキ（減速）中,19.3,惰行,55.1,70.0,5.64,11.1,0.0,2.03,22.8,0.0,この先制限速度なし,499m先に下り勾配6.7‰あり,先行列車なし,後続列車なし,0.6,速度は制限内で安全性は確保されていますが、駅まで11.1m残りながらブレーキを19秒続けているため停止位置が手前になるリスクがあり、エネルギー無駄が大きいです。遅延もある中での過早な減速は効率・快適性を損ねます。
1110.0,T1,次駅への減速フェーズ（駅手前400m以内）,ブレーキ（減速）中,20.3,惰行,55.1,70.0,3.05,9.8,0.0,0.68,23.8,0.0,この先制限速度なし,497m先に下り勾配6.7‰あり,先行列車なし,後続列車なし,0.8,制限速度内で安全に減速中。残距離9.8mに対し必要ブレーキ距離0.68mを考慮すればブレーキは適切だが、3km/hでのブレーキはエネルギー無駄で惰行で止めてもよい。安全は確保され快適性はやや低下。遅延は評価対象外。先行列車なしで安全距離問題もなし。ノコギリ運転なし。
1111.0,T1,次駅への減速フェーズ（駅手前400m以内）,ブレーキ（減速）中,21.3,惰行,55.1,70.0,0.47,9.4,0.0,0.05,24.8,0.0,この先制限速度なし,497m先に下り勾配6.7‰あり,先行列車なし,後続列車なし,0.4,制限速度内で安全は保たれていますが、減速フェーズで駅まで9.4 mあるのにブレーキを続けているため、所定停止位置より約9 m手前で停止するリスクが高く、惰行で接近してからブレーキすべきです。ノコギリ運転はなく安全間隔問題もありませんが、効率と快適性が低下しています。
1111.2,T1,駅停車完了（速度0km/h）,停止・その他,0.0,ブレーキ（減速）,21.4,70.0,0.0,9.3,0.0,0.01,25.0,0.0,この先制限速度なし,497m先に下り勾配6.7‰あり,先行列車なし,後続列車なし,0.3,制限速度超過はなく安全は保たれていますが、駅停車完了フェーズで停止位置が駅の所定位置から約9.3 m離れており±1 m以内の条件を満たしていません。現在のノッチは停止で適切ですが、位置誤差により評価を大幅に減点します。ノコギリ運転はなし。さらに25秒の遅延が生じており、定時性の観点でも不適切です。
1278.0,T1,次駅への減速フェーズ（駅手前400m以内）,力行（加速）中,32.6,惰行,39.2,70.0,67.6,398.6,9.4,222.06,0.0,6.1,この先制限速度なし,98m先に上り勾配9.2‰あり,先行列車なし,後続列車なし,0.5,速度は制限内で安全は保たれますが、減速フェーズで加速を続けているためブレーキ距離が伸び、駅到着時にオーバーランリスクが増大します。省エネ・定時性も損なわれており、操作は不適切です。
1279.0,T1,次駅への減速フェーズ（駅手前400m以内）,惰行中,0.9,力行（加速）,32.6,70.0,67.15,379.9,8.4,219.65,0.0,6.1,この先制限速度なし,79m先に上り勾配9.2‰あり,先行列車なし,後続列車なし,0.7,速度は制限内で安全距離も確保され、オーバーランリスクはなし。減速フェーズで惰行に切り替えたためブレーキ開始が遅れ、定時到着と省エネの両面で改善余地がある。ノコギリ運転はなし。
1280.0,T1,次駅への減速フェーズ（駅手前400m以内）,惰行中,1.9,力行（加速）,32.6,70.0,66.7,361.3,7.4,216.82,0.0,6.1,この先制限速度なし,61m先に上り勾配9.2‰あり,先行列車なし,後続列車なし,0.7,速度は制限内で先行列車もなし。残距離361.3mは必要ブレーキ距離216.8mより長く、まだブレーキ開始のタイミング前だが、到駅まで残り7.4秒と逼迫しており、すぐに減速すべき。現在の惰行は安全だが、やや遅すぎるため効率と定時性で減点。ノコギリ運転はなし。
1281.0,T1,次駅への減速フェーズ（駅手前400m以内）,惰行中,2.9,力行（加速）,32.6,70.0,66.26,342.9,6.4,214.03,0.0,6.1,この先制限速度なし,42m先に上り勾配9.2‰あり,先行列車なし,後続列車なし,0.8,速度は制限内で安全距離も確保されています。残距離342.9mは必要ブレーキ距離214.03mより長く、現在の惰行は余裕を持って減速開始を遅らせる適切な操作です。前後列車なし、ノコギリ運転もなし。省エネかつ安全ですが、次のブレーキ開始がやや遅れる可能性があるため満点ではありません。
1282.0,T1,次駅への減速フェーズ（駅手前400m以内）,惰行中,3.9,力行（加速）,32.6,70.0,65.82,324.5,5.4,211.26,0.0,6.1,この先制限速度なし,24m先に上り勾配9.2‰あり,先行列車なし,後続列車なし,0.9,速度は制限内で安全距離も確保。残距離324.5mは必要ブレーキ距離211.26mを上回っており、まだ減速開始のタイミング前。現在の惰行は適切で、次のブレーキ開始に備える省エネ操作となっている。ノコギリ運転や衝突リスクはなし。
1283.0,T1,次駅への減速フェーズ（駅手前400m以内）,惰行中,4.9,力行（加速）,32.6,70.0,65.38,306.3,4.4,208.52,0.0,6.1,この先制限速度なし,6m先に上り勾配9.2‰あり,先行列車なし,後続列車なし,0.9,速度は制限内で安全距離も確保。残距離306mは必要ブレーキ距離208.5mより長く、減速開始前の惰行はエネルギー節約に適切。前後の操作継続時間はノコギリ運転条件を満たさず、定時到着も問題なし。
1284.0,T1,次駅への減速フェーズ（駅手前400m以内）,惰行中,5.9,力行（加速）,32.6,70.0,64.88,288.2,3.4,198.09,0.0,9.2,この先制限速度なし,888m先に下り勾配20.0‰あり,先行列車なし,後続列車なし,0.3,速度は制限内で先行列車もなし。残距離288.2mはブレーキ距離198.09mより長いが、5.9秒の惰行で距離が減少し、すぐにブレーキ開始が必要。現在の惰行は減速フェーズで遅すぎ、停車位置オーバーランリスクが高く安全性・効率性が低下している。ノコギリ運転はなし。
1285.0,T1,次駅への減速フェーズ（駅手前400m以内）,惰行中,6.9,力行（加速）,32.6,70.0,64.33,270.3,2.4,194.86,0.0,9.2,この先制限速度なし,870m先に下り勾配20.0‰あり,先行列車なし,後続列車なし,0.8,速度は制限内で安全距離も確保。残距離270mは必要ブレーキ距離194mを上回っており、減速フェーズで惰行は適切。直前の力行継続時間が長くノコギリ運転なし。省エネはやや不足するが安全・快適性は良好。
1286.0,T1,次駅への減速フェーズ（駅手前400m以内）,惰行中,7.9,力行（加速）,32.6,70.0,63.79,252.5,1.4,191.67,0.0,9.2,この先制限速度なし,852m先に下り勾配20.0‰あり,先行列車なし,後続列車なし,0.2,速度は制限内で先行列車もなし。残距離252.5mは必要ブレーキ距離191.7mを上回り、減速フェーズで惰行は不適切。ブレーキ開始が遅れ安全性と省エネが低下しています。
1287.0,T1,次駅への減速フェーズ（駅手前400m以内）,惰行中,8.9,力行（加速）,32.6,70.0,63.25,234.8,0.4,188.51,0.0,9.2,この先制限速度なし,834m先に下り勾配20.0‰あり,先行列車なし,後続列車なし,0.7,速度は制限内で衝突リスクなし。残距離は必要ブレーキ距離より長く、減速フェーズで惰行は安全だが8.9秒は過長でブレーキ開始が遅れ、エネルギー効率と定時性が低下。ノコギリ運転はなし。
1288.0,T1,次駅への減速フェーズ（駅手前400m以内）,惰行中,9.9,力行（加速）,32.6,70.0,62.71,217.3,0.0,185.39,0.6,9.2,この先制限速度なし,817m先に下り勾配20.0‰あり,先行列車なし,後続列車なし,0.8,速度は制限内で先行列車なし。残距離217.3mは必要ブレーキ距離185.4mを上回り、上り勾配で自然減速が期待できるため惰行は安全。遅延0.6秒はあるが、ブレーキ開始はまだ余裕があるため大きな問題はない。省エネ的にも適切だが、早めのブレーキで停車精度向上の余地あり。
1289.0,T1,次駅への減速フェーズ（駅手前400m以内）,惰行中,10.9,力行（加速）,32.6,70.0,62.17,200.0,0.0,182.31,1.6,9.2,この先制限速度なし,799m先に下り勾配20.0‰あり,先行列車なし,後続列車なし,0.8,速度は制限内で先行列車もなし。残距離200mは必要ブレーキ距離182.31mを上回っているため、惰行で速度を自然減衰させつつブレーキ開始の余裕があり安全。遅延は1.6秒あるが、停車位置精度が最優先でありエネルギー効率も良好。ノコギリ運転はなし。
1290.0,T1,次駅への減速フェーズ（駅手前400m以内）,ブレーキ（減速）中,0.4,惰行,11.4,70.0,60.39,182.9,0.0,173.63,2.6,9.2,この先制限速度なし,782m先に下り勾配20.0‰あり,先行列車なし,後続列車なし,0.8,速度は制限内で安全距離も確保され、先行列車なし。残距離182.9mは必要ブレーキ距離173.6mを上回っているため、ブレーキ開始はやや早めで、駅手前での早すぎる停止リスクがある。遅延2.6秒でブレーキ継続時間が短く、効率はやや低下するが安全性は保たれる。
1291.0,T1,次駅への減速フェーズ（駅手前400m以内）,ブレーキ（減速）中,1.4,惰行,11.4,70.0,57.36,166.5,0.0,157.11,3.6,9.2,この先制限速度なし,766m先に下り勾配20.0‰あり,先行列車なし,後続列車なし,0.8,速度は制限内で先行列車なし。残距離166.5mは必要ブレーキ距離157.1mを上回り、減速フェーズでのブレーキ開始は適切。ノコギリ運転は発生せず、安全は確保。遅延3.6秒でエネルギー効率はやや低下するが、停止位置精度は保たれているため高評価。
1292.0,T1,次駅への減速フェーズ（駅手前400m以内）,ブレーキ（減速）中,2.4,惰行,11.4,70.0,54.35,151.0,0.0,141.42,4.6,9.2,この先制限速度なし,751m先に下り勾配20.0‰あり,先行列車なし,後続列車なし,0.8,速度は制限内で先行列車なし。残距離151mは必要ブレーキ距離141.4mを上回っており、減速フェーズでブレーキをかけているので安全は確保。前走での惰行は5秒超えているためノコギリ運転なし。上り勾配9.2‰で減速が自然に助かり、遅延はあるが停車位置の誤差リスクは低く、エネルギー面で若干過剰ブレーキだが許容範囲。
1293.0,T1,次駅への減速フェーズ（駅手前400m以内）,ブレーキ（減速）中,3.4,惰行,11.4,70.0,51.34,136.3,0.0,126.58,5.6,9.2,この先制限速度なし,736m先に下り勾配20.0‰あり,先行列車なし,後続列車なし,0.8,速度は制限内で先行列車もなし。残距離136.3mは必要ブレーキ距離126.58mを上回っており、減速操作は安全です。ただしブレーキ開始がやや早く、余裕を利用してもう少し惰行すればエネルギーと遅延の削減が可能です。快適性・安全性は確保されていますが効率面で改善余地があります。
1294.0,T1,次駅への減速フェーズ（駅手前400m以内）,ブレーキ（減速）中,4.4,惰行,11.4,70.0,48.34,122.5,0.0,112.57,6.6,9.2,この先制限速度なし,722m先に下り勾配20.0‰あり,先行列車なし,後続列車なし,0.7,速度は制限内で前方列車なし。残距離122.5mは必要ブレーキ距離112.57mを上回り、減速フェーズでブレーキは安全に適切。ただし6.6秒遅延があるため、惰行で遅れ回復を図る余地があり、効率はやや低い。ノコギリ運転はなし。
1295.0,T1,次駅への減速フェーズ（駅手前400m以内）,ブレーキ（減速）中,5.4,惰行,11.4,70.0,45.36,109.5,0.0,99.39,7.6,9.2,この先制限速度なし,709m先に下り勾配20.0‰あり,先行列車なし,後続列車なし,0.8,制限速度内で先行列車なし。残距離109.5mは必要ブレーキ距離99.39mを上回り、減速フェーズでブレーキ継続は適切。遅延はあるが停止位置精度優先のため問題なし。ノコギリ運転もなし。
1296.0,T1,次駅への減速フェーズ（駅手前400m以内）,ブレーキ（減速）中,6.4,惰行,11.4,70.0,42.38,97.3,0.0,87.04,8.6,9.2,この先制限速度なし,697m先に下り勾配20.0‰あり,先行列車なし,後続列車なし,0.6,速度は制限内で安全は保たれていますが、残距離97.3 mに対し必要ブレーキ距離87.04 mより遠く、早すぎるブレーキで駅手前約10 mで止まるリスクがあり、遅延8.6 秒を考慮するとエネルギー無駄と到着遅れが増すため、効率・快適性が低下しています。
1297.0,T1,次駅への減速フェーズ（駅手前400m以内）,ブレーキ（減速）中,7.4,惰行,11.4,70.0,39.4,85.9,0.0,75.51,9.6,9.2,この先制限速度なし,685m先に下り勾配20.0‰あり,先行列車なし,後続列車なし,0.7,速度は制限内で衝突リスクはなし。距離85.9 mに対し必要ブレーキ距離75.5 mより長く、現在ブレーキをかけているため駅手前約10 mで停止するリスクがある。減速操作は妥当だが、もう少し待機すべきでエネルギー効率が低下。ノコギリ運転はなし。
1298.0,T1,次駅への減速フェーズ（駅手前400m以内）,ブレーキ（減速）中,8.4,惰行,11.4,70.0,36.44,75.4,0.0,64.82,10.6,9.2,この先制限速度なし,675m先に下り勾配20.0‰あり,先行列車なし,後続列車なし,0.7,速度は制限内で前方列車なし。残距離75.4mは必要ブレーキ距離64.8mを上回り、現在ブレーキは安全だが早すぎて駅手前約10mで停止リスクがあり、遅延10.6秒の中で更なる遅れを招くため効率が低い。安全は保たれるがタイミングと省エネ面で改善が必要。
1299.0,T1,次駅への減速フェーズ（駅手前400m以内）,ブレーキ（減速）中,9.4,惰行,11.4,70.0,33.48,65.7,0.0,54.94,11.6,9.2,この先制限速度なし,665m先に下り勾配20.0‰あり,先行列車なし,後続列車なし,0.9,制限速度内で、減速フェーズにおいてブレーキ操作は適切。残距離65.7 mは必要ブレーキ距離54.94 mを上回り安全に停止できる。前方列車なし、ノコギリ運転もなし。遅延はあるが即時停止が必要なため効率は妥当。
1300.0,T1,次駅への減速フェーズ（駅手前400m以内）,ブレーキ（減速）中,10.4,惰行,11.4,70.0,30.53,56.8,0.0,45.89,12.6,9.2,この先制限速度なし,656m先に下り勾配20.0‰あり,先行列車なし,後続列車なし,0.7,速度は制限内で衝突リスクはなし。残距離56.8mは必要ブレーキ距離45.9mを上回っているが、現在ブレーキを続けているため駅手前で過度に減速し、停車位置が手前になる可能性がある。遅延12.6秒である点も考慮すると、ブレーキ継続は効率的でなく改善余地がある。ノコギリ運転はなし。
1301.0,T1,次駅への減速フェーズ（駅手前400m以内）,ブレーキ（減速）中,11.4,惰行,11.4,70.0,27.58,48.7,0.0,37.65,13.6,9.2,この先制限速度なし,648m先に下り勾配20.0‰あり,先行列車なし,後続列車なし,0.7,速度は制限内で安全は確保されていますが、駅まで48.7 mで必要ブレーキ距離37.65 mより遠く、早すぎるブレーキにより約10 m手前で停止するリスクがあります。減速は正しいが開始が早すぎ省エネ性が低く、遅延も考慮すれば改善余地あり。ノコギリ運転はなし。
1302.0,T1,次駅への減速フェーズ（駅手前400m以内）,ブレーキ（減速）中,12.4,惰行,11.4,70.0,24.64,41.5,0.0,30.24,14.6,9.2,この先制限速度なし,641m先に下り勾配20.0‰あり,先行列車なし,後続列車なし,0.5,速度は制限内で衝突リスクはなし。残距離41.5 mに対し必要ブレーキ距離30.24 mより長く、早すぎるブレーキで駅手前約11 mで停止する恐れがある。惰行からの切替は長時間でノコギリ運転なし。遅延がある上にエネルギー無駄。安全は保たれるが効率と正確性に課題。
1303.0,T1,次駅への減速フェーズ（駅手前400m以内）,ブレーキ（減速）中,13.4,惰行,11.4,70.0,21.71,35.0,0.0,23.63,15.6,9.2,この先制限速度なし,635m先に下り勾配20.0‰あり,先行列車なし,後続列車なし,0.7,制限速度内で安全にブレーキしているが、残距離35 mに対し必要停止距離23.6 mと余裕があるため、惰行でエネルギー節約すべき。遅延15.6 秒で早すぎる減速は到着遅れを増す。安全は確保されているが効率・定時性に改善余地あり。
1304.0,T1,次駅への減速フェーズ（駅手前400m以内）,ブレーキ（減速）中,14.4,惰行,11.4,70.0,18.78,29.4,0.0,17.85,16.6,9.2,この先制限速度なし,629m先に下り勾配20.0‰あり,先行列車なし,後続列車なし,0.8,速度は制限内で前方列車なし。残距離29.4 mは必要ブレーキ距離17.85 mを上回り、減速フェーズでブレーキ操作は適切。勾配9.2‰の上りで自然減速が助け、直前の惰行からの切替もスムーズでノコギリ運転はなし。遅延はあるが安全・停止位置は問題なく、効率面でやや改善余地あり。
1305.0,T1,次駅への減速フェーズ（駅手前400m以内）,ブレーキ（減速）中,15.4,惰行,11.4,70.0,15.86,24.6,0.0,12.87,17.6,9.2,この先制限速度なし,624m先に下り勾配20.0‰あり,先行列車なし,後続列車なし,0.4,速度は制限内で安全だが、駅まで24.6 m、必要停止距離12.9 mのため現在のブレーキは駅手前約12 mで止まり過ぎる。上り勾配9.2‰で減速効果が増し、早すぎる停止リスクが高まる。結果として再加速が必要となり、乗客の快適性と定時性が損なわれ省エネ性も低下する。ノコギリ運転はなし。
1306.0,T1,次駅への減速フェーズ（駅手前400m以内）,ブレーキ（減速）中,16.4,惰行,11.4,70.0,12.94,20.6,0.0,8.71,18.6,9.2,この先制限速度なし,620m先に下り勾配20.0‰あり,先行列車なし,後続列車なし,0.5,制限速度内で安全は保たれていますが、残距離20.6 mに対し必要ブレーキ距離8.71 mより早くブレーキを掛け続けており、駅手前で過剰減速し停車位置が手前にずれます。現在の遅延は18.6秒、上り勾配9.2‰で自然減速が期待できる中、不要なブレーキを16.4秒続けたためエネルギー消費と遅延が増大しています。ノコギリ運転はなし。
1307.0,T1,次駅への減速フェーズ（駅手前400m以内）,ブレーキ（減速）中,17.4,惰行,11.4,70.0,10.02,17.4,0.0,5.36,19.6,9.2,この先制限速度なし,617m先に下り勾配20.0‰あり,先行列車なし,後続列車なし,0.2,制限速度内で衝突リスクは無いが、残距離17.4 mに対しブレーキを継続し、必要停止距離5.36 mより早く減速しているため駅手前での早すぎる停止となり、遅延19.6 秒の回復が妨げられる。操作は安全だが効率・快適性が著しく低く不適切。
1308.0,T1,次駅への減速フェーズ（駅手前400m以内）,ブレーキ（減速）中,18.4,惰行,11.4,70.0,7.11,15.0,0.0,2.82,20.6,9.2,この先制限速度なし,615m先に下り勾配20.0‰あり,先行列車なし,後続列車なし,0.6,速度は制限内で安全ですが、駅手前400m以内で15m離れた地点からブレーキを続けているため、停止位置が駅より1m以上手前になるリスクがあり、エネルギー無駄が目立ちます。安全は保たれるものの、効率と快適性の観点で改善が必要です。
1309.0,T1,次駅への減速フェーズ（駅手前400m以内）,ブレーキ（減速）中,19.4,惰行,11.4,70.0,4.2,13.5,0.0,1.09,21.6,9.2,この先制限速度なし,613m先に下り勾配20.0‰あり,先行列車なし,後続列車なし,0.3,制限速度は守られ、前方列車もなし。残距離13.5mに対し必要ブレーキ距離は1.09mで、現在ブレーキ中は駅手前で過早に停止するリスクが高く、減速開始が不適切。ノコギリ運転はなし。遅延や勾配はあるが安全は保たれるものの、停車位置誤差が大きく効率・快適性が低下している。
1310.0,T1,次駅への減速フェーズ（駅手前400m以内）,ブレーキ（減速）中,20.4,惰行,11.4,70.0,1.29,12.7,0.0,0.16,22.6,9.2,この先制限速度なし,612m先に下り勾配20.0‰あり,先行列車なし,後続列車なし,0.5,制限速度超過はなく安全は保たれていますが、残距離12.7mに対し必要ブレーキ距離0.16mしかないため、現在のブレーキは駅手前での早すぎる停止を招き、効率と快適性が低下しています。減速フェーズでの操作は不適切です。
1310.5,T1,駅停車完了（速度0km/h）,停止・その他,0.0,ブレーキ（減速）,20.8,70.0,0.0,12.6,0.0,0.01,23.1,9.2,この先制限速度なし,612m先に下り勾配20.0‰あり,先行列車なし,後続列車なし,0.0,制限速度超過はなく安全は保たれていますが、駅停車完了フェーズで停止位置が目標から12.6m離れており±10mを超える誤差です。遅延や前方列車はなしですが、停止位置誤差が致命的なため評価は0.0となります。
1460.0,T1,次駅への減速フェーズ（駅手前400m以内）,惰行中,38.6,ブレーキ（減速）,2.9,70.0,59.25,394.5,12.1,185.66,0.0,0.0,この先制限速度なし,この先目立った勾配なし,先行列車なし,後続列車なし,0.8,速度は制限内で先行列車もなし。距離394.5mは必要ブレーキ距離185.66mより十分余裕があり、減速開始はまだ先でも問題なし。現在は惰行で省エネだが、到着まで12.1秒と残り距離を考えるとすぐにブレーキに移行すべきで、若干遅れ気味。安全は確保されているが効率面で改善余地あり。
1461.0,T1,次駅への減速フェーズ（駅手前400m以内）,惰行中,39.6,ブレーキ（減速）,2.9,70.0,59.05,378.1,11.1,184.4,0.0,0.0,この先制限速度なし,この先目立った勾配なし,先行列車なし,後続列車なし,0.4,制限速度は守られていますが、減速フェーズでブレーキをかけずに惰行を続けているため停止開始が遅れ、到着直前に急ブレーキが必要になるリスクがあります。安全性は保たれるものの、効率と快適性が低下しています。
1462.0,T1,次駅への減速フェーズ（駅手前400m以内）,惰行中,40.6,ブレーキ（減速）,2.9,70.0,58.85,361.7,10.1,183.16,0.0,0.0,この先制限速度なし,この先目立った勾配なし,先行列車なし,後続列車なし,0.8,速度は制限内で先行列車もなし。残距離361.7mは必要ブレーキ距離183.16mを上回っており、減速開始はまだ早い。現在の惰行は安全で省エネだが、早めのブレーキ開始でよりスムーズな停止が可能なため完璧とは言えない。
