time,train_id,phase,current_notch,holding_time,prev_notch,prev_notch_duration,speed_limit,current_speed,dist_to_next_station,time_to_next_station,delay,current_gradient,next_limit_info,next_gradient_info,forward_info,backward_info,reward,reason
0.0,T1,駅出発直後の加速フェーズ（20秒以内）,力行（加速）中,0.0,なし（または停止）,0.0,70.0,1.57,1699.9,113.4,0.0,0.0,この先制限速度なし,この先目立った勾配なし,先行列車なし,後続列車なし,0.5,安全は問題なく速度も制限内で定時に必要な加速だが、直前・現在のノッチ保持時間が0秒でハンチングとみなされ快適性が低く評価を減点する。
1.0,T1,駅出発直後の加速フェーズ（20秒以内）,力行（加速）中,1.0,なし（または停止）,0.0,70.0,4.58,1699.0,112.4,0.0,0.0,この先制限速度なし,この先目立った勾配なし,先行列車なし,後続列車なし,0.9,安全は問題なく、制限速度内で加速は必要。効率的に加速しハンチングはなく、運転者好みと合致。
2.0,T1,駅出発直後の加速フェーズ（20秒以内）,力行（加速）中,2.0,なし（または停止）,0.0,70.0,7.44,1697.4,111.4,0.0,0.0,この先制限速度なし,この先目立った勾配なし,先行列車なし,後続列車なし,0.8,安全は確保され速度は制限内。定時到達に必要な平均55km/hに向け加速は妥当で、ノッチ切替は少なく快適性も高い。運転者好みの加速後惰行戦略に合致。
3.0,T1,駅出発直後の加速フェーズ（20秒以内）,力行（加速）中,3.0,なし（または停止）,0.0,70.0,10.15,1694.9,110.4,0.0,0.0,この先制限速度なし,この先目立った勾配なし,先行列車なし,後続列車なし,0.9,安全面で制限超過はなく、次駅到達に必要な平均55km/hに向け加速は適切。ノッチ保持3秒は出発直後の正常操作で、ハンチングや過剰な加減速は見られず快適性も高い。
4.0,T1,駅出発直後の加速フェーズ（20秒以内）,力行（加速）中,4.0,なし（または停止）,0.0,70.0,12.71,1691.7,109.4,0.0,0.0,この先制限速度なし,この先目立った勾配なし,先行列車なし,後続列車なし,0.9,安全面は制限速度内で問題なし。次駅到達に必要な平均55.7km/hを考慮し、加速は適切。ノッチ保持4秒でハンチングなし、乗り心地も良好。運転者の加速・惰行方針に合致。
5.0,T1,駅出発直後の加速フェーズ（20秒以内）,力行（加速）中,5.0,なし（または停止）,0.0,70.0,15.14,1687.9,108.4,0.0,0.0,この先制限速度なし,この先目立った勾配なし,先行列車なし,後続列車なし,0.8,安全は問題なく制限超過なし。定時到達に必要な平均56km/hに対し現在は低速で、加速継続は妥当。ノッチ切替は少なく快適性も高い。運転手の好みと合致。
6.0,T1,駅出発直後の加速フェーズ（20秒以内）,力行（加速）中,6.0,なし（または停止）,0.0,70.0,17.45,1683.3,107.4,0.0,0.0,この先制限速度なし,この先目立った勾配なし,先行列車なし,後続列車なし,0.9,安全は完全に守られ、必要速度56.5km/hに向け加速中で効率的。ノッチ切替は少なく快適性も高く、運転手の好みと合致。
7.0,T1,駅出発直後の加速フェーズ（20秒以内）,力行（加速）中,7.0,なし（または停止）,0.0,70.0,19.63,1678.2,106.4,0.0,0.0,この先制限速度なし,この先目立った勾配なし,先行列車なし,後続列車なし,0.9,安全面は制限速度遵守で問題なし。残距離・時間からは平均56.8km/h必要で、加速継続は妥当。ノッチ切替は少なく快適性も高く、運転者好みと合致。先行・後続列車なしで停止距離の余裕もあり、エネルギー無駄も少ない。
8.0,T1,駅出発直後の加速フェーズ（20秒以内）,力行（加速）中,8.0,なし（または停止）,0.0,70.0,21.7,1672.4,105.4,0.0,0.0,この先制限速度なし,この先目立った勾配なし,先行列車なし,後続列車なし,0.9,安全面は制限速度内で前方列車なし。残距離・時間から57km/hが必要で、加速中は適切。ノッチ保持8秒でハンチングなし、快適性も高く、運転手の加速→惰行方針に合致。
9.0,T1,駅出発直後の加速フェーズ（20秒以内）,力行（加速）中,9.0,なし（または停止）,0.0,70.0,23.65,1666.1,104.4,0.0,0.0,この先制限速度なし,この先目立った勾配なし,先行列車なし,後続列車なし,0.9,安全は完全に守られ、加速は定時到達に必要な速度へ向かう適切な操作。ノッチ切替は少なく快適で、運転手の加速後惰行志向にも合致。
10.0,T1,駅出発直後の加速フェーズ（20秒以内）,力行（加速）中,10.0,なし（または停止）,0.0,70.0,25.51,1659.3,103.4,0.0,0.0,この先制限速度なし,この先目立った勾配なし,先行列車なし,後続列車なし,0.9,安全は制限速度70km/h以下で確保。残距離1659m・残時103sから必要平均57.8km/hで、現在加速中の25.5km/hは妥当。ノッチ切替は連続せず快適。総合評価0.9。
11.0,T1,駅出発直後の加速フェーズ（20秒以内）,力行（加速）中,11.0,なし（または停止）,0.0,70.0,27.26,1652.0,102.4,0.0,0.0,この先制限速度なし,この先目立った勾配なし,先行列車なし,後続列車なし,0.9,安全は問題なく制限超過なし。残距離・時間から58km/hが必要で、現在の加速は速度到達に適切。ノッチ切替は少なく乗り心地良好。運転者の加速後惰行志向と一致。
12.0,T1,駅出発直後の加速フェーズ（20秒以内）,力行（加速）中,12.0,なし（または停止）,0.0,70.0,28.93,1644.2,101.4,0.0,0.0,この先制限速度なし,この先目立った勾配なし,先行列車なし,後続列車なし,0.8,安全は制限速度内で確保。残距離・時間から58km/hが必要で、加速中は適切。ノッチ切替は少なく快適。運転者の加速→惰行志向に合致。
13.0,T1,駅出発直後の加速フェーズ（20秒以内）,力行（加速）中,13.0,なし（または停止）,0.0,70.0,30.5,1635.9,100.4,0.0,0.0,この先制限速度なし,この先目立った勾配なし,先行列車なし,後続列車なし,0.9,安全に制限速度以下で加速中。残距離・残時間から必要平均速度≈58.7km/hで、現在の加速は妥当。ノッチ保持13秒で切替少なく快適性も高く、運転好みと合致。
14.0,T1,駅出発直後の加速フェーズ（20秒以内）,力行（加速）中,14.0,なし（または停止）,0.0,70.0,31.99,1627.2,99.4,0.0,0.0,この先制限速度なし,この先目立った勾配なし,先行列車なし,後続列車なし,0.9,安全面で速度超過なし、必要平均速度59km/hに向けた加速は適切。停止後の力行は一回だけで切替え少なく快適性も高く、効率的に定時到達が見込める。
15.0,T1,駅出発直後の加速フェーズ（20秒以内）,力行（加速）中,15.0,なし（または停止）,0.0,70.0,33.4,1618.2,98.4,0.0,0.0,この先制限速度なし,この先目立った勾配なし,先行列車なし,後続列車なし,0.9,安全面で速度超過なし、必要平均速度59km/hを満たすため加速は適切。保持時間15秒でノコギリ運転なし、快適かつ効率的。エネルギー無駄なく、制限速度ギリギリまで加速し、運転手好みと合致。
16.0,T1,駅出発直後の加速フェーズ（20秒以内）,力行（加速）中,16.0,なし（または停止）,0.0,70.0,34.74,1608.7,97.4,0.0,0.0,この先制限速度なし,この先目立った勾配なし,先行列車なし,後続列車なし,0.8,安全面は制限速度内で問題なし。残距離・時間から必要平均速度≈60km/hで、現在34.7km/hは不足しているため加速継続は適切。ノッチ保持が16秒と長く、ハンチングなしで乗り心地も良好。以上より高評価とする。
17.0,T1,駅出発直後の加速フェーズ（20秒以内）,力行（加速）中,17.0,なし（または停止）,0.0,70.0,36.0,1598.9,96.4,0.0,0.0,この先制限速度なし,この先目立った勾配なし,先行列車なし,後続列車なし,0.9,安全面では速度超過なしで停止距離も問題なし。残距離・残時間から必要平均速度≈60km/hで、現在36km/hのため加速継続は妥当。ノッチ保持時間は17秒と長く、ハンチングは発生していない。快適性も高く評価できる。
18.0,T1,駅出発直後の加速フェーズ（20秒以内）,力行（加速）中,18.0,なし（または停止）,0.0,70.0,37.2,1588.7,95.4,0.0,0.0,この先制限速度なし,この先目立った勾配なし,先行列車なし,後続列車なし,0.8,安全は制限速度内で問題なし。残距離・時間から必要平均速度≈60km/hで、現在37km/hのため加速継続は妥当。ノッチ切替は1回だけで快適性も高く、保持時間も長い。
19.0,T1,駅出発直後の加速フェーズ（20秒以内）,力行（加速）中,19.0,なし（または停止）,0.0,70.0,38.33,1578.2,94.4,0.0,0.0,この先制限速度なし,この先目立った勾配なし,先行列車なし,後続列車なし,0.8,安全は問題なし、制限超過なし。速度が定時平均に届かず加速が必要で、現在の連続力行は適切。ノッチ切替少なく快適。
20.0,T1,駅出発直後の加速フェーズ（20秒以内）,力行（加速）中,20.0,なし（または停止）,0.0,70.0,39.4,1567.4,93.4,0.0,0.0,この先制限速度なし,この先目立った勾配なし,先行列車なし,後続列車なし,0.9,安全は制限内で問題なし。残距離・時間から平均60km/h必要で、加速継続は適切。ノッチ切替は少なく快適。先行・後続列車なしで安全距離確保。効率的に目標速度へ上げ、無駄な減速なし。
21.0,T1,巡航フェーズ（駅間走行中）,力行（加速）中,21.0,なし（または停止）,0.0,70.0,40.42,1556.3,92.4,0.0,0.0,この先制限速度なし,この先目立った勾配なし,先行列車なし,後続列車なし,0.8,安全は制限内で問題なし。残距離・時間から平均60.6km/h必要で加速は妥当。21秒連続の力行でノッチ切替は少なく、乗り心地も良好。運転手の加速後惰行志向と合致し、総合評価は高い。
22.0,T1,巡航フェーズ（駅間走行中）,力行（加速）中,22.0,なし（または停止）,0.0,70.0,41.38,1545.0,91.4,0.0,0.0,この先制限速度なし,この先目立った勾配なし,先行列車なし,後続列車なし,0.9,安全は問題なし。速度が制限の半分以下で定時に遅れそうなため加速は適切。ノッチ切替は少なく快適。現在の加速保持時間22秒は十分で、無駄なハンチングは見られず、運転者の好みと合致している。
23.0,T1,巡航フェーズ（駅間走行中）,力行（加速）中,23.0,なし（または停止）,0.0,70.0,42.28,1533.3,90.4,0.0,0.0,この先制限速度なし,この先目立った勾配なし,先行列車なし,後続列車なし,0.8,安全面では制限速度を守り超過なし。残距離・時間から平均61km/hが必要で、現在42km/hのため加速は妥当。加速保持時間23秒は十分で、頻繁なノッチ切替もなく快適性も良好。運転者の加速・惰行方針に合致し評価は高い。
24.0,T1,巡航フェーズ（駅間走行中）,力行（加速）中,24.0,なし（または停止）,0.0,70.0,43.16,1521.5,89.4,0.0,0.0,この先制限速度なし,この先目立った勾配なし,先行列車なし,後続列車なし,0.8,速度が制限の半分以下で定時に遅れ、必要平均61km/hに達すべく加速は安全かつ適切。切替は少なく快適だが、まだ目標速度に未達でエネルギー余剰はない。
25.0,T1,巡航フェーズ（駅間走行中）,力行（加速）中,25.0,なし（または停止）,0.0,70.0,44.03,1509.4,88.4,0.0,0.0,この先制限速度なし,この先目立った勾配なし,先行列車なし,後続列車なし,0.9,安全は制限速度内で確保。残距離・残時間から必要速度≈61km/hで、44km/hの加速は妥当。ノッチ切替は少なく快適で、運転者の好みと合致。
26.0,T1,巡航フェーズ（駅間走行中）,力行（加速）中,26.0,なし（または停止）,0.0,70.0,44.88,1497.0,87.4,0.0,0.0,この先制限速度なし,この先目立った勾配なし,先行列車なし,後続列車なし,0.9,安全面は制限超過なし。残距離・時間から必要平均61.7km/hで、現在44.9km/hのため加速は妥当。加速継続26秒で切替少なく快適性も高く、運転者好みと合致。
27.0,T1,巡航フェーズ（駅間走行中）,力行（加速）中,27.0,なし（または停止）,0.0,70.0,45.71,1484.4,86.4,0.0,0.0,この先制限速度なし,この先目立った勾配なし,先行列車なし,後続列車なし,0.9,安全面で速度超過なし、必要平均速度61.9km/hに対し現在45.7km/hで遅れているため加速は妥当。加速は27秒間継続し切替少なく快適性も高く、運転者の加速後惰行方針に合致。
28.0,T1,巡航フェーズ（駅間走行中）,力行（加速）中,28.0,なし（または停止）,0.0,70.0,46.54,1471.6,85.4,0.0,0.0,この先制限速度なし,この先目立った勾配なし,先行列車なし,後続列車なし,0.8,安全面は制限速度内で問題なし。残距離・時間から平均62km/h必要で、加速中は妥当。ノッチ切替は少なく快適。全体的に適切だが速度がまだ不足気味。遅延は0秒で安全余裕あり、先行列車なしで無理な減速も不要。
29.0,T1,巡航フェーズ（駅間走行中）,力行（加速）中,29.0,なし（または停止）,0.0,70.0,47.34,1458.6,84.4,0.0,0.0,この先制限速度なし,この先目立った勾配なし,先行列車なし,後続列車なし,0.7,安全は制限内で問題なし。残距離・時間から必要平均速度は62km/hで、現在47km/hと不足。加速継続は妥当だが、まだ目標速度に達しておらず効率はやや低下。ノッチ切替は少なく快適性は高い。
30.0,T1,巡航フェーズ（駅間走行中）,力行（加速）中,30.0,なし（または停止）,0.0,70.0,48.14,1445.3,83.4,0.0,0.0,この先制限速度なし,この先目立った勾配なし,先行列車なし,後続列車なし,0.8,安全は制限速度70km/hを下回り超過なし。残距離1445m・残時間83sから必要平均速度は約62km/hで、現在48km/hだが加速を続けているため到達見込み。ノッチ保持30秒で切替少なく乗り心地良好。
31.0,T1,巡航フェーズ（駅間走行中）,力行（加速）中,31.0,なし（または停止）,0.0,70.0,48.92,1431.8,82.4,0.0,0.0,この先制限速度なし,この先目立った勾配なし,先行列車なし,後続列車なし,0.9,安全は制限内で問題なし。残距離・時間から必要平均62.6km/hで加速は必須。31秒の連続力行はハンチングなく快適。効率的に速度上げているため高評価。
32.0,T1,巡航フェーズ（駅間走行中）,力行（加速）中,32.0,なし（または停止）,0.0,70.0,49.69,1418.1,81.4,0.0,0.0,この先制限速度なし,この先目立った勾配なし,先行列車なし,後続列車なし,0.9,現在速度49.7km/hは残距離1418m・残時間81.4sから算出される必要平均速度62.8km/hを下回っており、制限70km/hを超えていない安全な加速が続いている。先行・後続列車なしでノッチ切替もなく、ドライバーの加速後惰行志向に合致し、快適性も高い。
33.0,T1,巡航フェーズ（駅間走行中）,力行（加速）中,33.0,なし（または停止）,0.0,70.0,50.44,1404.2,80.4,0.0,0.0,この先制限速度なし,この先目立った勾配なし,先行列車なし,後続列車なし,0.9,安全は制限内で問題なし。残距離・時間から平均62.9km/h必要で、加速は妥当。33秒連続で滑らか、ノコギリ運転なし。
34.0,T1,巡航フェーズ（駅間走行中）,力行（加速）中,34.0,なし（または停止）,0.0,70.0,51.19,1390.1,79.4,0.0,0.0,この先制限速度なし,この先目立った勾配なし,先行列車なし,後続列車なし,0.8,安全面は制限超過なし。残距離・時間から必要平均速度≈63km/hで、現在51km/hと遅いため加速は適切。ノッチ切替は少なく快適。効率も無駄な加速なし。
35.0,T1,巡航フェーズ（駅間走行中）,力行（加速）中,35.0,なし（または停止）,0.0,70.0,51.92,1375.8,78.4,0.0,0.0,この先制限速度なし,この先目立った勾配なし,先行列車なし,後続列車なし,0.9,安全面で速度超過なし、必要平均速度63km/hに対し現在51.9km/hで加速中。効率的に速度上げて無駄な減速なし。ノッチ切替も少なく快適で、運転者好みと合致。総合評価は高く遅延リスクも低い。
36.0,T1,巡航フェーズ（駅間走行中）,力行（加速）中,36.0,なし（または停止）,0.0,70.0,52.63,1361.3,77.4,0.0,0.0,この先制限速度なし,この先目立った勾配なし,先行列車なし,後続列車なし,0.8,安全面で制限超過なし、先行列車不在。残距離・残時から必要平均速度は約63km/hで、現在52.6km/hのため加速は妥当。加速継続36秒でノッチ切替少なく快適性も高く、効率的に速度向上を図っている。
37.0,T1,巡航フェーズ（駅間走行中）,力行（加速）中,37.0,なし（または停止）,0.0,70.0,53.34,1346.6,76.4,0.0,0.0,この先制限速度なし,この先目立った勾配なし,先行列車なし,後続列車なし,0.8,速度は制限内で安全だが、残距離・残時間から必要平均速度63.5km/hに対し現在53.3km/hと不足。加速継続は適切でノッチ切替も少なく快適だが、速度不足で効率がやや低下。
38.0,T1,巡航フェーズ（駅間走行中）,力行（加速）中,38.0,なし（または停止）,0.0,70.0,54.03,1331.6,75.4,0.0,0.0,この先制限速度なし,この先目立った勾配なし,先行列車なし,後続列車なし,0.8,安全は確保され制限超過なし。残距離・残時から平均63.6km/h必要で、54km/hは不足。加速継続は効率的で快適性も高く、ハンチングなし。運転者好みの加速→惰行パターンに合致。
39.0,T1,巡航フェーズ（駅間走行中）,力行（加速）中,39.0,なし（または停止）,0.0,70.0,54.72,1316.5,74.4,0.0,0.0,この先制限速度なし,この先目立った勾配なし,先行列車なし,後続列車なし,0.9,安全は確保され速度は制限内。残距離・時間から必要平均≈64km/hで、加速中は適切。ノッチ切替は少なく快適性も高く、運転手の加速後惰行志向に合致。
40.0,T1,巡航フェーズ（駅間走行中）,力行（加速）中,40.0,なし（または停止）,0.0,70.0,55.39,1301.3,73.4,0.0,0.0,この先制限速度なし,この先目立った勾配なし,先行列車なし,後続列車なし,0.8,安全面では制限速度70km/hを下回り超過なし。残距離1301m・残時73.4sから必要平均速度≈64km/hで、現在55.4km/hは不足しているため加速は妥当。加速継続40秒でノッチ切替少なく快適性も高く、運転者の好みと合致。
41.0,T1,巡航フェーズ（駅間走行中）,力行（加速）中,41.0,なし（または停止）,0.0,70.0,56.05,1285.8,72.4,0.0,0.0,この先制限速度なし,この先目立った勾配なし,先行列車なし,後続列車なし,0.9,安全面では速度は制限内で停止距離も問題なし。残距離・時間から必要平均速度≈64km/hで、現在56km/hと不足しているため加速継続は妥当。加速保持時間が長く切替が少ないため快適性も高く、ハンチングはなし。以上より評価は高く0.9とする。
42.0,T1,巡航フェーズ（駅間走行中）,力行（加速）中,42.0,なし（または停止）,0.0,70.0,56.69,1270.1,71.4,0.0,0.0,この先制限速度なし,この先目立った勾配なし,先行列車なし,後続列車なし,0.9,安全は制限内で問題なし。残距離・時間から平均64km/h必要で、現在56.7km/hなので加速継続は妥当。ノッチ保持42秒で切替少なく快適性も高く評価できる。
43.0,T1,巡航フェーズ（駅間走行中）,力行（加速）中,43.0,なし（または停止）,0.0,70.0,57.33,1254.3,70.4,0.0,0.0,この先制限速度なし,この先目立った勾配なし,先行列車なし,後続列車なし,0.7,安全は確保され速度は制限内。残距離・残時から平均64km/h必要で、57km/hは不足。加速継続は妥当で、ノッチ切替は少なく快適性も良好。効率面でやや加速不足だが全体的に適切。
44.0,T1,巡航フェーズ（駅間走行中）,力行（加速）中,44.0,なし（または停止）,0.0,70.0,57.96,1238.3,69.4,0.0,0.0,この先制限速度なし,この先目立った勾配なし,先行列車なし,後続列車なし,0.9,安全は制限内で問題なし、定時到着に必要な平均速度64km/hに対し58km/hと遅れているため加速は適切。ノッチ切替は1回で保持時間44秒と快適性も高く評価できる。
45.0,T1,巡航フェーズ（駅間走行中）,力行（加速）中,45.0,なし（または停止）,0.0,70.0,58.57,1222.1,68.4,0.0,0.0,この先制限速度なし,この先目立った勾配なし,先行列車なし,後続列車なし,0.9,安全は制限速度内で確保、残距離・時間から必要平均速度64.4km/hに対し58.6km/hで加速中で適切。ノッチ切替は少なく快適性高く、運転者の加速後惰行志向にも合致。
46.0,T1,巡航フェーズ（駅間走行中）,力行（加速）中,46.0,なし（または停止）,0.0,70.0,59.18,1205.7,67.4,0.0,0.0,この先制限速度なし,この先目立った勾配なし,先行列車なし,後続列車なし,0.9,安全面で速度超過なし、前方列車不在。定時到達に必要な平均64.4km/hに対し現在59.2km/hで加速中で適切。ノッチ切替は少なく快適。持続時間46秒でハンチングなし。総合評価は0.9。
47.0,T1,巡航フェーズ（駅間走行中）,力行（加速）中,47.0,なし（または停止）,0.0,70.0,59.77,1189.2,66.4,0.0,0.0,この先制限速度なし,この先目立った勾配なし,先行列車なし,後続列車なし,0.9,安全は制限内で先行列車なし。残距離・残時から必要平均速度≈64.5km/hで現在59.8km/hのため加速は必須。加速継続47秒でノッチ切替少なく快適性も高く、エネルギー無駄も少ない。
48.0,T1,巡航フェーズ（駅間走行中）,力行（加速）中,48.0,なし（または停止）,0.0,70.0,60.35,1172.5,65.4,0.0,0.0,この先制限速度なし,この先目立った勾配なし,先行列車なし,後続列車なし,0.9,速度は制限内で遅延なし。残距離・残時間から必要平均速度≈64.5km/hで、現在60.4km/hのままでは不足。48秒間の加速は定時到達に必要で安全基準も満たす。ノッチ切替は少なく快適性高いが、電力使用はやや多い。
49.0,T1,巡航フェーズ（駅間走行中）,力行（加速）中,49.0,なし（または停止）,0.0,70.0,60.93,1155.7,64.4,0.0,0.0,この先制限速度なし,この先目立った勾配なし,先行列車なし,後続列車なし,0.8,安全は制限内で問題なし。ノッチ保持は49秒と長くハンチングなしで快適。必要平均速度64.7km/hに対し現速60.9km/hでやや遅れ、効率がやや低下。
50.0,T1,巡航フェーズ（駅間走行中）,力行（加速）中,50.0,なし（または停止）,0.0,70.0,61.49,1138.7,63.4,0.0,0.0,この先制限速度なし,この先目立った勾配なし,先行列車なし,後続列車なし,0.7,安全は問題なし、速度は制限内。残距離・残時刻からは平均64.7km/hが必要で、現在61.5km/hなので加速は妥当。ノッチ切替は少なく快適性も高く、運転手の好みと合致。
51.0,T1,巡航フェーズ（駅間走行中）,力行（加速）中,51.0,なし（または停止）,0.0,70.0,62.05,1121.5,62.4,0.0,0.0,この先制限速度なし,この先目立った勾配なし,先行列車なし,後続列車なし,0.5,安全は保たれ速度超過なしだが、必要平均速度は64.7km/hで現在62km/h。必要以上に51秒間加速し続けており、エネルギー無駄と後続ブレーキ増で効率・好みが低評価。ノッチ切替は少なく快適性は良好。
52.0,T1,巡航フェーズ（駅間走行中）,力行（加速）中,52.0,なし（または停止）,0.0,70.0,62.59,1104.2,61.4,0.0,0.0,この先制限速度なし,この先目立った勾配なし,先行列車なし,後続列車なし,0.8,現在速度62.6km/hは制限70km/h以内で安全。残距離1104m・残時間61.4sから必要平均64.8km/hに不足しているため、52秒間の加速は定時到達に必要で過剰でもない。ノッチ切替は少なくハンチングもなく快適で、運転手の加速後惰行志向にも合致している。
53.0,T1,巡航フェーズ（駅間走行中）,力行（加速）中,53.0,なし（または停止）,0.0,70.0,63.13,1086.7,60.4,0.0,0.0,この先制限速度なし,この先目立った勾配なし,先行列車なし,後続列車なし,0.8,安全は確保され制限超過なし。残距離・時間から必要平均≈64.8km/hで、現在63.1km/h。加速継続は必要範囲内で滑らか、ハンチングなし。エネルギー無駄は小さいがやや過長。総合的に良好。
54.0,T1,巡航フェーズ（駅間走行中）,力行（加速）中,54.0,なし（または停止）,0.0,70.0,63.65,1069.1,59.4,0.0,0.0,この先制限速度なし,この先目立った勾配なし,先行列車なし,後続列車なし,0.7,安全は問題なく速度も制限内。残距離・残時間から必要平均速度は約64.8km/hで現在63.7km/h。加速は必要だが長時間続くためエネルギー無駄があり、早めに惰行すべき。操作は安定で快適。
55.0,T1,巡航フェーズ（駅間走行中）,力行（加速）中,55.0,なし（または停止）,0.0,70.0,64.17,1051.4,58.4,0.0,0.0,この先制限速度なし,この先目立った勾配なし,先行列車なし,後続列車なし,0.6,安全は制限内で問題なし。必要平均速度≈64.8km/hに対し64.2km/hで加速継続は過剰で効率低下。ノッチ切替は少なく快適だが、加速を止め惰行すべき。
56.0,T1,巡航フェーズ（駅間走行中）,力行（加速）中,56.0,なし（または停止）,0.0,70.0,64.68,1033.5,57.4,0.0,0.0,この先制限速度なし,この先目立った勾配なし,先行列車なし,後続列車なし,0.5,安全は制限内で問題なし。必要平均速度≈64.8km/hに対し加速継続で速度超過リスクとエネルギー浪費。不要な加速で快適性低下。
57.0,T1,巡航フェーズ（駅間走行中）,力行（加速）中,57.0,なし（または停止）,0.0,70.0,65.18,1015.5,56.4,0.0,0.0,この先制限速度なし,この先目立った勾配なし,先行列車なし,後続列車なし,0.2,現在速度は制限内だが加速継続で限界超過リスクがあり、必要速度は既に確保済み。無駄な力行で効率・快適性が低下し、運転好みと不一致。
58.0,T1,巡航フェーズ（駅間走行中）,力行（加速）中,58.0,なし（または停止）,0.0,70.0,65.67,997.3,55.4,0.0,0.0,この先制限速度なし,この先目立った勾配なし,先行列車なし,後続列車なし,0.5,速度は制限内で安全だが、必要速度を上回って加速し続けエネルギー無駄。ノッチ切替は少なく快適だが、加速時間が長すぎ非効率。
59.0,T1,巡航フェーズ（駅間走行中）,力行（加速）中,59.0,なし（または停止）,0.0,70.0,66.15,979.0,54.4,0.0,0.0,この先制限速度なし,この先目立った勾配なし,先行列車なし,後続列車なし,0.6,安全は制限速度内で問題なし。残距離・時間から必要平均速度≈64.8km/hで、現在66.1km/hかつ加速継続は過剰でエネルギー浪費。ノッチ切替は少なく快適だが、効率性が低く運転者好みと乖離。今後の減速が必要になる可能性が高く、余裕を持った惰行が望ましい。
60.0,T1,巡航フェーズ（駅間走行中）,力行（加速）中,60.0,なし（または停止）,0.0,70.0,66.62,960.5,53.4,0.0,0.0,この先制限速度なし,この先目立った勾配なし,先行列車なし,後続列車なし,0.6,安全面では制限速度内で停止距離も確保できて問題なし。だが残り距離・時間から見ると平均速度は既に確保できており、加速を続けるのはエネルギー無駄で効率が低下。快適性は大きく乱れないが、無駄な加速は好ましくない。
61.0,T1,巡航フェーズ（駅間走行中）,力行（加速）中,61.0,なし（または停止）,0.0,70.0,67.09,942.0,52.4,0.0,0.0,この先制限速度なし,この先目立った勾配なし,先行列車なし,後続列車なし,0.7,安全は問題なく制限速度内だが、残距離・残時間から必要平均速度≈64.7km/hであり、現在は67.1km/hで加速を続けているためエネルギー無駄。快適性はノッチ変化少なく良好。効率低下で評価を下げ、総合0.7とする。
62.0,T1,巡航フェーズ（駅間走行中）,力行（加速）中,62.0,なし（または停止）,0.0,70.0,67.54,923.3,51.4,0.0,0.0,この先制限速度なし,この先目立った勾配なし,先行列車なし,後続列車なし,0.2,速度は制限内だが、残距離・時間からは平均64.7km/hが必要。67.5km/hで加速は不要で、後に急ブレーキが必要になるため安全・効率・快適性すべてで不適切。
63.0,T1,巡航フェーズ（駅間走行中）,力行（加速）中,63.0,なし（または停止）,0.0,70.0,67.99,904.4,50.4,0.0,0.0,この先制限速度なし,この先目立った勾配なし,先行列車なし,後続列車なし,0.6,速度は制限内で安全だが、必要速度64.6km/hに対し68km/hで加速を続けており、エネルギー無駄と後続減速が予想される。ノッチ切替は少なく快適だが、加速継続は運転者好みと効率性に反する。
64.0,T1,巡航フェーズ（駅間走行中）,力行（加速）中,64.0,なし（または停止）,0.0,70.0,68.43,885.5,49.4,0.0,0.0,この先制限速度なし,この先目立った勾配なし,先行列車なし,後続列車なし,0.5,速度は制限内で安全だが、必要速度より速く加速し続けエネルギー無駄。ノッチ切替は少なく快適だが、運転者の惰行志向と合わず評価は中程度。
65.0,T1,巡航フェーズ（駅間走行中）,力行（加速）中,65.0,なし（または停止）,0.0,70.0,68.87,866.4,48.4,0.0,0.0,この先制限速度なし,この先目立った勾配なし,先行列車なし,後続列車なし,0.5,速度は制限内で安全は確保されているが、必要速度64 km/hに対し68.9 km/hで加速し続けており、惰行でエネルギー節約すべき。加速継続65 秒は過剰で乗り心地も低下。運転者好みと合致せず減点。
66.0,T1,巡航フェーズ（駅間走行中）,力行（加速）中,66.0,なし（または停止）,0.0,70.0,69.31,847.2,47.4,0.0,0.0,この先制限速度なし,この先目立った勾配なし,先行列車なし,後続列車なし,0.2,速度は制限内だが駅まで847 m・47 sで現在加速66 sは過剰。停止に向け減速が遅れ安全・効率・快適性とも低評価。
67.0,T1,巡航フェーズ（駅間走行中）,力行（加速）中,67.0,なし（または停止）,0.0,70.0,69.74,827.9,46.4,0.0,0.0,この先制限速度なし,この先目立った勾配なし,先行列車なし,後続列車なし,0.6,速度は制限内で安全だが、必要平均速度64 km/hに対し69.7 km/hで加速を続けており、エネルギー無駄と将来の減速リスクがある。操作は長時間一定で快適だが、ドライバーの『加速後は惰行』志向と合致せず評価を下げる。
68.0,T1,巡航フェーズ（駅間走行中）,力行（加速）中,68.0,なし（または停止）,0.0,70.0,70.0,808.5,45.4,0.0,0.0,この先制限速度なし,この先目立った勾配なし,先行列車なし,後続列車なし,0.2,現在速度は制限限界の70km/hでありながら力行を続行しているため、すぐに速度超過・余分なエネルギー消費が生じ安全・効率・快適性すべてで不適切。
69.0,T1,巡航フェーズ（駅間走行中）,惰行中,0.5,力行（加速）,68.0,70.0,69.76,789.1,44.4,0.0,0.0,この先制限速度なし,この先目立った勾配なし,先行列車なし,後続列車なし,0.4,安全は制限速度内で問題なし。必要速度64km/hに対し69.8km/hで余裕があり惰行は適切だが、加速後0.5秒の惰行保持は極端に短くノコギリ運転となり快適性と効率が低下。運転者好みの安定操作と合致しない。
70.0,T1,巡航フェーズ（駅間走行中）,惰行中,1.5,力行（加速）,68.0,70.0,69.51,769.7,43.4,0.0,0.0,この先制限速度なし,この先目立った勾配なし,先行列車なし,後続列車なし,0.9,安全面では速度は制限内で停止距離も問題なし。残距離・残時間から必要平均速度≈64km/hで、現在の69.5km/hは余裕があり惰行へ移行は適切。加速68秒後の惰行開始は切り替え回数が少なく快適性も高く、運転者の好みと合致。
71.0,T1,巡航フェーズ（駅間走行中）,惰行中,2.5,力行（加速）,68.0,70.0,69.27,750.5,42.4,0.0,0.0,この先制限速度なし,この先目立った勾配なし,先行列車なし,後続列車なし,0.8,安全面では速度制限内で停止距離も確保。効率は惰行でエネルギー無駄が少なく、快適性もノッチ切替が少ない。運転手好みの加速後惰行に合致し、ノコギリ運転もなし。遅延0秒で定時運行を維持できる点も評価。
72.0,T1,巡航フェーズ（駅間走行中）,惰行中,3.5,力行（加速）,68.0,70.0,69.03,731.3,41.4,0.0,0.0,この先制限速度なし,この先目立った勾配なし,先行列車なし,後続列車なし,0.7,速度は制限内で安全は確保されているが、必要平均速度63.6km/hに対し69km/hと余裕があり、エネルギー無駄が残る。加速後の惰行は長く切り替え回数少なく快適だが、効率面で減点。
73.0,T1,巡航フェーズ（駅間走行中）,惰行中,4.5,力行（加速）,68.0,70.0,68.79,712.1,40.4,0.0,0.0,この先制限速度なし,この先目立った勾配なし,先行列車なし,後続列車なし,0.8,速度は制限内で安全に停止距離も確保でき、加減速は少なく快適。加速後の惰行は適切で、ハンチングなし。
74.0,T1,巡航フェーズ（駅間走行中）,惰行中,5.5,力行（加速）,68.0,70.0,68.55,693.0,39.4,0.0,0.0,この先制限速度なし,この先目立った勾配なし,先行列車なし,後続列車なし,0.9,安全面は速度が制限内で前方列車もなく問題なし。残距離・時間から必要速度は約63km/hで、現在68.6km/hと余裕があるが惰行に切替えてエネルギー削減。加速後の惰行は切替回数少なく快適。総合的に高評価。
75.0,T1,巡航フェーズ（駅間走行中）,惰行中,6.5,力行（加速）,68.0,70.0,68.31,674.0,38.4,0.0,0.0,この先制限速度なし,この先目立った勾配なし,先行列車なし,後続列車なし,0.9,現在速度68.3km/hは制限70km/h未満で、残距離・残時間から算出した必要平均速度63km/hを上回っている。惰行に切り替えて余分な力行を避け、安全に速度超過もなく、乗客への揺れも少ない。直前の加速が長く、ノッチ切替回数も少ないため、運転手の好みと完全に合致している。
76.0,T1,巡航フェーズ（駅間走行中）,惰行中,7.5,力行（加速）,68.0,70.0,68.08,655.1,37.4,0.0,0.0,この先制限速度なし,この先目立った勾配なし,先行列車なし,後続列車なし,0.9,速度は制限内で必要平均速度を上回り、惰行でエネルギー無駄がなく安全・快適。加速→惰行の切替は長く頻繁でなく評価高く、0.9点。
77.0,T1,巡航フェーズ（駅間走行中）,惰行中,8.5,力行（加速）,68.0,70.0,67.84,636.2,36.4,0.0,0.0,この先制限速度なし,この先目立った勾配なし,先行列車なし,後続列車なし,0.9,速度は制限内で必要平均速度を上回り、惰行でエネルギー節約。加速68秒→惰行8.5秒は切替回数少なく快適。安全・効率・快適すべて良好。
78.0,T1,巡航フェーズ（駅間走行中）,惰行中,9.5,力行（加速）,68.0,70.0,67.6,617.4,35.4,0.0,0.0,この先制限速度なし,この先目立った勾配なし,先行列車なし,後続列車なし,0.8,安全は制限内で停止距離確保も可能。加速後の長時間惰行で無駄なノッチ切替なし。速度は必要平均よりやや高く効率はやや低下。快適性は高い。先行・後続列車なしで車間距離の懸念もなく、運転者好みの惰行維持が適切。
79.0,T1,巡航フェーズ（駅間走行中）,惰行中,10.5,力行（加速）,68.0,70.0,67.37,598.7,34.4,0.0,0.0,この先制限速度なし,この先目立った勾配なし,先行列車なし,後続列車なし,0.9,安全は制限内で問題なし、必要速度62.7km/hに対し67.4km/hで余裕。加速後すぐ惰行で省エネ・快適、切替回数少なく好みと合致。
80.0,T1,巡航フェーズ（駅間走行中）,惰行中,11.5,力行（加速）,68.0,70.0,67.14,580.0,33.4,0.0,0.0,この先制限速度なし,この先目立った勾配なし,先行列車なし,後続列車なし,0.6,速度は制限内だが次駅までの平均62.5km/hに対し67.1km/hと過剰。減速開始が遅く安全リスクあり。加減速回数は少なく快適だがエネルギー無駄。
81.0,T1,巡航フェーズ（駅間走行中）,惰行中,12.5,力行（加速）,68.0,70.0,66.9,561.4,32.4,0.0,0.0,この先制限速度なし,この先目立った勾配なし,先行列車なし,後続列車なし,0.9,安全面で速度超過や停止距離の問題はなく、必要速度を上回っているため惰行でエネルギー無駄が少ない。ノッチ切替は少なく快適性も高く、運転者好みと合致。総合評価は0.9とする。
82.0,T1,巡航フェーズ（駅間走行中）,惰行中,13.5,力行（加速）,68.0,70.0,66.67,542.8,31.4,0.0,0.0,この先制限速度なし,この先目立った勾配なし,先行列車なし,後続列車なし,0.9,速度は制限内で必要平均速度62km/hを上回り、惰行で余分な加速を抑制。ノッチ切替は長時間でハンチングなし。安全・効率・快適すべてで好適。
83.0,T1,巡航フェーズ（駅間走行中）,惰行中,14.5,力行（加速）,68.0,70.0,66.44,524.3,30.4,0.0,0.0,この先制限速度なし,この先目立った勾配なし,先行列車なし,後続列車なし,0.9,安全面で速度超過や停止距離の問題はなく、必要速度62km/hを上回る66.4km/hで惰行は適切。加速後の惰行時間が長く、ノッチ切替も少なく快適性・効率性ともに高評価。遅延もなく定時運行が維持できている点も評価。
84.0,T1,巡航フェーズ（駅間走行中）,惰行中,15.5,力行（加速）,68.0,70.0,66.21,505.9,29.4,0.0,0.0,この先制限速度なし,この先目立った勾配なし,先行列車なし,後続列車なし,0.9,安全面で速度超過なし、停止距離確保。効率は惰行でエネルギー無駄なし。快適性もノッチ切替少なく良好。残距離・時間から必要速度は約62km/hで現在66km/h、余裕あり。運転者好みと合致し高評価。
85.0,T1,巡航フェーズ（駅間走行中）,惰行中,16.5,力行（加速）,68.0,70.0,65.98,487.5,28.4,0.0,0.0,この先制限速度なし,この先目立った勾配なし,先行列車なし,後続列車なし,0.9,安全面で速度超過や停止距離不足はなく、必要速度62km/hを上回る66km/hで惰行は適切。加速後の長時間惰行でハンチングなし、乗客も快適でエネルギー無駄も少ない。
86.0,T1,巡航フェーズ（駅間走行中）,惰行中,17.5,力行（加速）,68.0,70.0,65.75,469.2,27.4,0.0,0.0,この先制限速度なし,この先目立った勾配なし,先行列車なし,後続列車なし,0.9,速度は制限内で必要速度61.7km/hを上回り、惰行でエネルギー無駄がなく安全・快適。ノッチ切替は長く安定しハンチングなし。
87.0,T1,巡航フェーズ（駅間走行中）,惰行中,18.5,力行（加速）,68.0,70.0,65.52,451.0,26.4,0.0,0.0,この先制限速度なし,この先目立った勾配なし,先行列車なし,後続列車なし,0.9,安全面で速度超過や停止距離不足はなく、必要速度を上回っているため惰行は適切。効率面でも余分な力行がなく、快適面でもノッチ切替は少なく乗り心地良好。運転者好みと合致。
88.0,T1,巡航フェーズ（駅間走行中）,惰行中,19.5,力行（加速）,68.0,70.0,65.3,432.8,25.4,0.0,0.0,この先制限速度なし,この先目立った勾配なし,先行列車なし,後続列車なし,0.2,速度は制限内だが、残距離と時間から見ると惰行19.5 sで駅までの停止距離が足りず、遅すぎる減速は安全・効率・快適性すべてで不適切。
89.0,T1,巡航フェーズ（駅間走行中）,惰行中,20.5,力行（加速）,68.0,70.0,65.07,414.7,24.4,0.0,0.0,この先制限速度なし,この先目立った勾配なし,先行列車なし,後続列車なし,0.9,安全は制限内で停止距離も確保、速度は必要平均より上回り惰行でエネルギー無駄なし。加減速回数少なく快適で、運転者好みと合致。残距離と時間から算出した必要速度61km/hを上回り、余裕の惰行で定時到着を確保。
90.0,T1,次駅への減速フェーズ（駅手前400m以内）,惰行中,21.5,力行（加速）,68.0,70.0,64.85,396.7,23.4,0.0,0.0,この先制限速度なし,この先目立った勾配なし,先行列車なし,後続列車なし,0.9,安全面では速度超過なし、ブレーキ距離確保で問題なし。効率は不要な力行を止め惰行でエネルギー節約。快適性もノッチ切替少なく滑らか。保持時間は長くハンチングなし。総合的に高評価。
91.0,T1,次駅への減速フェーズ（駅手前400m以内）,惰行中,22.5,力行（加速）,68.0,70.0,64.62,378.7,22.4,0.0,0.0,この先制限速度なし,この先目立った勾配なし,先行列車なし,後続列車なし,0.2,速度は制限内だが、残距離・時間から見ると22.5秒の惰行で駅を通過危険。安全性低く、効率・快適性は良いが総合で不適切。
92.0,T1,次駅への減速フェーズ（駅手前400m以内）,惰行中,23.5,力行（加速）,68.0,70.0,64.4,360.8,21.4,0.0,0.0,この先制限速度なし,この先目立った勾配なし,先行列車なし,後続列車なし,0.9,現在速度64.4km/hは制限70km/h未満で安全。残距離360.8m・残時間21.4sから算出必要平均速度≈60.7km/hを上回り、惰行でエネルギー消費を抑制。ノッチ切替は加速68s→惰行23.5sと長く、ハンチングなしで快適性も高い。
93.0,T1,次駅への減速フェーズ（駅手前400m以内）,惰行中,24.5,力行（加速）,68.0,70.0,64.17,342.9,20.4,0.0,0.0,この先制限速度なし,この先目立った勾配なし,先行列車なし,後続列車なし,0.8,安全面は制限速度遵守・停止距離確保で問題なし。効率はやや過速度でエネルギー余剰だが、惰行は好みと合致。快適性はノッチ切替が少なく乗り心地良好。総合評価は高め。
94.0,T1,次駅への減速フェーズ（駅手前400m以内）,惰行中,25.5,力行（加速）,68.0,70.0,63.95,325.1,19.4,0.0,0.0,この先制限速度なし,この先目立った勾配なし,先行列車なし,後続列車なし,0.5,減速フェーズで惰行を続けており、残距離・時間からすぐブレーキすべきで安全性が低い。ノッチ切替は少なく快適だが、安全欠点で評価は中程度。
95.0,T1,次駅への減速フェーズ（駅手前400m以内）,惰行中,26.5,力行（加速）,68.0,70.0,63.73,307.4,18.4,0.0,0.0,この先制限速度なし,この先目立った勾配なし,先行列車なし,後続列車なし,0.3,安全面で減速開始が遅れ、駅手前での惰行は制限超過はないが停止距離確保が不十分。効率はやや良いが、ドライバーの一発ブレーキ志向と快適性を損ねる。ノッチ保持は長くハンチングなし。
96.0,T1,次駅への減速フェーズ（駅手前400m以内）,惰行中,27.5,力行（加速）,68.0,70.0,63.51,289.7,17.4,0.0,0.0,この先制限速度なし,この先目立った勾配なし,先行列車なし,後続列車なし,0.2,制限内だが減速開始が遅く、惰行継続で駅到着前に速度超過リスク。操作切替は少なく快適だが安全性欠如で低評価。
97.0,T1,次駅への減速フェーズ（駅手前400m以内）,惰行中,28.5,力行（加速）,68.0,70.0,63.29,272.1,16.4,0.0,0.0,この先制限速度なし,この先目立った勾配なし,先行列車なし,後続列車なし,0.9,速度は制限内で必要速度を上回り安全。長時間の惰行で無駄な加速がなく、ノッチ切替も少なく快適。運転手の好みと合致し高評価。
98.0,T1,次駅への減速フェーズ（駅手前400m以内）,惰行中,29.5,力行（加速）,68.0,70.0,63.07,254.6,15.4,0.0,0.0,この先制限速度なし,この先目立った勾配なし,先行列車なし,後続列車なし,0.2,速度63km/hで残距離254m・残時間15sと過大。惰行続行は停止距離不足で安全リスク大。加減速切替は少なく快適だが、適切なブレーキ未実施で評価低下。
99.0,T1,次駅への減速フェーズ（駅手前400m以内）,惰行中,30.5,力行（加速）,68.0,70.0,62.85,237.1,14.4,0.0,0.0,この先制限速度なし,この先目立った勾配なし,先行列車なし,後続列車なし,0.2,現在は惰行で速度62.9km/h、残距離237m・残時14.4sではブレーキ開始が遅く駅停車に間に合わず安全性が低い。制限速度は守っているが、無駄な加速後の惰行は非効率で、減速遅延が大きく減点対象となる。
100.0,T1,次駅への減速フェーズ（駅手前400m以内）,惰行中,31.5,力行（加速）,68.0,70.0,62.64,219.6,13.4,0.0,0.0,この先制限速度なし,この先目立った勾配なし,先行列車なし,後続列車なし,0.3,安全面で減速が遅れ、残距離・時間から見ると駅到着にブレーキ不足。速度は制限内だが効率と快適性が低下。ノッチ保持は長くハンチングはなし。
101.0,T1,次駅への減速フェーズ（駅手前400m以内）,惰行中,32.5,力行（加速）,68.0,70.0,62.42,202.3,12.4,0.0,0.0,この先制限速度なし,この先目立った勾配なし,先行列車なし,後続列車なし,0.8,速度は制限内で必要速度を上回り、惰行はエネルギー節約に適切。ハンチングはなく快適だが、駅まで約200 mでブレーキ開始が遅れ気味で安全余裕が減少。
102.0,T1,次駅への減速フェーズ（駅手前400m以内）,惰行中,33.5,力行（加速）,68.0,70.0,62.2,185.0,11.4,0.0,0.0,この先制限速度なし,この先目立った勾配なし,先行列車なし,後続列車なし,0.2,安全面でブレーキ開始が遅く駅止まりリスクあり、効率も低下。快適性は良好だが運転者好みと不一致。
103.0,T1,次駅への減速フェーズ（駅手前400m以内）,惰行中,34.5,力行（加速）,68.0,70.0,61.99,167.7,10.4,0.0,0.0,この先制限速度なし,この先目立った勾配なし,先行列車なし,後続列車なし,0.2,速度62km/hは制限内だが、残距離167.7m・残時10.4sでは停止に約15.5s必要。惰行34.5sでブレーキ遅れ、安全・効率・快適すべて低評価。
104.0,T1,次駅への減速フェーズ（駅手前400m以内）,惰行中,35.5,力行（加速）,68.0,70.0,61.77,150.5,9.4,0.0,0.0,この先制限速度なし,この先目立った勾配なし,先行列車なし,後続列車なし,0.2,速度61.8km/hのまま惰行35.5秒続け、残距離150.5m・残時間9.4秒ではブレーキだけで停止できず駅超過リスクが高く安全性が低い。加速直後の長時間惰行は効率的でも遅すぎる減速で不適切。ノッチ切替は少ないが安全面で大幅減点。
105.0,T1,次駅への減速フェーズ（駅手前400m以内）,惰行中,36.5,力行（加速）,68.0,70.0,61.56,133.4,8.4,0.0,0.0,この先制限速度なし,この先目立った勾配なし,先行列車なし,後続列車なし,0.8,安全は制限速度70km/hを守り、残距離でブレーキすれば停止可能。減速開始が遅くエネルギーはやや無駄だが、ノッチ切替は少なく快適。運転者好みの惰行も適切。総合評価は0.8とする。
106.0,T1,次駅への減速フェーズ（駅手前400m以内）,ブレーキ（減速）中,0.5,惰行,36.5,70.0,57.56,116.9,7.4,0.0,0.0,この先制限速度なし,この先目立った勾配なし,先行列車なし,後続列車なし,0.8,速度は制限内で停止距離に合致し、直ちにブレーキ開始は安全上適切。前の惰行は長く、現在のブレーキ保持は短すぎずハンチングなし。加減速が最小で快適性・効率性も高く、運転者の好みに合致。
107.0,T1,次駅への減速フェーズ（駅手前400m以内）,ブレーキ（減速）中,1.5,惰行,36.5,70.0,53.56,101.4,6.4,0.0,0.0,この先制限速度なし,この先目立った勾配なし,先行列車なし,後続列車なし,0.9,安全面では制限速度内で駅止まりに必要な減速距離を確保しており問題なし。効率は長時間惰行後の一括ブレーキでエネルギー無駄が少なく、快適性もノッチ切替が少なく滑らか。運転者好みと合致するため高評価。
108.0,T1,次駅への減速フェーズ（駅手前400m以内）,ブレーキ（減速）中,2.5,惰行,36.5,70.0,49.56,87.1,5.4,0.0,0.0,この先制限速度なし,この先目立った勾配なし,先行列車なし,後続列車なし,0.3,安全: 速度は制限内だがブレーキ開始が遅く停止距離不足の危険。効率: 長い惰行後の急ブレーキでエネルギー無駄。快適: ノッチ切替は少ないが急減速で乗客不快。運転好みと合致せず。
109.0,T1,次駅への減速フェーズ（駅手前400m以内）,ブレーキ（減速）中,3.5,惰行,36.5,70.0,45.56,73.9,4.4,0.0,0.0,この先制限速度なし,この先目立った勾配なし,先行列車なし,後続列車なし,0.2,現在速度とブレーキ性能から、残り4.4秒で駅に停止できず超過リスクが高い。長い惰行後の急ブレーキでも停止距離が足りず、乗客への衝撃も大きく快適性が低い。安全性が著しく低く、操作は不適切。
110.0,T1,次駅への減速フェーズ（駅手前400m以内）,ブレーキ（減速）中,4.5,惰行,36.5,70.0,41.56,61.8,3.4,0.0,0.0,この先制限速度なし,この先目立った勾配なし,先行列車なし,後続列車なし,0.9,安全面では制限速度未超過で停止距離確保、効率面で長時間惰行後一括ブレーキ、快適面でもノッチ切替少なく乗客に優しい。余裕のある減速で駅止まり位置も適正。運転者好みと合致。
111.0,T1,次駅への減速フェーズ（駅手前400m以内）,ブレーキ（減速）中,5.5,惰行,36.5,70.0,37.56,50.8,2.4,0.0,0.0,この先制限速度なし,この先目立った勾配なし,先行列車なし,後続列車なし,0.8,安全は確保され制限超過なし。ブレーキは一括で適切だが速度が低すぎて遅延リスク。効率・快適は良好。
112.0,T1,次駅への減速フェーズ（駅手前400m以内）,ブレーキ（減速）中,6.5,惰行,36.5,70.0,33.56,40.9,1.4,0.0,0.0,この先制限速度なし,この先目立った勾配なし,先行列車なし,後続列車なし,0.0,エラー発生: Request timed out.
113.0,T1,次駅への減速フェーズ（駅手前400m以内）,ブレーキ（減速）中,7.5,惰行,36.5,70.0,29.56,32.2,0.4,0.0,0.0,この先制限速度なし,この先目立った勾配なし,先行列車なし,後続列車なし,0.8,安全は制限超過なしで停止距離確保。効率は余分な加速なしで減速のみ。快適性はノコギリ運転なし。保持時間も適切。
114.0,T1,次駅への減速フェーズ（駅手前400m以内）,ブレーキ（減速）中,8.5,惰行,36.5,70.0,25.56,24.5,0.0,0.6,0.0,この先制限速度なし,この先目立った勾配なし,先行列車なし,後続列車なし,0.8,安全面では制限速度を大幅に下回り停止距離も確保できているため高評価。効率は余裕のある減速でエネルギー無駄は少ないが停止位置が±1mを超えて早すぎる点で減点。快適性は切替が少なく良好。総合で0.8とする。
115.0,T1,次駅への減速フェーズ（駅手前400m以内）,ブレーキ（減速）中,9.5,惰行,36.5,70.0,21.56,18.0,0.0,1.6,0.0,この先制限速度なし,この先目立った勾配なし,先行列車なし,後続列車なし,0.7,安全面では制限速度内で停止距離も確保できて問題なし。効率はブレーキ開始が必要時点より約4秒早く、エネルギー無駄がある。快適性は切替回数が少なく良好だが、遅延回避の観点で評価を下げる。
116.0,T1,次駅への減速フェーズ（駅手前400m以内）,ブレーキ（減速）中,10.5,惰行,36.5,70.0,17.56,12.5,0.0,2.6,0.0,この先制限速度なし,この先目立った勾配なし,先行列車なし,後続列車なし,0.8,安全面では速度制限内で停止距離も確保されており問題なし。効率はブレーキで止める必要があり妥当。快適性は長時間の惰行後の一回のブレーキでノコギリ運転はなく、運転者好みと合致する。遅延は小さいが評価は高めに。
117.0,T1,次駅への減速フェーズ（駅手前400m以内）,ブレーキ（減速）中,11.5,惰行,36.5,70.0,13.56,8.2,0.0,3.6,0.0,この先制限速度なし,この先目立った勾配なし,先行列車なし,後続列車なし,0.9,安全面では制限速度内で停止距離確保のブレーキは適切。効率は長時間惰行後の一括減速で無駄少なく、快適性もノッチ切替は少なく乗り心地良好。残り距離と速度から見ても安全余裕があり、過剰なハンチングもなし。運転者好みと合致し高評価。
118.0,T1,次駅への減速フェーズ（駅手前400m以内）,力行（加速）中,0.0,ブレーキ（減速）,12.0,70.0,12.82,4.8,0.0,4.6,0.0,この先制限速度なし,この先目立った勾配なし,先行列車なし,後続列車なし,0.1,駅手前4.8mで速度12.8km/hなのに力行に切り替え、直前は12秒ブレーキとハンチング。制限超過はないが停止不能の危険が高く、無駄な加速で効率・快適性も低下。結果として駅停車位置を外れ、遅延も増大する恐れがある。
119.0,T1,次駅への減速フェーズ（駅手前400m以内）,ブレーキ（減速）中,0.5,力行（加速）,0.0,70.0,8.82,1.8,0.0,5.6,0.0,この先制限速度なし,この先目立った勾配なし,先行列車なし,後続列車なし,0.2,安全面では速度は制限内で停止は必要だが、ブレーキ開始が遅く停止距離が不足し危険。効率は直前の加速→ブレーキのハンチングでエネルギー無駄。快適性も頻繁なノッチ切替で乗客不快。総合評価は低め。
151.0,T1,駅出発直後の加速フェーズ（20秒以内）,力行（加速）中,0.5,なし（または停止）,0.0,70.0,3.1,1599.6,100.5,0.0,0.0,この先制限速度なし,この先目立った勾配なし,先行列車なし,後続列車なし,0.3,安全は確保されているが、0.5秒の加速直後に停止から再度加速へ切り替え、ノッチ保持が極短でハンチングが発生。快適性とエネルギー効率が低下し、定時到着に必要な平均57km/hに対し加速が遅れ遅延リスクも示唆される。
152.0,T1,駅出発直後の加速フェーズ（20秒以内）,力行（加速）中,1.5,なし（または停止）,0.0,70.0,6.03,1598.3,99.5,0.0,0.0,この先制限速度なし,この先目立った勾配なし,先行列車なし,後続列車なし,0.6,安全は確保され速度も制限内。加速は必要だが保持時間が極短でハンチング傾向があり、効率と快適性がやや低下。
153.0,T1,駅出発直後の加速フェーズ（20秒以内）,力行（加速）中,2.5,なし（または停止）,0.0,70.0,8.81,1596.2,98.5,0.0,0.0,この先制限速度なし,この先目立った勾配なし,先行列車なし,後続列車なし,0.3,加速が2.5秒で止まり直前は停止、ノコギリ運転が発生。安全は制限内で問題ないが、必要平均速度58km/hに対し加速不足で効率・快適性が低く評価。
154.0,T1,駅出発直後の加速フェーズ（20秒以内）,力行（加速）中,3.5,なし（または停止）,0.0,70.0,11.45,1593.4,97.5,0.0,0.0,この先制限速度なし,この先目立った勾配なし,先行列車なし,後続列車なし,0.8,安全は問題なし、速度は制限内で加速開始は適切。平均58.9km/h必要だが加速継続時間は十分で、ノッチ切替も少なく快適性高い。先行・後続列車なしで車間距離の懸念もなく、エネルギー無駄も少ない。
155.0,T1,駅出発直後の加速フェーズ（20秒以内）,力行（加速）中,4.5,なし（または停止）,0.0,70.0,13.95,1589.9,96.5,0.0,0.0,この先制限速度なし,この先目立った勾配なし,先行列車なし,後続列車なし,0.9,安全面は制限速度内で問題なし。残距離・残時間から必要平均速度≈59km/hで、現在加速は妥当。ノッチ切替は停止→加速のみで快適性も高く、運転者好みと合致。遅延0秒で定時運行を維持できる見込み。
156.0,T1,駅出発直後の加速フェーズ（20秒以内）,力行（加速）中,5.5,なし（または停止）,0.0,70.0,16.31,1585.7,95.5,0.0,0.0,この先制限速度なし,この先目立った勾配なし,先行列車なし,後続列車なし,0.9,安全面では制限速度を大きく下回り超過なし。残り距離・時間から必要平均速度≈60km/hで、現在加速中は妥当。ノッチ保持は5.5秒と十分でハンチングなし。乗客への揺れも少なく、運転者の加速後惰行志向に合致。
157.0,T1,駅出発直後の加速フェーズ（20秒以内）,力行（加速）中,6.5,なし（または停止）,0.0,70.0,18.55,1580.8,94.5,0.0,0.0,この先制限速度なし,この先目立った勾配なし,先行列車なし,後続列車なし,0.8,安全は問題なく、次駅到着に必要な平均速度≈60km/hに対し加速が適切。ノッチ保持6.5秒で無駄な切替えもなく快適性も高い。運転手の加速方針とも合致。
158.0,T1,駅出発直後の加速フェーズ（20秒以内）,力行（加速）中,7.5,なし（または停止）,0.0,70.0,20.68,1575.4,93.5,0.0,0.0,この先制限速度なし,この先目立った勾配なし,先行列車なし,後続列車なし,0.9,安全は完全に守られ、加速は定時到達に必要な平均速度(≈60 km/h)に向けて適切。ノッチ切替は一度だけでハンチングなし。効率・快適性も運転手好みと合致。
159.0,T1,駅出発直後の加速フェーズ（20秒以内）,力行（加速）中,8.5,なし（または停止）,0.0,70.0,22.69,1569.4,92.5,0.0,0.0,この先制限速度なし,この先目立った勾配なし,先行列車なし,後続列車なし,0.9,安全に制限内で加速中。必要平均速度61km/hに向けて加速は妥当で、ノッチ切替は少なく快適。効率・好みも一致。
160.0,T1,駅出発直後の加速フェーズ（20秒以内）,力行（加速）中,9.5,なし（または停止）,0.0,70.0,24.59,1562.8,91.5,0.0,0.0,この先制限速度なし,この先目立った勾配なし,先行列車なし,後続列車なし,0.8,安全は問題なし、速度は制限内で加速が必要。ノッチ切替はなく快適。必要平均61km/hに向け加速中で効率的。評価は高め。
161.0,T1,駅出発直後の加速フェーズ（20秒以内）,力行（加速）中,10.5,なし（または停止）,0.0,70.0,26.4,1555.7,90.5,0.0,0.0,この先制限速度なし,この先目立った勾配なし,先行列車なし,後続列車なし,0.8,安全は問題なし。必要平均速度≈62km/hに対し加速中で適切。ノッチ切替は少なく快適。運転手好みの加速→惰行パターンに合致。
162.0,T1,駅出発直後の加速フェーズ（20秒以内）,力行（加速）中,11.5,なし（または停止）,0.0,70.0,28.11,1548.1,89.5,0.0,0.0,この先制限速度なし,この先目立った勾配なし,先行列車なし,後続列車なし,0.9,安全は制限内で問題なし、必要速度62km/hに向け加速継続で効率的、ノッチ保持が長く快適、運転者好みと合致。
163.0,T1,駅出発直後の加速フェーズ（20秒以内）,力行（加速）中,12.5,なし（または停止）,0.0,70.0,29.72,1540.1,88.5,0.0,0.0,この先制限速度なし,この先目立った勾配なし,先行列車なし,後続列車なし,0.9,安全面では制限速度を大きく下回り問題なし。効率面で定時到達に必要な平均速度62.6km/hに向け、加速継続は適切。快適面でもノッチ切替はなく安定している。全体的に好ましい操作と評価できる。
164.0,T1,駅出発直後の加速フェーズ（20秒以内）,力行（加速）中,13.5,なし（または停止）,0.0,70.0,31.26,1531.6,87.5,0.0,0.0,この先制限速度なし,この先目立った勾配なし,先行列車なし,後続列車なし,0.9,安全は完全に守られ、速度は制限内で定時到着に必要な平均63km/hに向けて加速中。ノッチ保持は13.5秒と長く、ハンチングなしで快適。効率的に加速し惰行へ移行できる点も好適。
165.0,T1,駅出発直後の加速フェーズ（20秒以内）,力行（加速）中,14.5,なし（または停止）,0.0,70.0,32.71,1522.7,86.5,0.0,0.0,この先制限速度なし,この先目立った勾配なし,先行列車なし,後続列車なし,0.9,安全は確保され速度は制限内。残距離・時間からは約63km/hが必要で、加速中は妥当。ノッチ切替は1回だけで快適性も高く、運転手の好みと合致。
166.0,T1,駅出発直後の加速フェーズ（20秒以内）,力行（加速）中,15.5,なし（または停止）,0.0,70.0,34.08,1513.5,85.5,0.0,0.0,この先制限速度なし,この先目立った勾配なし,先行列車なし,後続列車なし,0.9,安全に制限速度以下で走行し、定時到達に必要な平均速度63.7km/hに向け加速中。ノッチ保持は長くハンチングなし、快適性・効率性ともに好適。
167.0,T1,駅出発直後の加速フェーズ（20秒以内）,力行（加速）中,16.5,なし（または停止）,0.0,70.0,35.38,1503.8,84.5,0.0,0.0,この先制限速度なし,この先目立った勾配なし,先行列車なし,後続列車なし,0.8,安全は問題なく、加速が継続して快適性は高いが、現在速度が必要平均速度の約半分で効率が低下している。
168.0,T1,駅出発直後の加速フェーズ（20秒以内）,力行（加速）中,17.5,なし（または停止）,0.0,70.0,36.61,1493.8,83.5,0.0,0.0,この先制限速度なし,この先目立った勾配なし,先行列車なし,後続列車なし,0.9,安全面で速度超過なし、必要平均速度64km/hに向け加速継続で適切。加速保持が長く快適性・効率性高く、ハンチングも無く運転好みと合致。
169.0,T1,駅出発直後の加速フェーズ（20秒以内）,力行（加速）中,18.5,なし（または停止）,0.0,70.0,37.77,1483.5,82.5,0.0,0.0,この先制限速度なし,この先目立った勾配なし,先行列車なし,後続列車なし,0.9,安全に制限内で加速中、必要平均速度64.8km/hに向けて加速は適切。ノッチ切替は1回だけで快適。後続・先行列車なし、勾配も平坦で停止距離の懸念なし。効率的に速度上げているため高評価。
170.0,T1,駅出発直後の加速フェーズ（20秒以内）,力行（加速）中,19.5,なし（または停止）,0.0,70.0,38.87,1472.8,81.5,0.0,0.0,この先制限速度なし,この先目立った勾配なし,先行列車なし,後続列車なし,0.9,速度は制限内で安全、残距離・時間から必要平均速度≈65km/hであり加速継続は妥当。ノッチ切替は少なく快適性も高く、運転者の加速志向に合致。
171.0,T1,巡航フェーズ（駅間走行中）,力行（加速）中,20.5,なし（または停止）,0.0,70.0,39.92,1461.9,80.5,0.0,0.0,この先制限速度なし,この先目立った勾配なし,先行列車なし,後続列車なし,0.8,安全は制限内で問題なし。残距離・時間から必要平均65km/hで、現在加速は妥当。ノッチ切替は少なく快適性も高く、効率的に速度向上を図っているため高評価。
172.0,T1,巡航フェーズ（駅間走行中）,力行（加速）中,21.5,なし（または停止）,0.0,70.0,40.9,1450.7,79.5,0.0,0.0,この先制限速度なし,この先目立った勾配なし,先行列車なし,後続列車なし,0.8,安全面では制限速度を大幅に下回り問題なし。残距離・残時間から必要平均速度は約66km/hで、現在40.9km/hと不足しているため加速は妥当。ノッチ切替は一度だけで快適性も高く、運転者の好みと合致する。
173.0,T1,巡航フェーズ（駅間走行中）,力行（加速）中,22.5,なし（または停止）,0.0,70.0,41.84,1439.2,78.5,0.0,0.0,この先制限速度なし,この先目立った勾配なし,先行列車なし,後続列車なし,0.4,安全は確保されているが、残距離・時間から必要な平均66km/hに対し41.8km/hと遅く、効率が低い。加速は継続しているが定時到達が危うく、運転者の速度到達志向に合致していない。快適性は比較的良好。
174.0,T1,巡航フェーズ（駅間走行中）,力行（加速）中,23.5,なし（または停止）,0.0,70.0,42.73,1427.4,77.5,0.0,0.0,この先制限速度なし,この先目立った勾配なし,先行列車なし,後続列車なし,0.8,安全は確保され速度は制限内。加速は必要だが現在速度が遅く効率はやや低下。操作は安定で快適。
175.0,T1,巡航フェーズ（駅間走行中）,力行（加速）中,24.5,なし（または停止）,0.0,70.0,43.6,1415.4,76.5,0.0,0.0,この先制限速度なし,この先目立った勾配なし,先行列車なし,後続列車なし,0.9,安全は制限内で問題なし。残距離・時間から平均66.6km/h必要で、加速中は適切。ノッチ切替は1回で長時間保持、快適性も高く、運転者好みと合致。
176.0,T1,巡航フェーズ（駅間走行中）,力行（加速）中,25.5,なし（または停止）,0.0,70.0,44.45,1403.2,75.5,0.0,0.0,この先制限速度なし,この先目立った勾配なし,先行列車なし,後続列車なし,0.9,制限超過なしで速度不足のため加速は安全・効率的。ノッチ保持は長く快適でハンチングなし。運転好みに合致。
177.0,T1,巡航フェーズ（駅間走行中）,力行（加速）中,26.5,なし（または停止）,0.0,70.0,45.3,1390.8,74.5,0.0,0.0,この先制限速度なし,この先目立った勾配なし,先行列車なし,後続列車なし,0.9,安全基準を守り速度超過なし。定時到達に必要な67km/hに近づくため加速は妥当で、ノッチ切替は少なく快適性も高い。
178.0,T1,巡航フェーズ（駅間走行中）,力行（加速）中,27.5,なし（または停止）,0.0,70.0,46.13,1378.1,73.5,0.0,0.0,この先制限速度なし,この先目立った勾配なし,先行列車なし,後続列車なし,0.9,安全は制限内で問題なし。残距離・時間から平均67.5km/h必要で、加速は妥当。ノッチ切替少なく快適。運転者好みと合致。
179.0,T1,巡航フェーズ（駅間走行中）,力行（加速）中,28.5,なし（または停止）,0.0,70.0,46.94,1365.1,72.5,0.0,0.0,この先制限速度なし,この先目立った勾配なし,先行列車なし,後続列車なし,0.8,安全は確保されているが、制限内で定時に必要な平均67.8km/hに達していない。残距離・残時刻から加速は必須で、28.5秒の連続加速は適切。ノッチ切替は少なく快適性も良好。
180.0,T1,巡航フェーズ（駅間走行中）,力行（加速）中,29.5,なし（または停止）,0.0,70.0,47.74,1352.0,71.5,0.0,0.0,この先制限速度なし,この先目立った勾配なし,先行列車なし,後続列車なし,0.9,安全面で速度超過なし、必要速度68km/hに向け加速中で適切。加速開始からの切替は1回だけで快適性高く、効率的にエネルギー使用。先行・後続列車なしで車間距離の懸念もなく、運転士の好みである加速後の惰行も計画的に行える。
181.0,T1,巡航フェーズ（駅間走行中）,力行（加速）中,30.5,なし（または停止）,0.0,70.0,48.53,1338.6,70.5,0.0,0.0,この先制限速度なし,この先目立った勾配なし,先行列車なし,後続列車なし,0.8,安全は制限速度内で確保。残距離・残時から平均68 km/h必要で、現在48 km/hのため加速は妥当。ノッチ切替はなく快適で、運転者の加速→惰行志向にも合致。
182.0,T1,巡航フェーズ（駅間走行中）,力行（加速）中,31.5,なし（または停止）,0.0,70.0,49.31,1325.0,69.5,0.0,0.0,この先制限速度なし,この先目立った勾配なし,先行列車なし,後続列車なし,0.8,速度は制限内で安全。残距離・時間から必要平均68.6km/hに対し現在49.3km/hと遅れているが、31.5秒間の加速で速度上昇が期待でき、ノッチ切替は少なく快適。運転者好みの加速→惰行パターンに合致。
183.0,T1,巡航フェーズ（駅間走行中）,力行（加速）中,32.5,なし（または停止）,0.0,70.0,50.07,1311.2,68.5,0.0,0.0,この先制限速度なし,この先目立った勾配なし,先行列車なし,後続列車なし,0.5,安全は制限内で問題なし。加速は続いているが速度が50km/hで残距離・残時間から見ると必要速度≈69km/hに遠く、遅延リスクが高い。ノッチ切替は少なく快適だが、効率性が低く運転者の加速・惰行方針と合致しない。総合的に評価すると中程度の評価となる。
184.0,T1,巡航フェーズ（駅間走行中）,力行（加速）中,33.5,なし（または停止）,0.0,70.0,50.82,1297.2,67.5,0.0,0.0,この先制限速度なし,この先目立った勾配なし,先行列車なし,後続列車なし,0.9,安全面では速度は制限内で前方障害もなく問題なし。残距離・残時間から必要平均速度≈69km/hで、現在50.8km/hのため加速は必須。加速は33.5秒の単一ノッチで継続され、ハンチングもなく快適性も高い。運転者の好みである必要速度への加速と惰行への移行に合致している。
185.0,T1,巡航フェーズ（駅間走行中）,力行（加速）中,34.5,なし（または停止）,0.0,70.0,51.55,1283.0,66.5,0.0,0.0,この先制限速度なし,この先目立った勾配なし,先行列車なし,後続列車なし,0.8,安全は制限速度内で超過なし。残距離・残時間から平均約69km/h必要で、現在の加速は妥当。ノッチ切替は少なく快適性も高く、運転者の好みと合致しているため高評価。
186.0,T1,巡航フェーズ（駅間走行中）,力行（加速）中,35.5,なし（または停止）,0.0,70.0,52.28,1268.6,65.5,0.0,0.0,この先制限速度なし,この先目立った勾配なし,先行列車なし,後続列車なし,0.8,安全は制限速度内で確保、定時到達に必要な平均速度≈70km/hに対し現在52km/hと遅れがあるため加速は適切。加速は35.5秒と長くノッチ切替少なく快適性高く、運転者の加速後惰行志向にも合致。
187.0,T1,巡航フェーズ（駅間走行中）,力行（加速）中,36.5,なし（または停止）,0.0,70.0,52.99,1253.9,64.5,0.0,0.0,この先制限速度なし,この先目立った勾配なし,先行列車なし,後続列車なし,0.9,安全面では制限速度を守り超過なし。残距離・時間から平均70km/hが必要で、現在53km/hと遅れているため加速は妥当。ノッチ保持は長く快適性も高く、運転者の加速後惰行志向と合致。総合評価は高く、0.9とする。
188.0,T1,巡航フェーズ（駅間走行中）,力行（加速）中,37.5,なし（または停止）,0.0,70.0,53.69,1239.1,63.5,0.0,0.0,この先制限速度なし,この先目立った勾配なし,先行列車なし,後続列車なし,0.5,安全は問題なしだが速度が制限の70km/hに遠く、定時到達に不足。長時間加速は非効率で快適性は中程度。運転者好みの加速後惰行が欠けている。
189.0,T1,巡航フェーズ（駅間走行中）,力行（加速）中,38.5,なし（または停止）,0.0,70.0,54.38,1224.1,62.5,0.0,0.0,この先制限速度なし,この先目立った勾配なし,先行列車なし,後続列車なし,0.9,安全は制限内で問題なし。残距離・時間からは限界速度付近まで加速が必要で、現在の力行は妥当。ノッチ切替は少なく快適性も高く、先行・後続列車なしで車間距離の懸念もなく、効率的に速度を上げている。
190.0,T1,巡航フェーズ（駅間走行中）,力行（加速）中,39.5,なし（または停止）,0.0,70.0,55.05,1208.9,61.5,0.0,0.0,この先制限速度なし,この先目立った勾配なし,先行列車なし,後続列車なし,0.9,安全は制限内で問題なし、定時達成に速度不足のため加速は適切。操作は安定でハンチングもなく快適。
191.0,T1,巡航フェーズ（駅間走行中）,力行（加速）中,40.5,なし（または停止）,0.0,70.0,55.72,1193.5,60.5,0.0,0.0,この先制限速度なし,この先目立った勾配なし,先行列車なし,後続列車なし,0.8,安全は問題なし、速度は制限内。残距離・時間から見ると余裕があり惰行で済むはずだが、無駄に加速を続けてエネルギー効率が低下。ノッチ切替は少なく快適性は高い。
192.0,T1,巡航フェーズ（駅間走行中）,力行（加速）中,41.5,なし（または停止）,0.0,70.0,56.37,1178.0,59.5,0.0,0.0,この先制限速度なし,この先目立った勾配なし,先行列車なし,後続列車なし,0.8,安全面は制限速度内で問題なし。残距離・時間からは限界速度近くまで加速が必要で、現在は速度不足だが、加速継続は適切。ノッチ切替は少なく快適性は高い。効率はやや低め。
193.0,T1,巡航フェーズ（駅間走行中）,力行（加速）中,42.5,なし（または停止）,0.0,70.0,57.01,1162.2,58.5,0.0,0.0,この先制限速度なし,この先目立った勾配なし,先行列車なし,後続列車なし,0.8,安全は制限内で問題なし。定時到達に速度不足のため加速は妥当。ノッチ切替は少なく快適で、運転好みと合致。
194.0,T1,巡航フェーズ（駅間走行中）,力行（加速）中,43.5,なし（または停止）,0.0,70.0,57.65,1146.3,57.5,0.0,0.0,この先制限速度なし,この先目立った勾配なし,先行列車なし,後続列車なし,0.8,安全は制限速度内でブレーキ距離確保済み。定時到着に必要な速度に近づくため加速は妥当。ノッチ保持が長く快適で、運転手の好みと合致。
195.0,T1,巡航フェーズ（駅間走行中）,力行（加速）中,44.5,なし（または停止）,0.0,70.0,58.27,1130.2,56.5,0.0,0.0,この先制限速度なし,この先目立った勾配なし,先行列車なし,後続列車なし,0.8,安全は制限速度内で確保。44.5秒の連続加速は滑らかで快適。残距離・残時間からは限界速度付近が必要で、加速は妥当だが余分な加速はやや非効率。
196.0,T1,巡航フェーズ（駅間走行中）,力行（加速）中,45.5,なし（または停止）,0.0,70.0,58.88,1113.9,55.5,0.0,0.0,この先制限速度なし,この先目立った勾配なし,先行列車なし,後続列車なし,0.8,安全面は制限速度内で問題なし、加速は定時到達に必要な速度に近づくため適切。ノッチ切替は少なく快適性も高く、運転者の好みと合致。効率は限界速度に近づくが、スケジュール達成が困難なため若干減点。
197.0,T1,巡航フェーズ（駅間走行中）,力行（加速）中,46.5,なし（または停止）,0.0,70.0,59.47,1097.5,54.5,0.0,0.0,この先制限速度なし,この先目立った勾配なし,先行列車なし,後続列車なし,0.9,速度は制限内で安全、加速は残距離・時間から必要な速度に近づくため妥当。ノッチ保持は長く快適で、ハンチングもなし。
198.0,T1,巡航フェーズ（駅間走行中）,力行（加速）中,47.5,なし（または停止）,0.0,70.0,60.06,1080.9,53.5,0.0,0.0,この先制限速度なし,この先目立った勾配なし,先行列車なし,後続列車なし,0.8,安全面では速度制限内で超過なし。残距離・残時間から必要平均速度は制限を超えるため、現在の加速は遅れ回避に必須。加速は長時間継続し切替少なく快適性も高く、運転者の加速後惰行志向に合致。したがって評価は0.8とする。
199.0,T1,巡航フェーズ（駅間走行中）,力行（加速）中,48.5,なし（または停止）,0.0,70.0,60.64,1064.1,52.5,0.0,0.0,この先制限速度なし,この先目立った勾配なし,先行列車なし,後続列車なし,0.8,安全は確保され速度は制限内。残距離・残時間からは限界付近まで加速が必要で、現在の力行は妥当。ノッチ切替は少なく快適性も高い。
200.0,T1,巡航フェーズ（駅間走行中）,力行（加速）中,49.5,なし（または停止）,0.0,70.0,61.21,1047.2,51.5,0.0,0.0,この先制限速度なし,この先目立った勾配なし,先行列車なし,後続列車なし,0.8,安全面では速度制限内で超過なし。残距離・時間からは限界速度付近まで加速が必要で、現在の力行は妥当。ノッチ切替は少なく快適性も高く、運転者の加速後惰行志向と合致。全体的に適切だが、余裕が少ないため若干減点。
201.0,T1,巡航フェーズ（駅間走行中）,力行（加速）中,50.5,なし（または停止）,0.0,70.0,61.77,1030.1,50.5,0.0,0.0,この先制限速度なし,この先目立った勾配なし,先行列車なし,後続列車なし,0.6,安全は確保されているが、制限速度以下で長時間加速を続けエネルギー無駄。ノッチ切替は少なく快適だが、惰行活用が不足し運転手好みとややずれる。
202.0,T1,巡航フェーズ（駅間走行中）,力行（加速）中,51.5,なし（または停止）,0.0,70.0,62.32,1012.9,49.5,0.0,0.0,この先制限速度なし,この先目立った勾配なし,先行列車なし,後続列車なし,0.7,安全は制限速度内で確保。残距離・時間からは限界速度でも足りず、加速は必要だが巡航での余分な力行はエネルギー浪費。長時間のノッチ保持で快適。
203.0,T1,巡航フェーズ（駅間走行中）,力行（加速）中,52.5,なし（または停止）,0.0,70.0,62.86,995.5,48.5,0.0,0.0,この先制限速度なし,この先目立った勾配なし,先行列車なし,後続列車なし,0.6,安全は保たれ制限超過なし。だが残距離・時間からは加速は不要でエネルギー浪費。ノッチ切替は少なく快適だが効率性が低く運転好みとずれる。
204.0,T1,巡航フェーズ（駅間走行中）,力行（加速）中,53.5,なし（または停止）,0.0,70.0,63.39,978.0,47.5,0.0,0.0,この先制限速度なし,この先目立った勾配なし,先行列車なし,後続列車なし,0.9,安全は制限内で問題なし。残距離・時間からは最高速限界に近づく必要があり、加速継続は妥当。先行列車なしで車間距離の懸念もなく、ノッチ切替が少なく快適で効率的。
205.0,T1,巡航フェーズ（駅間走行中）,力行（加速）中,54.5,なし（または停止）,0.0,70.0,63.91,960.3,46.5,0.0,0.0,この先制限速度なし,この先目立った勾配なし,先行列車なし,後続列車なし,0.8,安全は制限内で問題なし。残距離・時間からは限界近くまで加速が必要で、現在の力行は妥当。ノッチ切替は少なく快適性も高く、運転者好みと合致。遅延リスクを回避しつつエネルギー消費も最小化できるため評価は高い。
206.0,T1,巡航フェーズ（駅間走行中）,力行（加速）中,55.5,なし（または停止）,0.0,70.0,64.42,942.5,45.5,0.0,0.0,この先制限速度なし,この先目立った勾配なし,先行列車なし,後続列車なし,0.7,安全は制限速度内で確保。残距離・時間から必要速度は70km/hを超えるが上限超過はしない。55.5秒の加速保持でノッチ切替は少なく快適。効率は限界に近く若干遅れリスクありが、適切な加速で対処。
207.0,T1,巡航フェーズ（駅間走行中）,力行（加速）中,56.5,なし（または停止）,0.0,70.0,64.93,924.5,44.5,0.0,0.0,この先制限速度なし,この先目立った勾配なし,先行列車なし,後続列車なし,0.8,速度は制限内で安全だが、残距離・時間から限界速度に近く、加速は必要。加速が長時間続く点は好みと合致せず、惰行活用が不足。快適性は高い。
208.0,T1,巡航フェーズ（駅間走行中）,力行（加速）中,57.5,なし（または停止）,0.0,70.0,65.42,906.4,43.5,0.0,0.0,この先制限速度なし,この先目立った勾配なし,先行列車なし,後続列車なし,0.3,安全は制限内で問題なし。残距離・時間からは平均75km/h必要で上限超過。現在加速は不要でエネルギー浪費。ノッチ保持時間0秒はハンチングとみなされ快適性低下。運転者好みと合致せず総合評価は低め。したがって評価は0.3とする。
209.0,T1,巡航フェーズ（駅間走行中）,力行（加速）中,58.5,なし（または停止）,0.0,70.0,65.91,888.1,42.5,0.0,0.0,この先制限速度なし,この先目立った勾配なし,先行列車なし,後続列車なし,0.8,安全は制限内で停止距離確保、効率は定時到達に必要な速度へ加速、快適はノッチ変化少なく適切。
210.0,T1,巡航フェーズ（駅間走行中）,力行（加速）中,59.5,なし（または停止）,0.0,70.0,66.38,869.8,41.5,0.0,0.0,この先制限速度なし,この先目立った勾配なし,先行列車なし,後続列車なし,0.1,制限内だが次駅まで減速すべき局面で加速継続。安全・効率・快適性すべてで不適切。
211.0,T1,巡航フェーズ（駅間走行中）,力行（加速）中,60.5,なし（または停止）,0.0,70.0,66.85,851.3,40.5,0.0,0.0,この先制限速度なし,この先目立った勾配なし,先行列車なし,後続列車なし,0.8,速度は制限内で安全、加速は必要速度に近づくため適切。ノッチ切替は少なく快適で、運転手好みの加速→惰行パターンに合致。
212.0,T1,巡航フェーズ（駅間走行中）,力行（加速）中,61.5,なし（または停止）,0.0,70.0,67.31,832.6,39.5,0.0,0.0,この先制限速度なし,この先目立った勾配なし,先行列車なし,後続列車なし,0.7,安全は確保されているが、残距離・残時間からは限界速度付近で加速が続くのは非効率。ノッチ切替は少なく快適だが、惰行で速度を保つという運転手の好みと合致せず、総合評価はやや低め。
213.0,T1,巡航フェーズ（駅間走行中）,力行（加速）中,62.5,なし（または停止）,0.0,70.0,67.77,813.9,38.5,0.0,0.0,この先制限速度なし,この先目立った勾配なし,先行列車なし,後続列車なし,0.8,安全は制限速度内で確保。加速は必要だが既に限界付近で惰行すべきでエネルギー無駄。ノッチ切替は少なく快適。
214.0,T1,巡航フェーズ（駅間走行中）,力行（加速）中,63.5,なし（または停止）,0.0,70.0,68.21,795.0,37.5,0.0,0.0,この先制限速度なし,この先目立った勾配なし,先行列車なし,後続列車なし,0.3,速度は制限内だが駅間795mで37.5sの残り、加速継続はブレーキ距離不足リスクを増大させ、エネルギー無駄。操作は安全・効率・好みと合致せず。
215.0,T1,巡航フェーズ（駅間走行中）,力行（加速）中,64.5,なし（または停止）,0.0,70.0,68.65,776.0,36.5,0.0,0.0,この先制限速度なし,この先目立った勾配なし,先行列車なし,後続列車なし,0.6,安全は確保され制限内だが、残距離・時間からは限界速度に近く、加速を続けるのはエネルギー無駄。加速保持時間は長くハンチングはなし。ドライバー好みの惰行活用と合致せず、快適性もやや低下。
216.0,T1,巡航フェーズ（駅間走行中）,力行（加速）中,65.5,なし（または停止）,0.0,70.0,69.09,756.8,35.5,0.0,0.0,この先制限速度なし,この先目立った勾配なし,先行列車なし,後続列車なし,0.6,安全は確保されているが、制限速度付近での加速は無駄でエネルギー効率が低下。ノッチ保持は長く快適だが、運転者の加速後惰行志向と合致せず、総合評価は0.6。
217.0,T1,巡航フェーズ（駅間走行中）,力行（加速）中,66.5,なし（または停止）,0.0,70.0,69.52,737.6,34.5,0.0,0.0,この先制限速度なし,この先目立った勾配なし,先行列車なし,後続列車なし,0.5,速度は制限内だが駅間減速が必要な局面で加速を続けており、無駄な力行で効率低下。保持時間は長くハンチングはなし。安全は保たれるが運転好みと効率性で減点。
218.0,T1,巡航フェーズ（駅間走行中）,力行（加速）中,67.5,なし（または停止）,0.0,70.0,69.95,718.2,33.5,0.0,0.0,この先制限速度なし,この先目立った勾配なし,先行列車なし,後続列車なし,0.2,現在速度は制限上限の70km/hで加速を続けており、次駅まで718m・33.5秒という条件から速度超過・遅延リスクが高く安全性が著しく低下。必要な減速が遅れエネルギー無駄で、乗客への快適性も損なわれる。
219.0,T1,巡航フェーズ（駅間走行中）,惰行中,0.0,力行（加速）,68.0,70.0,69.88,698.8,32.5,0.0,0.0,この先制限速度なし,この先目立った勾配なし,先行列車なし,後続列車なし,0.9,速度は70km/h未満で安全に維持し、加速68秒後に惰行へ切替。切替回数は1回だけで乗り心地も良く、エネルギー無駄もなし。
220.0,T1,巡航フェーズ（駅間走行中）,惰行中,1.0,力行（加速）,68.0,70.0,69.63,679.4,31.5,0.0,0.0,この先制限速度なし,この先目立った勾配なし,先行列車なし,後続列車なし,0.6,安全は制限内で問題なし。長時間加速後の惰行は運転手の好みと快適性に合致するが、残距離679.4mを31.5秒で走破するには平均77km/hが必要で、現在の69.6km/hでは遅延リスクがあるため効率が低下している。
221.0,T1,巡航フェーズ（駅間走行中）,惰行中,2.0,力行（加速）,68.0,70.0,69.39,660.1,30.5,0.0,0.0,この先制限速度なし,この先目立った勾配なし,先行列車なし,後続列車なし,0.9,速度は制限内で停止距離確保済み。加速後の惰行は適切で切替回数少なく快適。運転者好みと合致しハンチングなし。
222.0,T1,巡航フェーズ（駅間走行中）,惰行中,3.0,力行（加速）,68.0,70.0,69.15,640.9,29.5,0.0,0.0,この先制限速度なし,この先目立った勾配なし,先行列車なし,後続列車なし,0.9,速度は制限内で安全。加速後の惰行はドライバー好みで快適性も高く、ノッチ保持時間も適切。残距離・時間から見ても軽いブレーキで止められるため効率的。
223.0,T1,巡航フェーズ（駅間走行中）,惰行中,4.0,力行（加速）,68.0,70.0,68.91,621.7,28.5,0.0,0.0,この先制限速度なし,この先目立った勾配なし,先行列車なし,後続列車なし,0.9,速度は制限70km/h未満で安全。長時間の力行後の惰行はエネルギー無駄が少なく、ノッチ切替は1回だけで快適性も高い。ハンチングなし。残距離・時間からは制限速度でややタイトだが遅延はなく、総合的に適切な操作。
224.0,T1,巡航フェーズ（駅間走行中）,惰行中,5.0,力行（加速）,68.0,70.0,68.67,602.6,27.5,0.0,0.0,この先制限速度なし,この先目立った勾配なし,先行列車なし,後続列車なし,0.0,エラー発生: Request timed out.
225.0,T1,巡航フェーズ（駅間走行中）,惰行中,6.0,力行（加速）,68.0,70.0,68.43,583.5,26.5,0.0,0.0,この先制限速度なし,この先目立った勾配なし,先行列車なし,後続列車なし,0.6,安全は制限内で問題なし。残距離・時間からは70km/hでも不足し、加速すべき。惰行は過剰で効率低下。ノッチ切替は少なく快適だが、運転者好みの定時維持に合わず評価は中程度。
226.0,T1,巡航フェーズ（駅間走行中）,惰行中,7.0,力行（加速）,68.0,70.0,68.2,564.6,25.5,0.0,0.0,この先制限速度なし,この先目立った勾配なし,先行列車なし,後続列車なし,0.6,安全は問題ないが、残距離・時間から見ると制限内で加速すべき。惰行は遅延増で非効率。切替は少なく快適だが総合で低評価。
227.0,T1,巡航フェーズ（駅間走行中）,惰行中,8.0,力行（加速）,68.0,70.0,67.96,545.6,24.5,0.0,0.0,この先制限速度なし,この先目立った勾配なし,先行列車なし,後続列車なし,0.6,安全は制限速度内で確保。残距離・残時間からは加速が必要だが惰行を続けているため効率が低下。ノッチ切替は長く頻繁でなく快適だが、定時遵守に不適切なため総合評価はやや低め。
228.0,T1,巡航フェーズ（駅間走行中）,惰行中,9.0,力行（加速）,68.0,70.0,67.72,526.8,23.5,0.0,0.0,この先制限速度なし,この先目立った勾配なし,先行列車なし,後続列車なし,0.2,現在速度は制限内で惰行は好みと合致するが、残距離・時間から見るとすぐにブレーキが必要。惰行継続は安全性を損ね、効率・快適性も低下。
229.0,T1,巡航フェーズ（駅間走行中）,惰行中,10.0,力行（加速）,68.0,70.0,67.49,508.0,22.5,0.0,0.0,この先制限速度なし,この先目立った勾配なし,先行列車なし,後続列車なし,0.8,安全は制限速度70km/h未満で確保、ノッチ保持時間も長く乗り心地良好。だが508mを22.5sで走破するには81km/h必要で、現在67.5km/hでは遅延が不可避。効率的に加速せず速度不足のため減点。
230.0,T1,巡航フェーズ（駅間走行中）,惰行中,11.0,力行（加速）,68.0,70.0,67.25,489.3,21.5,0.0,0.0,この先制限速度なし,この先目立った勾配なし,先行列車なし,後続列車なし,0.8,安全は制限内で問題なし。加速後の惰行は滑らかで快適。保持時間も長くハンチングなし。効率は若干不足し、残距離・時間からは限界速度に近い加速が望まれるが大きな遅延はない。
231.0,T1,巡航フェーズ（駅間走行中）,惰行中,12.0,力行（加速）,68.0,70.0,67.02,470.7,20.5,0.0,0.0,この先制限速度なし,この先目立った勾配なし,先行列車なし,後続列車なし,0.9,速度は制限内で安全距離確保済み。余裕があるため惰行は適切で、加速後の長時間保持でハンチングなし。効率・快適性ともに好みと合致。
232.0,T1,巡航フェーズ（駅間走行中）,惰行中,13.0,力行（加速）,68.0,70.0,66.79,452.1,19.5,0.0,0.0,この先制限速度なし,この先目立った勾配なし,先行列車なし,後続列車なし,0.8,安全面では制限速度70km/hを超えておらず、停止距離も確保できている。効率は限界付近で惰行を続けエネルギー無駄が少ない。快適性もノッチ切替は少なく滑らか。運転者好みと合致し高評価。
233.0,T1,巡航フェーズ（駅間走行中）,惰行中,14.0,力行（加速）,68.0,70.0,66.56,433.6,18.5,0.0,0.0,この先制限速度なし,この先目立った勾配なし,先行列車なし,後続列車なし,0.9,速度は制限内で安全に停止距離確保。長時間の力行後、適切に惰行へ切替え、ノッチ変化も少なく快適。
234.0,T1,巡航フェーズ（駅間走行中）,惰行中,15.0,力行（加速）,68.0,70.0,66.33,415.1,17.5,0.0,0.0,この先制限速度なし,この先目立った勾配なし,先行列車なし,後続列車なし,0.4,現在速度は制限内だが、残距離と時間から見ると15秒の惰行でブレーキ開始が遅れ、停止距離不足の危険がある。加速からの切替は適切だが、遅すぎる減速で安全性が低下。快適性は良好。
235.0,T1,次駅への減速フェーズ（駅手前400m以内）,惰行中,16.0,力行（加速）,68.0,70.0,66.1,396.7,16.5,0.0,0.0,この先制限速度なし,この先目立った勾配なし,先行列車なし,後続列車なし,0.3,制限速度内で快適だが、残距離と必要ブレーキ距離から惰行16 sは遅すぎ安全性が低く、総合評価は低め。
236.0,T1,次駅への減速フェーズ（駅手前400m以内）,惰行中,17.0,力行（加速）,68.0,70.0,65.87,378.4,15.5,0.0,0.0,この先制限速度なし,この先目立った勾配なし,先行列車なし,後続列車なし,0.2,現在速度65.9km/hで制限内だが、残距離378m・残時間15.5sからは直ちにブレーキすべき。17秒間の惰行は遅延リスクを高め、安全性・効率性ともに不適切。
237.0,T1,次駅への減速フェーズ（駅手前400m以内）,惰行中,18.0,力行（加速）,68.0,70.0,65.64,360.1,14.5,0.0,0.0,この先制限速度なし,この先目立った勾配なし,先行列車なし,後続列車なし,0.2,安全: 18秒惰行で残距離不足、ブレーキ不足で停車リスク。効率・快適も低く、好みと不一致。
238.0,T1,次駅への減速フェーズ（駅手前400m以内）,惰行中,19.0,力行（加速）,68.0,70.0,65.41,341.9,13.5,0.0,0.0,この先制限速度なし,この先目立った勾配なし,先行列車なし,後続列車なし,0.9,安全は制限速度未超過かつ停止距離余裕、現在速度65.4km/hは70km/h以下でブレーキ開始に十分な距離と時間がある。効率は直前の力行後に惰行へ移行し余分なエネルギー消費を抑制。快適は長時間の安定したノッチ保持で乗り心地良好、ハンチングなし。運転手の好み（惰行活用・ノッチ切替最小化）にも合致。
239.0,T1,次駅への減速フェーズ（駅手前400m以内）,惰行中,20.0,力行（加速）,68.0,70.0,65.18,323.8,12.5,0.0,0.0,この先制限速度なし,この先目立った勾配なし,先行列車なし,後続列車なし,0.2,制限内だが減速せず惰行20秒で残距離を超過危険。安全性低く、効率・快適性も低評価。
240.0,T1,次駅への減速フェーズ（駅手前400m以内）,惰行中,21.0,力行（加速）,68.0,70.0,64.96,305.7,11.5,0.0,0.0,この先制限速度なし,この先目立った勾配なし,先行列車なし,後続列車なし,0.9,安全は確保され速度は制限内、惰行でエネルギー節約、ノッチ切替少なく快適。保持時間も適切でノコギリ運転なし、駅停止に十分な余裕あり。
241.0,T1,次駅への減速フェーズ（駅手前400m以内）,惰行中,22.0,力行（加速）,68.0,70.0,64.73,287.7,10.5,0.0,0.0,この先制限速度なし,この先目立った勾配なし,先行列車なし,後続列車なし,0.2,制限内で速度は適正だが、残距離287.7mで停止すべきところを22秒惰行し続けると超過走行の危険がある。安全性が大きく欠け、効率・快適性も低評価。
242.0,T1,次駅への減速フェーズ（駅手前400m以内）,惰行中,23.0,力行（加速）,68.0,70.0,64.51,269.7,9.5,0.0,0.0,この先制限速度なし,この先目立った勾配なし,先行列車なし,後続列車なし,0.3,速度は制限内で快適だが、残距離・残時間から駅停車に遅すぎ、ブレーキ開始が遅れ安全性が低い。ノッチ切替は少なく快適だが総合評価は低め。
243.0,T1,次駅への減速フェーズ（駅手前400m以内）,惰行中,24.0,力行（加速）,68.0,70.0,64.29,251.8,8.5,0.0,0.0,この先制限速度なし,この先目立った勾配なし,先行列車なし,後続列車なし,0.9,速度は制限内で安全に停止可能。加速から惰行へ切替は1回で快適だが、残距離251mで惰行24秒は遅すぎ、早期ブレーキが望ましい。
244.0,T1,次駅への減速フェーズ（駅手前400m以内）,惰行中,25.0,力行（加速）,68.0,70.0,64.06,234.0,7.5,0.0,0.0,この先制限速度なし,この先目立った勾配なし,先行列車なし,後続列車なし,0.6,安全面では制限速度内で停止距離も確保できて問題なし。効率は限界速度未達で遅延が増える恐れ。快適性はノッチ切替少なく良好。運転者の好みである速度維持と遅延回避に合致せず評価は低め。総合的に見て0.6とする。
245.0,T1,次駅への減速フェーズ（駅手前400m以内）,惰行中,26.0,力行（加速）,68.0,70.0,63.84,216.3,6.5,0.0,0.0,この先制限速度なし,この先目立った勾配なし,先行列車なし,後続列車なし,0.2,現在速度で6.5秒後に駅に到達すると停止距離が不足し超過危険。減速すべきなのに惰行を続け安全性が低い。
246.0,T1,次駅への減速フェーズ（駅手前400m以内）,惰行中,27.0,力行（加速）,68.0,70.0,63.62,198.6,5.5,0.0,0.0,この先制限速度なし,この先目立った勾配なし,先行列車なし,後続列車なし,0.2,制限速度内だが駅まで200m・残り5.5秒で減速せず惰行を続け、停止距離が確保できず安全性が低い。遅いブレーキ開始は運転手の好みと逆で、効率・快適性も低評価。
247.0,T1,次駅への減速フェーズ（駅手前400m以内）,惰行中,28.0,力行（加速）,68.0,70.0,63.4,180.9,4.5,0.0,0.0,この先制限速度なし,この先目立った勾配なし,先行列車なし,後続列車なし,0.2,制限内で速度は適正だが、180.9m先の駅に4.5sで停止できずブレーキ遅延。安全性低く、効率・快適性は良好だが運転者好みと乖離。
248.0,T1,次駅への減速フェーズ（駅手前400m以内）,惰行中,29.0,力行（加速）,68.0,70.0,63.18,163.3,3.5,0.0,0.0,この先制限速度なし,この先目立った勾配なし,先行列車なし,後続列車なし,0.3,安全面で停止距離確保が不十分。加速後すぐ惰行で減速遅れ、ブレーキ開始が遅すぎる。効率・快適は良いが、運転者好みと安全基準を大きく下回る。
249.0,T1,次駅への減速フェーズ（駅手前400m以内）,惰行中,30.0,力行（加速）,68.0,70.0,62.96,145.8,2.5,0.0,0.0,この先制限速度なし,この先目立った勾配なし,先行列車なし,後続列車なし,0.0,制限速度は守っているが、残距離145.8m・残時間2.5秒で減速せず惰行を続けており駅到着が不可能。安全性が大幅に欠如しているため評価は低い。
250.0,T1,次駅への減速フェーズ（駅手前400m以内）,ブレーキ（減速）中,0.5,惰行,30.0,70.0,58.96,128.9,1.5,0.0,0.0,この先制限速度なし,この先目立った勾配なし,先行列車なし,後続列車なし,0.5,安全は制限速度内で問題なしだが、残距離・残時間から見るとブレーキ開始が遅く、定時到着が不可能。ノッチ切替は少ないが急ブレーキで快適性も低下。
251.0,T1,次駅への減速フェーズ（駅手前400m以内）,力行（加速）中,0.0,ブレーキ（減速）,1.0,70.0,57.28,112.9,0.5,0.0,0.0,この先制限速度なし,この先目立った勾配なし,先行列車なし,後続列車なし,0.1,安全面で駅停止に間に合わず速度超過リスクが高く、直前のブレーキ後すぐ加速はハンチングで快適性も低く、効率も悪いため評価は極めて低い。さらに、制限速度を下回っているものの、残距離と残時間から見て減速が必要であり、現在の力行は不適切です。
252.0,T1,次駅への減速フェーズ（駅手前400m以内）,ブレーキ（減速）中,0.5,力行（加速）,0.0,70.0,53.28,97.5,0.0,0.5,0.0,この先制限速度なし,この先目立った勾配なし,先行列車なし,後続列車なし,0.5,安全は制限内で減速は必要だが、停止距離が僅かに不足。効率は良いが、0.5秒のブレーキと直前の瞬間加速でハンチングが発生し快適性が低下。
253.0,T1,次駅への減速フェーズ（駅手前400m以内）,ブレーキ（減速）中,1.5,力行（加速）,0.0,70.0,49.28,83.3,0.0,1.5,0.0,この先制限速度なし,この先目立った勾配なし,先行列車なし,後続列車なし,0.5,安全は制限速度内で停止距離も確保されているが、直前の加速から即ブレーキへの切替が頻繁でハンチング発生。効率は特に問題なし。快適性と好みから減点。
254.0,T1,次駅への減速フェーズ（駅手前400m以内）,ブレーキ（減速）中,2.5,力行（加速）,0.0,70.0,45.28,70.2,0.0,2.5,0.0,この先制限速度なし,この先目立った勾配なし,先行列車なし,後続列車なし,0.2,制限速度は守っているがブレーキ開始が遅く停止距離不足。直前の加速から即ブレーキへ切替でハンチング発生。安全・効率・快適すべてで低評価。
255.0,T1,次駅への減速フェーズ（駅手前400m以内）,ブレーキ（減速）中,3.5,力行（加速）,0.0,70.0,41.28,58.1,0.0,3.5,0.0,この先制限速度なし,この先目立った勾配なし,先行列車なし,後続列車なし,0.3,安全面では速度超過はなく停止距離がほぼ足りているが、加速直後のブレーキ切替でハンチングが発生し、快適性と効率が低下。運転者の好みとTri‑Drive原則に合わず評価は低め。
256.0,T1,次駅への減速フェーズ（駅手前400m以内）,ブレーキ（減速）中,4.5,力行（加速）,0.0,70.0,37.28,47.2,0.0,4.5,0.0,この先制限速度なし,この先目立った勾配なし,先行列車なし,後続列車なし,0.5,安全は確保され速度超過なしで停止距離も適切。だが直前の加速が0秒でハンチング発生し快適性・効率が低下。ノッチ切替が多く好みと合わない。
257.0,T1,次駅への減速フェーズ（駅手前400m以内）,ブレーキ（減速）中,5.5,力行（加速）,0.0,70.0,33.28,37.4,0.0,5.5,0.0,この先制限速度なし,この先目立った勾配なし,先行列車なし,後続列車なし,0.5,安全は概ね確保されているが、加速からブレーキへの即時切替でハンチングが発生し快適性が低く、制止位置の微超過リスクもある。
258.0,T1,次駅への減速フェーズ（駅手前400m以内）,ブレーキ（減速）中,6.5,力行（加速）,0.0,70.0,29.28,28.7,0.0,6.5,0.0,この先制限速度なし,この先目立った勾配なし,先行列車なし,後続列車なし,0.3,安全面は制限速度内で停止距離も確保されているが、直前の加速から即ブレーキへの切替が頻繁でハンチングが発生し快適性と効率が低下している。さらにブレーキ保持時間が6.5秒と長く、遅延が増大している点も評価を下げる。
259.0,T1,次駅への減速フェーズ（駅手前400m以内）,ブレーキ（減速）中,7.5,力行（加速）,0.0,70.0,25.28,21.2,0.0,7.5,0.0,この先制限速度なし,この先目立った勾配なし,先行列車なし,後続列車なし,0.5,ブレーキは適切に行われ安全は確保されているが、加速から即ブレーキへの0秒保持でハンチングが発生し、乗り心地が悪く評価を減点する。
260.0,T1,次駅への減速フェーズ（駅手前400m以内）,ブレーキ（減速）中,8.5,力行（加速）,0.0,70.0,21.28,14.7,0.0,8.5,0.0,この先制限速度なし,この先目立った勾配なし,先行列車なし,後続列車なし,0.5,安全は制限速度内で停止距離も確保されているが、直前の加速が0秒で即ブレーキに切り替わりハンチングが発生。乗客の快適性と運転手の好みに合わず減点。
261.0,T1,次駅への減速フェーズ（駅手前400m以内）,ブレーキ（減速）中,9.5,力行（加速）,0.0,70.0,17.28,9.3,0.0,9.5,0.0,この先制限速度なし,この先目立った勾配なし,先行列車なし,後続列車なし,0.2,現在は制限速度内だが、残距離9.3mで速度17.3km/hでは停止距離が約10.4mとなり駅を超過。直前の加速0秒と即ブレーキでノコギリ運転が発生し快適性も低下。安全・快適性が著しく欠けるため評価は低い。
262.0,T1,次駅への減速フェーズ（駅手前400m以内）,ブレーキ（減速）中,10.5,力行（加速）,0.0,70.0,13.28,5.1,0.0,10.5,0.0,この先制限速度なし,この先目立った勾配なし,先行列車なし,後続列車なし,0.3,制限速度は守っているが、現在速度13.3km/hで残距離5.1mの停止距離は約6.1m必要。過走リスクあり。直前の加速が0秒で即ブレーキに切り替わりハンチングが発生、快適性と運転者好みを大きく損なう。
263.0,T1,次駅への減速フェーズ（駅手前400m以内）,ブレーキ（減速）中,11.5,力行（加速）,0.0,70.0,9.28,2.0,0.0,11.5,0.0,この先制限速度なし,この先目立った勾配なし,先行列車なし,後続列車なし,0.2,現在速度9.3km/hは制限内だが残距離2mで停止には不足し、ブレーキ開始が遅く安全性が低下。直前の加速から即ブレーキへの切替でハンチングが発生し、効率・快適性も悪化。ブレーキ保持が長くエネルギー無駄で、定時遅れ11.5秒も生じている。
295.0,T1,駅出発直後の加速フェーズ（20秒以内）,力行（加速）中,0.5,なし（または停止）,0.0,70.0,3.1,1599.6,94.5,0.0,0.0,この先制限速度なし,この先目立った勾配なし,先行列車なし,後続列車なし,0.6,加速開始は適切だが0.5秒の保持は極短でノコギリ運転とみなされ、快適性と効率が低下。安全は問題なし。定時到達に必要な速度に向けた加速は必要だが、ノッチ切替が頻繁になる恐れがある。
296.0,T1,駅出発直後の加速フェーズ（20秒以内）,力行（加速）中,1.5,なし（または停止）,0.0,70.0,6.03,1598.3,93.5,0.0,0.0,この先制限速度なし,この先目立った勾配なし,先行列車なし,後続列車なし,0.9,安全は問題なく制限内、加速は定時到達に必要で適切。ノッチ保持1.5秒で切替少なく快適。運転者好みと合致し、余裕を持ち加速し惰行へ移行すれば最適。
297.0,T1,駅出発直後の加速フェーズ（20秒以内）,力行（加速）中,2.5,なし（または停止）,0.0,70.0,8.81,1596.2,92.5,0.0,0.0,この先制限速度なし,この先目立った勾配なし,先行列車なし,後続列車なし,0.9,安全に制限内で加速中。残距離・時間から必要平均速度≈62km/hで、現在の加速は必須。ノッチ切替は少なく快適性も高く、運転手の好みと合致。
298.0,T1,駅出発直後の加速フェーズ（20秒以内）,力行（加速）中,3.5,なし（または停止）,0.0,70.0,11.45,1593.4,91.5,0.0,0.0,この先制限速度なし,この先目立った勾配なし,先行列車なし,後続列車なし,0.8,安全面は制限内で問題なし。残距離・時間から平均62km/h必要で、加速継続は適切。ノッチ切替は少なく快適性も高く、効率的に速度上げる操作と評価できる。遅延0秒で定時性も保たれ、無駄な減速は見られない。
299.0,T1,駅出発直後の加速フェーズ（20秒以内）,力行（加速）中,4.5,なし（または停止）,0.0,70.0,13.95,1589.9,90.5,0.0,0.0,この先制限速度なし,この先目立った勾配なし,先行列車なし,後続列車なし,0.8,安全は制限速度内で問題なし。残距離1589.9m・残時間90.5sから必要平均速度約63km/hで、現在加速中の13.9km/hは適切な立ち上がり。ノッチ保持4.5秒と切替少なく快適性高く、運転者の加速後惰行志向にも合致。
300.0,T1,駅出発直後の加速フェーズ（20秒以内）,力行（加速）中,5.5,なし（または停止）,0.0,70.0,16.31,1585.7,89.5,0.0,0.0,この先制限速度なし,この先目立った勾配なし,先行列車なし,後続列車なし,0.9,安全に制限内で加速し、必要平均速度に向けて適切な力行を継続。ノッチ切替は少なく快適で、効率的な惰行準備も適合。先行・後続列車なしで車間距離の懸念もなく、加速時間5.5秒は適切でハンチングなし。総合的に高評価。
301.0,T1,駅出発直後の加速フェーズ（20秒以内）,力行（加速）中,6.5,なし（または停止）,0.0,70.0,18.55,1580.8,88.5,0.0,0.0,この先制限速度なし,この先目立った勾配なし,先行列車なし,後続列車なし,0.9,安全は制限内で問題なし。必要速度64km/hに向け加速中で効率的。ノッチ切替は1回だけで快適。運転手好みの加速→惰行パターンに合致。
302.0,T1,駅出発直後の加速フェーズ（20秒以内）,力行（加速）中,7.5,なし（または停止）,0.0,70.0,20.68,1575.4,87.5,0.0,0.0,この先制限速度なし,この先目立った勾配なし,先行列車なし,後続列車なし,0.9,安全面は制限速度を大きく下回り問題なし。残距離・残時間から必要平均速度≈65km/hで、現在20.7km/hは加速中で適切。ノッチ切替は一度だけで快適性も高く、ハンチングは見られない。運転者好みの滑らかな加速で評価は高い。
303.0,T1,駅出発直後の加速フェーズ（20秒以内）,力行（加速）中,8.5,なし（または停止）,0.0,70.0,22.69,1569.4,86.5,0.0,0.0,この先制限速度なし,この先目立った勾配なし,先行列車なし,後続列車なし,0.9,安全面は制限速度遵守で問題なし。残距離・時間から必要速度≈65km/hで、加速継続は適切。ノッチ切替は少なく快適性も高く、運転者好みと合致。
304.0,T1,駅出発直後の加速フェーズ（20秒以内）,力行（加速）中,9.5,なし（または停止）,0.0,70.0,24.59,1562.8,85.5,0.0,0.0,この先制限速度なし,この先目立った勾配なし,先行列車なし,後続列車なし,0.5,安全は制限内で問題なし。速度は必要平均65km/hに対し24.6km/hと大幅不足し、定時到達が危険。加速が足りず効率低く、運転好みと合わない。快適性は良好。
305.0,T1,駅出発直後の加速フェーズ（20秒以内）,力行（加速）中,10.5,なし（または停止）,0.0,70.0,26.4,1555.7,84.5,0.0,0.0,この先制限速度なし,この先目立った勾配なし,先行列車なし,後続列車なし,0.8,安全は確保され、制限速度内で必要な高速へ向け加速中。ノッチ切替は1回だけで快適性・効率性ともに高く、運転者の好みに合致。
306.0,T1,駅出発直後の加速フェーズ（20秒以内）,力行（加速）中,11.5,なし（または停止）,0.0,70.0,28.11,1548.1,83.5,0.0,0.0,この先制限速度なし,この先目立った勾配なし,先行列車なし,後続列車なし,0.9,安全面は制限速度を大幅に下回り問題なし。残距離・時間から必要速度≈67km/hで、現在加速中は妥当。ノッチ保持時間11.5秒でハンチングなし、乗り心地も良好。総合的に高評価。効率的にエネルギーを使用し、余裕を持って定時到着が見込める。
307.0,T1,駅出発直後の加速フェーズ（20秒以内）,力行（加速）中,12.5,なし（または停止）,0.0,70.0,29.72,1540.1,82.5,0.0,0.0,この先制限速度なし,この先目立った勾配なし,先行列車なし,後続列車なし,0.5,安全は問題なしで制限超過はないが、残距離と残時間から必要平均速度は約67km/hで、現在の加速時間12.5秒だけでは速度が不足し、後続の加速が必要になるため効率が低下する。ノッチ切替は少なく快適だが、ドライバーの『早期加速→惰行』志向と合致せず評価を下げる。
308.0,T1,駅出発直後の加速フェーズ（20秒以内）,力行（加速）中,13.5,なし（または停止）,0.0,70.0,31.26,1531.6,81.5,0.0,0.0,この先制限速度なし,この先目立った勾配なし,先行列車なし,後続列車なし,0.9,安全に制限内、加速継続で定時速度に向かうため適切。ノッチ切替少なく快適。効率的。
309.0,T1,駅出発直後の加速フェーズ（20秒以内）,力行（加速）中,14.5,なし（または停止）,0.0,70.0,32.71,1522.7,80.5,0.0,0.0,この先制限速度なし,この先目立った勾配なし,先行列車なし,後続列車なし,0.9,安全は確保され速度は制限内。残距離・残時刻から約68km/hが必要で、加速中は妥当。ノッチ切替は少なく快適性も高く、運転手好みの加速→惰行パターンに合致。
310.0,T1,駅出発直後の加速フェーズ（20秒以内）,力行（加速）中,15.5,なし（または停止）,0.0,70.0,34.08,1513.5,79.5,0.0,0.0,この先制限速度なし,この先目立った勾配なし,先行列車なし,後続列車なし,0.9,安全性は制限速度未超過で問題なし。残距離・時間から平均68.6km/hが必要で、現在の加速はその達成に向け適切。ノッチ切替は1回だけで快適性も高く、無駄な惰行はなく効率的。運転手の好みである駅出発後の加速と適切な速度維持に合致しているため高評価。
311.0,T1,駅出発直後の加速フェーズ（20秒以内）,力行（加速）中,16.5,なし（または停止）,0.0,70.0,35.38,1503.8,78.5,0.0,0.0,この先制限速度なし,この先目立った勾配なし,先行列車なし,後続列車なし,0.7,安全は問題なく制限速度内で前方列車もなし。残距離・時間から必要速度≈69km/hに対し現在35.4km/hで加速不足。効率が低く定時到達リスクあり。ノッチは安定しているが加速遅れで評価低下。
312.0,T1,駅出発直後の加速フェーズ（20秒以内）,力行（加速）中,17.5,なし（または停止）,0.0,70.0,36.61,1493.8,77.5,0.0,0.0,この先制限速度なし,この先目立った勾配なし,先行列車なし,後続列車なし,0.9,安全は制限内で問題なし。定時に必要な約70km/hに向け加速中で効率的。ノッチ切替は1回だけで快適性も高い。
313.0,T1,駅出発直後の加速フェーズ（20秒以内）,力行（加速）中,18.5,なし（または停止）,0.0,70.0,37.77,1483.5,76.5,0.0,0.0,この先制限速度なし,この先目立った勾配なし,先行列車なし,後続列車なし,0.6,安全は確保されているが、残距離・時間から必要速度≈70km/hに対し現在37.8km/hと大幅に遅く、効率が低い。ノッチ切替は少なく快適だが、加速不足で評価を下げる。
314.0,T1,駅出発直後の加速フェーズ（20秒以内）,力行（加速）中,19.5,なし（または停止）,0.0,70.0,38.87,1472.8,75.5,0.0,0.0,この先制限速度なし,この先目立った勾配なし,先行列車なし,後続列車なし,0.9,安全は制限内で確保。残距離・残時から必要速度は約70km/hで、現在の加速は必須。ノッチ切替はなく快適性も高く、運転手の加速後惰行志向に合致。
315.0,T1,巡航フェーズ（駅間走行中）,力行（加速）中,20.5,なし（または停止）,0.0,70.0,39.92,1461.9,74.5,0.0,0.0,この先制限速度なし,この先目立った勾配なし,先行列車なし,後続列車なし,0.9,安全は制限速度内で確保され、残距離・残時間から必要な速度に向け加速しており効率的。ノッチ保持時間は20.5秒と長く、頻繁な切替えがなく快適性も高い。運転手の好みである加速後の惰行活用へも適した状態。
316.0,T1,巡航フェーズ（駅間走行中）,力行（加速）中,21.5,なし（または停止）,0.0,70.0,40.9,1450.7,73.5,0.0,0.0,この先制限速度なし,この先目立った勾配なし,先行列車なし,後続列車なし,0.8,安全は制限速度内で問題なし。残距離・時間からは約71km/hが必要で、現在は加速中で速度向上が妥当。加速は連続でノッチ切替が少なく快適。運転者の好みと合致。
317.0,T1,巡航フェーズ（駅間走行中）,力行（加速）中,22.5,なし（または停止）,0.0,70.0,41.84,1439.2,72.5,0.0,0.0,この先制限速度なし,この先目立った勾配なし,先行列車なし,後続列車なし,0.8,安全は確保され速度は制限内。残距離・時間から近くで最高速が必要で、加速は妥当。ノッチ切替は少なく快適で、運転手の加速後惰行志向にも合致。
318.0,T1,巡航フェーズ（駅間走行中）,力行（加速）中,23.5,なし（または停止）,0.0,70.0,42.73,1427.4,71.5,0.0,0.0,この先制限速度なし,この先目立った勾配なし,先行列車なし,後続列車なし,0.8,安全に制限速度内で走行し、71km/hが必要な平均速度に対し現在42.7km/hで加速中。23.5秒の連続力行はノッチ切替少なく快適で、無駄な惰行はしていない。運転手の加速後惰行志向と合致し、効率・快適性とも高評価。
