time,train_id,phase,current_notch,holding_time,prev_notch,prev_notch_duration,speed_limit,signal_speed,current_speed,dist_to_next_station,time_to_next_station,req_stop_dist,delay,current_gradient,next_limit_info,next_gradient_info,forward_info,backward_info,reward,reason
108.0,Train11,巡航フェーズ（駅間走行中）,惰行中,1.0,力行（加速）,1.0,70.0,69.99786376953125,65.66202586012155,698.1257733626123,41.0,257.76732051977103,0.0,0.0,この先制限速度なし,89m先に上り勾配6.1‰あり,前方544.1m先を38.1km/h,後続列車なし,0.6,速度は制限・信号内で安全ですし、先行列車との間隔も十分です。巡航フェーズでの惰行は適切ですが、直前の加速から1秒で惰行に切り替えたためノコギリ運転が発生し、省エネ面で減点されます。
109.0,Train11,巡航フェーズ（駅間走行中）,惰行中,2.0,力行（加速）,1.0,70.0,69.99786376953125,65.4319247970682,679.918619282045,41.0,256.02757814636277,0.0,0.0,この先制限速度なし,71m先に上り勾配6.1‰あり,前方536.3m先を36.8km/h,後続列車なし,0.4,速度は制限内でCBTC信号も遵守していますが、直前の力行から2秒で惰行へ切り替えるノコギリ運転が発生し、保持時間が5秒未満のため大きく減点されます。巡航フェーズとしては適切ですが、効率面での評価が低下しました。
110.0,Train11,巡航フェーズ（駅間走行中）,惰行中,3.0,力行（加速）,1.0,70.0,69.99786376953125,65.20266272739634,661.7752643469572,41.0,254.30003002108793,0.0,0.0,この先制限速度なし,53m先に上り勾配6.1‰あり,前方528.2m先を35.5km/h,後続列車なし,0.6,速度は制限70km/h以内でCBTC信号70km/hと一致し、安全面は問題ありません。残り距離と残り時間から必要平均速度は約58km/hで、現在65.2km/hは十分であり、巡航フェーズでの惰行は省エネ的に適切です。ただし、直前の1秒間の力行から3秒の惰行への切替が5秒未満であり、ノコギリ運転と判定され、効率低下の減点対象となります。
111.0,Train11,巡航フェーズ（駅間走行中）,惰行中,4.0,力行（加速）,1.0,70.0,69.99786376953125,64.97423430080987,643.6954762551715,41.0,252.58457191558819,0.0,0.0,この先制限速度なし,35m先に上り勾配6.1‰あり,前方519.8m先を34.1km/h,後続列車なし,0.6,Step1‑2では速度・CBTCとも制限内で安全です。Step4の巡航フェーズでは現在速度65km/hは必要平均速度56km/hを上回っており惰行は適切です。Step5で直前の加速から4秒以内に惰行へ切り替えたためノコギリ運転（保持時間4秒＜5秒）と判定され大きく減点します。その他は問題なし。
112.0,Train11,巡航フェーズ（駅間走行中）,惰行中,5.0,力行（加速）,1.0,70.0,69.99786376953125,64.74663421146154,625.6790241844997,41.0,250.88110070945052,0.0,0.0,この先制限速度なし,17m先に上り勾配6.1‰あり,前方511.1m先を32.8km/h,後続列車なし,0.4,制限速度・CBTCは遵守していますが、次駅到達に必要な平均速度は約55km/hで、余裕を持たせた目標速度は71〜77km/hです。現在64.7km/hで惰行を続けると遅れが生じ、エネルギー効率も低下します。さらに、直前の力行から5秒で惰行へ切り替えたためノコギリ運転（5〜10秒）となり小減点です。安全面は問題ありませんが、効率と快適性が不足しています。
113.0,Train11,巡航フェーズ（駅間走行中）,惰行中,6.0,力行（加速）,1.0,70.0,69.99786376953125,64.5198571974894,607.7256787804188,41.0,249.18951437621513,0.0,6.1,この先制限速度なし,399m先に上り勾配9.2‰あり,前方502.1m先を31.5km/h,後続列車なし,0.3,現在速度は制限内で安全は保たれていますが、残距離と残時間から必要な平均速度は約53km/hで、1.3倍～1.4倍の目標は70km/h以上です。巡航中に惰行に切り替えたため速度が不足し、定時到着が危うくなります。さらに直前の加速からの切替でノコギリ運転（6秒惰行）も発生し、効率が低下しています。安全面は問題なしですが、適切性は低いです。
114.0,Train11,巡航フェーズ（駅間走行中）,惰行中,7.0,力行（加速）,1.0,70.0,69.99786376953125,64.29389804055887,589.835212143857,41.0,247.50971196958747,0.0,6.1,この先制限速度なし,382m先に上り勾配9.2‰あり,前方492.8m先を30.2km/h,後続列車なし,0.6,速度は制限内でCBTCも遵守していますが、次駅までの平均必要速度から算出した目標速度(約67‑72km/h)を下回っているため、巡航フェーズでの惰行は不適切です。直前の加速からすぐ惰行へ切り替えたため、5‑10秒のノコギリ運転が発生し、エネルギー効率はやや低下します。安全性・間隔は問題ありませんが、速度維持と運転の滑らかさで減点します。
115.0,Train11,巡航フェーズ（駅間走行中）,惰行中,8.0,力行（加速）,1.0,70.0,69.99786376953125,63.85392589363371,572.0375509308298,41.0,244.25519341654632,0.0,6.1,この先制限速度なし,364m先に上り勾配9.2‰あり,前方483.2m先を28.9km/h,後続列車なし,0.4,制限速度・CBTC信号は遵守しているが、残距離と残時間から算出される必要平均速度は約65 km/h以上である。一方現在速度は63.9 km/hで不足しており、巡航フェーズでの惰行は速度不足を招き定時性を損なう可能性がある。直前の力行から惰行への切替が5 秒未満であり、ノコギリ運転の小減点も加わる。安全面は問題ないが、効率と適時性の観点で不適切と判断する。
116.0,Train11,巡航フェーズ（駅間走行中）,惰行中,9.0,力行（加速）,1.0,70.0,69.99786376953125,63.41552772945148,554.3618830823824,41.0,241.03371088067152,0.0,6.1,この先制限速度なし,346m先に上り勾配9.2‰あり,前方473.3m先を27.6km/h,後続列車なし,0.8,速度は制限70km/h以内でCBTC信号70km/hを遵守し、安全上の問題はありません。巡航フェーズでの惰行は適切ですが、直前の加速から9秒以内に惰行へ切り替えたため、5〜10秒のノコギリ運転が発生し、効率がやや低下しています。全体的には許容範囲ですが、快適性と省エネ性で減点要因があります。
117.0,Train11,巡航フェーズ（駅間走行中）,惰行中,10.0,力行（加速）,1.0,70.0,69.99786376953125,62.97868953875297,536.8077733495369,41.0,237.84493242846648,0.0,6.1,この先制限速度なし,329m先に上り勾配9.2‰あり,前方463.2m先を26.2km/h,後続列車なし,0.9,速度は制限・CBTC内で、必要速度範囲（61‑66km/h）に収まっているため巡航フェーズでの惰行は適切。前方列車との間隔も十分で安全。ノコギリ運転は条件未満。省エネ・定時性も確保されている。
118.0,Train11,巡航フェーズ（駅間走行中）,惰行中,11.0,力行（加速）,1.0,70.0,69.99786376953125,62.543397451573554,519.3747903551191,41.0,234.68853066907585,0.0,6.1,この先制限速度なし,312m先に上り勾配9.2‰あり,前方452.9m先を24.9km/h,後続列車なし,0.9,制限速度・CBTV信号ともに遵守し、必要平均速度45.6km/hに対し62.5km/hで走行、惰行により速度維持が適切。停止距離は十分余裕があり、先行列車との安全距離も確保。ノコギリ運転は条件未満で減点なし。省エネ・定時性も良好なため高評価。
119.0,Train11,巡航フェーズ（駅間走行中）,ブレーキ（減速）中,1.0,惰行,11.0,70.0,69.99786376953125,62.109637735374434,502.0625065555073,41.0,231.56418268312885,0.0,6.1,この先制限速度なし,294m先に上り勾配9.2‰あり,前方442.3m先を23.6km/h,後続列車なし,0.4,制限速度・CBTCは遵守していますが、巡航フェーズで必要速度(57‑62km/h)を満たす62.1km/hで惰行すべきところをブレーキしており、省エネと定時性を損ねています。ノコギリ運転は条件未満です。
120.0,Train11,巡航フェーズ（駅間走行中）,惰行中,1.0,ブレーキ（減速）,1.0,70.0,69.99786376953125,60.81488442008675,484.991558795894,41.0,222.36247717383017,0.0,6.1,この先制限速度なし,278m先に上り勾配9.2‰あり,前方431.6m先を22.3km/h,後続列車なし,0.9,速度は制限70km/h・信号70km/hを遵守し、次駅までの距離と残り時間から算出した必要速度(約55‑60km/h)にほぼ合致。巡航フェーズで惰行を継続し省エネかつ定時性も維持。前方列車との間隔は十分でCBTC違反もなし。ノコギリ運転は該当せず、全体的に適切な操作と判断できる。
121.0,Train11,巡航フェーズ（駅間走行中）,ブレーキ（減速）中,1.0,惰行,1.0,70.0,69.99786376953125,60.387128250034465,468.1585741047769,41.0,219.36338330757127,0.0,6.1,この先制限速度なし,261m先に上り勾配9.2‰あり,前方420.8m先を21.0km/h,後続列車なし,0.6,制限速度・信号速度ともに70km/h以下の60.4km/hで安全です。残距離と残時間から必要平均速度は約41km/hで、求められる速度は53〜57km/h程度です。現在速度はやや高く、減速は妥当です。ただし、直前の惰行から1秒でブレーキに切り替えたため、保持時間が5秒未満のノコギリ運転が発生し、効率面で減点対象となります。先行列車は420.8m先で21km/hと遅く、減速により安全距離は確保されています。
122.0,Train11,巡航フェーズ（駅間走行中）,ブレーキ（減速）中,2.0,惰行,1.0,70.0,69.99786376953125,59.09829325452056,451.56526827266316,41.0,210.44998510388407,0.0,6.1,この先制限速度なし,245m先に上り勾配9.2‰あり,前方409.9m先を19.7km/h,後続列車なし,0.8,速度は制限・信号内で安全です。先行列車との間隔も十分で、ブレーキは到着時刻に合わせるために必要です。ノコギリ運転は該当せず、エネルギーはやや無駄ですが大きな問題はありません。
123.0,Train11,巡航フェーズ（駅間走行中）,ブレーキ（減速）中,3.0,惰行,1.0,70.0,69.99786376953125,57.813802064349254,435.32936080637444,41.0,201.75026219208337,0.0,6.1,この先制限速度なし,229m先に上り勾配9.2‰あり,前方399.0m先を18.4km/h,後続列車なし,0.9,制限速度・CBTC信号ともに遵守しており、現在速度は必要平均速度(約38km/h)の1.3‑1.4倍上回っているため減速は妥当。先行列車が399m先に低速で走行中で、閉塞リスク回避のためのブレーキは安全上適切。ノコギリ運転の条件を満たさないため減点なし。省エネ観点でも速度調整は適切である。
124.0,Train11,巡航フェーズ（駅間走行中）,ブレーキ（減速）中,4.0,惰行,1.0,70.0,69.99786376953125,56.53356809698955,419.449657262394,41.0,193.2617867923279,0.0,6.1,この先制限速度なし,213m先に上り勾配9.2‰あり,前方388.0m先を17.1km/h,後続列車なし,0.8,制限速度・CBTC信号ともに遵守しており、速度は必要平均速度を上回っているため減速は適切です。前方列車との間隔はまだ安全域内で、ノコギリ運転も該当せず、エネルギー面で若干の余剰はあるものの安全・時刻遵守に支障はありません。
125.0,Train11,巡航フェーズ（駅間走行中）,ブレーキ（減速）中,5.0,惰行,1.0,70.0,69.99786376953125,55.25750577231164,403.9249871067341,41.0,184.98219294658955,0.0,6.1,この先制限速度なし,198m先に上り勾配9.2‰あり,前方377.1m先を15.8km/h,後続列車なし,0.6,制限速度・CBTCともに遵守しており安全は確保されていますが、巡航フェーズで必要平均速度(約35 km/h)を上回る55 km/hを維持し、直前の惰行から5 秒の減速へ切り替えたため、5秒未満の保持時間での逆操作がノコギリ運転と判定され小減点となります。また、速度が高すぎてエネルギー効率が低下している点も評価を下げます。
126.0,Train11,次駅への減速フェーズ（駅手前400m以内）,ブレーキ（減速）中,6.0,惰行,1.0,70.0,69.99786376953125,53.985530487820824,388.7542034399338,41.0,176.9091752494742,0.0,6.1,この先制限速度なし,183m先に上り勾配9.2‰あり,前方366.1m先を14.6km/h,後続列車なし,0.0,Step1: 速度は制限70km/h・信号70km/h以内で安全。Step2: CBTC遵守。Step3: ブレーキ開始でdelta_stop=+211.9m、必要ブレーキ距離より早く停車し駅手前停止が確実。Step4: 次駅減速フェーズでのブレーキは時期尚早。Step5: 直前は惰行→ブレーキでノコギリ運転には該当しない。Step6: 前方列車は366m先で低速だが安全距離は保たれる。Step7‑8: 安全は保たれるが停車位置誤差が大きく、即reward0.0の条件に該当するため評価は0.0。
127.0,Train11,次駅への減速フェーズ（駅手前400m以内）,ブレーキ（減速）中,7.0,惰行,1.0,70.0,69.99786376953125,52.71755859439988,373.93618272899334,41.0,169.04048761811023,0.0,6.1,この先制限速度なし,169m先に上り勾配9.2‰あり,前方355.2m先を13.3km/h,後続列車なし,0.8,制限速度・CBTC信号ともに遵守しており、先行列車との車間も安全です。次駅減速フェーズでブレーキをかけている点は停止位置達成に適切で、速度は信号以下なので評価は高いです。ノコギリ運転は条件に該当せず、エネルギー面で若干早めの減速はあるものの、全体的に適切な操作です。
128.0,Train11,次駅への減速フェーズ（駅手前400m以内）,ブレーキ（減速）中,8.0,惰行,1.0,70.0,69.99786376953125,51.45350737254481,359.46982454576215,41.0,161.37394209995819,0.0,6.1,この先制限速度なし,155m先に上り勾配9.2‰あり,前方344.2m先を12.0km/h,後続列車なし,0.2,制限速度・CBTC信号は遵守していますが、次駅まで約360mあるのにブレーキを8秒間継続し、停止距離との差Δ=198mと大きく離れた状態で減速しているため駅手前で停止する可能性が高く、停止位置達成が不適切です。さらに、惰行→減速というノコギリ運転が発生しており、効率面でも減点対象です。以上を踏まえ評価は低めとなります。
129.0,Train11,次駅への減速フェーズ（駅手前400m以内）,ブレーキ（減速）中,9.0,惰行,1.0,70.0,69.99786376953125,50.193295009078604,345.35405131209984,41.0,153.90740771743268,0.0,6.1,この先制限速度なし,141m先に上り勾配9.2‰あり,前方333.2m先を10.7km/h,後続列車なし,0.0,エラー発生: Request timed out.
130.0,Train11,次駅への減速フェーズ（駅手前400m以内）,ブレーキ（減速）中,10.0,惰行,1.0,70.0,69.99786376953125,48.936840574328926,331.58780805127105,41.0,146.63880934827392,0.0,6.1,この先制限速度なし,128m先に上り勾配9.2‰あり,前方322.3m先を9.4km/h,後続列車なし,0.7,速度は制限・CBTCともに70km/h以下で安全です。先行列車は322m先にあり十分な間隔が保たれ、衝突リスクはありません。次駅まで331.6mで必要ブレーキ距離は146.6mなので、現在のブレーキはやや早すぎますが停止位置の確保に支障はなく、ノコギリ運転も発生していません。省エネ面で若干の改善余地があります。
131.0,Train11,次駅への減速フェーズ（駅手前400m以内）,ブレーキ（減速）中,11.0,惰行,1.0,70.0,69.99786376953125,47.684063999754976,318.1700621457146,41.0,139.56612664063906,0.0,6.1,この先制限速度なし,115m先に上り勾配9.2‰あり,前方311.3m先を8.1km/h,後続列車なし,0.2,制限速度・CBTC信号は遵守しており速度超過はないが、次駅までの残距離は318.2mで必要ブレーキ距離は139.6m。現在ブレーキを継続しているため、駅手前約180mで停止し過早停止となり、停止位置達成可能性が大幅に低下している。先行列車との間隔は安全だが、減速フェーズでのブレーキ過剰は不適切である。
132.0,Train11,次駅への減速フェーズ（駅手前400m以内）,ブレーキ（減速）中,12.0,惰行,1.0,70.0,69.99786376953125,46.43488605601004,305.09980310087315,41.0,132.687392961927,0.0,6.1,この先制限速度なし,102m先に上り勾配9.2‰あり,前方300.3m先を6.9km/h,後続列車なし,0.2,制限速度・信号速度は遵守していますが、次駅まで305.1mあるのに必要ブレーキ距離132.69mを大幅に上回る地点でブレーキを開始しており、停止位置が大幅に手前になる可能性があります。先行列車との距離も十分で安全面は確保されていますが、減速開始のタイミングが不適切なため評価は低くなります。
133.0,Train11,次駅への減速フェーズ（駅手前400m以内）,惰行中,1.0,ブレーキ（減速）,12.0,70.0,69.99786376953125,45.189228331426285,292.376042315194,41.0,126.00069438038398,0.0,6.1,この先制限速度なし,89m先に上り勾配9.2‰あり,前方289.3m先を5.6km/h,後続列車なし,0.9,速度は制限・CBTC内で安全です。先行列車との間隔も十分で、delta_stopが正のためブレーキ未実施でも停止は可能です。ノコギリ運転は条件を満たさず、評価に影響しません。減速フェーズでの惰行は許容範囲です。
134.0,Train11,次駅への減速フェーズ（駅手前400m以内）,ブレーキ（減速）中,1.0,惰行,1.0,70.0,69.99786376953125,44.80984086412594,279.8767227479999,42.0,123.99839125494003,0.0,6.1,この先制限速度なし,77m先に上り勾配9.2‰あり,前方278.2m先を4.3km/h,後続列車なし,0.2,速度は制限・信号内で安全ですが、次駅までの残距離に対しブレーキを開始したため停止位置が大幅に早くなる（Δ=155.9m）点と、直前の惰行から1秒で減速へ切り替えたためノコギリ運転（保持時間5秒未満）となり、上位項目で重大な減点が生じます。
135.0,Train11,次駅への減速フェーズ（駅手前400m以内）,ブレーキ（減速）中,2.0,惰行,1.0,70.0,69.99786376953125,43.56866082012604,267.6037329561822,42.0,117.55952831998977,0.0,6.1,この先制限速度なし,65m先に上り勾配9.2‰あり,前方266.9m先を3.0km/h,後続列車なし,0.9,制限速度・CBTC信号ともに遵守しており、速度も安全範囲内です。次駅までの残距離と必要ブレーキ距離を考慮すると、現在の減速は適切で、先行列車との間隔も確保されています。直前の惰行からの切替はノコギリ運転の条件に該当せず、定時性や省エネ面でも大きな問題はありません。
136.0,Train11,次駅への減速フェーズ（駅手前400m以内）,ブレーキ（減速）中,3.0,惰行,1.0,70.0,69.99786376953125,42.33082324705115,255.6750447600784,42.0,111.30848405601898,0.0,6.1,この先制限速度なし,54m先に上り勾配9.2‰あり,前方255.6m先を1.7km/h,後続列車なし,0.0,エラー発生: Request timed out.
137.0,Train11,次駅への減速フェーズ（駅手前400m以内）,ブレーキ（減速）中,4.0,惰行,1.0,70.0,69.3634033203125,41.0962522877495,244.08974035369724,41.0,105.2435118631724,0.0,6.1,この先制限速度なし,42m先に上り勾配9.2‰あり,前方244.4m先を0.5km/h,後続列車なし,0.2,Step1: 速度は制限70km/h・信号69.4km/hを下回り遵守。Step2: CBTC信号速度より低く安全。Step3: 現在距離244.1mに対し必要停止距離105.24mでδ=+138.9m、ブレーキは早すぎて駅手前で停止リスク。Step4: 次駅減速フェーズでのブレーキ開始は不適切。Step5: 直前の惰行→減速へ5秒未満で切替、ノコギリ運転とみなされ大幅減点。Step6: 先行列車は0.5km/hで244.4m先、間隔十分。Step7: 定時性は問題なしだが省エネ性低下。総合評価は低く、rewardは0.2。
138.0,Train11,次駅への減速フェーズ（駅手前400m以内）,ブレーキ（減速）中,5.0,惰行,1.0,70.0,67.291259765625,39.8648728146394,232.84692289972853,40.0,99.3629138111429,0.0,6.1,この先制限速度なし,31m先に上り勾配9.2‰あり,前方233.1m先を0.0km/h,後続列車なし,0.0,エラー発生: Request timed out.
139.0,Train11,次駅への減速フェーズ（駅手前400m以内）,ブレーキ（減速）中,6.0,惰行,1.0,70.0,65.2191162109375,38.63661041022507,221.94571632953597,39.0,93.66503978014654,0.0,6.1,この先制限速度なし,21m先に上り勾配9.2‰あり,前方222.2m先を0.0km/h,後続列車なし,0.2,速度は制限70km/h・信号65.2km/hを大きく下回り安全でCBTC遵守も問題ありません。前方に停止列車があるため減速は妥当ですが、現在のブレーキは必要停止距離93.7mに対し残距離221.9mと過剰で、駅手前で早すぎる停止が予測されます。ノコギリ運転は発生していません。停止位置達成可能性の欠如が評価を大きく下げます。
140.0,Train11,次駅への減速フェーズ（駅手前400m以内）,ブレーキ（減速）中,7.0,惰行,1.0,70.0,63.15338134765625,37.41139134795826,211.38526514868516,38.0,88.14828662943762,0.0,6.1,この先制限速度なし,11m先に上り勾配9.2‰あり,前方211.7m先を0.0km/h,後続列車なし,0.0,Step1で速度は制限70km/h・CBTC63.2km/hを大きく下回り違反なし。Step2でも信号速度以下で安全。Step3で先行列車が211.7m先に停止しており、当列車は211.4m地点にいるため車間は約0.3mで40m未満。衝突リスクが極めて高く、即座にreward0.0の条件に該当する。したがって現在のブレーキ操作は安全面で不適切と判断する。
141.0,Train11,次駅への減速フェーズ（駅手前400m以内）,ブレーキ（減速）中,8.0,惰行,1.0,70.0,61.08978271484375,36.18914257343505,201.1647342476124,37.0,82.81109739264359,0.0,6.1,この先制限速度なし,1m先に上り勾配9.2‰あり,前方201.5m先を0.0km/h,後続列車なし,0.2,制限速度・信号速度は遵守していますが、次駅まで200m余りあるのにブレーキをかけ続けており、必要停止距離との差は118mと大きく、停車位置の達成可能性が低いです。さらに、直前の惰行からブレーキへの切替が5〜10秒以内でノコギリ運転とみなされ、効率が低下しています。安全は保たれていますが、減速操作は不適切です。
142.0,Train11,次駅への減速フェーズ（駅手前400m以内）,ブレーキ（減速）中,9.0,惰行,1.0,70.0,59.0325927734375,34.96979168591696,191.28330871752652,36.0,77.65196049922287,0.0,9.2,この先制限速度なし,この先目立った勾配なし,前方191.6m先を0.0km/h,後続列車なし,0.0,Step1: 速度は制限70km/h・CBTC59km/h以下で安全。Step2: 前方列車が191.6m先に停止しておりCBTC制限は無い。Step3: delta_stop=191.3‑77.65=113.65mで、ブレーキ中に駅手前で停止する可能性が高く、|delta_stop|>5mで大幅減点。Step4: 次駅減速フェーズでのブレーキ開始は早すぎる。Step5: 惰行→ブレーキはノコギリ運転条件に該当せず。Step6‑7: 後続列車なし、定時遅延0秒だが早すぎる減速で省エネ性も低下。Step8: 以上より現在のブレーキ操作は不適切で、rewardは0.0。
143.0,Train11,次駅への減速フェーズ（駅手前400m以内）,ブレーキ（減速）中,10.0,惰行,1.0,70.0,57.900390625,33.659301556338704,181.75155146341737,35.0,72.29139383567994,0.0,9.2,この先制限速度なし,この先目立った勾配なし,前方182.0m先を0.0km/h,後続列車なし,0.0,制限速度・信号速度は遵守しているが、次駅まで181.8mの位置でブレーキをかけ続けているため、必要停止距離72.3mを大幅に超えて駅手前で停止することが確実となっている。CBTCや先行列車との安全距離は保たれているが、減速フェーズでのブレーキ開始時点が不適切であり、停止位置達成可能性が著しく低い。
144.0,Train11,次駅への減速フェーズ（駅手前400m以内）,ブレーキ（減速）中,11.0,惰行,1.0,70.0,55.82611083984375,32.33649429148327,172.5873743429176,34.0,67.07396302891924,0.0,9.2,この先制限速度なし,この先目立った勾配なし,前方172.9m先を0.0km/h,後続列車なし,0.0,制限速度・CBTC信号は遵守しており速度超過はありませんが、次駅まで172.6mあるのに現在のブレーキを11秒続けているため、必要停止距離67.07mを大幅に上回り駅手前で停止する可能性が高く、停止位置達成が不適切です。ノコギリ運転は発生していませんが、停車位置の誤りが最重要項目であるため評価は0.0となります。
145.0,Train11,次駅への減速フェーズ（駅手前400m以内）,ブレーキ（減速）中,12.0,惰行,1.0,70.0,53.7646484375,31.01660091707487,163.79023301410456,33.0,62.06180761302579,0.0,9.2,この先制限速度なし,この先目立った勾配なし,前方164.1m先を0.0km/h,後続列車なし,0.2,制限速度・CBTC信号は遵守していますが、次駅まで163.8mあるのにブレーキを12秒続けているため、必要停止距離62mに対し余剰が約101mあり、駅手前で過早に停止するリスクが高いです。停止位置達成可能性が低く、減速操作は時期尚早と判断されます。
146.0,Train11,次駅への減速フェーズ（駅手前400m以内）,ブレーキ（減速）中,13.0,惰行,1.0,70.0,51.71600341796875,29.699538963973605,155.35932964724353,32.0,57.25335052735859,0.0,9.2,この先制限速度なし,この先目立った勾配なし,前方155.7m先を0.0km/h,後続列車なし,0.2,制限速度・CBTC信号は遵守し速度は安全範囲内です。しかし次駅まで155 mあり必要停止距離57 mに対し現在ブレーキを13 秒継続しており、停止位置は遠すぎて過剰減速となります。先行列車は155.7 m先で停止して安全距離は保たれていますが、ブレーキ開始が早すぎるため省エネ性が低く、次駅減速フェーズとしては不適切です。
147.0,Train11,次駅への減速フェーズ（駅手前400m以内）,ブレーキ（減速）中,14.0,惰行,1.0,70.0,49.68017578125,28.385226629483043,147.29388922668463,31.0,52.6470679974738,0.0,9.2,この先制限速度なし,この先目立った勾配なし,前方147.6m先を0.0km/h,後続列車なし,0.0,制限速度・CBTC信号は遵守していますが、次駅まで147.3mあるのに現在ブレーキを14秒継続しており、必要ブレーキ距離52.65mで駅手前約95mで停止することが確実です。次駅減速フェーズではブレーキ開始が遅すぎ、停車位置が大幅にずれるため即座に0.0評価となります。ノコギリ運転は発生していません。
148.0,Train11,次駅への減速フェーズ（駅手前400m以内）,ブレーキ（減速）中,15.0,惰行,1.0,70.0,47.65716552734375,27.073582756082516,139.59315936874006,30.0,48.241488723936726,0.0,9.2,この先制限速度なし,この先目立った勾配なし,前方139.9m先を0.0km/h,後続列車なし,0.2,制限速度・CBTC信号は遵守しており速度は安全範囲内だが、次駅まで139.6m残りの状態でブレーキを15秒継続しているため停止位置が大幅に手前になる。δ_stopは＋91.3mで|δ_stop|≤3mの基準を大きく外れ、駅到達が不可能となる。エネルギー無駄もあり、操作は不適切と判断する。
149.0,Train11,次駅への減速フェーズ（駅手前400m以内）,ブレーキ（減速）中,16.0,惰行,1.0,70.0,45.65338134765625,25.76452681048738,132.2564101455228,29.0,44.035193101153325,0.0,9.2,この先制限速度なし,この先目立った勾配なし,前方132.6m先を0.0km/h,後続列車なし,0.1,制限速度・CBTC信号は遵守しており安全性は確保されていますが、次駅まで132.3mで必要ブレーキ距離44.0mに対しブレーキを継続しているため、停止位置の達成可能性が低く大幅減点対象です。ノコギリ運転は発生していません。全体的に過剰減速と評価されます。
150.0,Train11,次駅への減速フェーズ（駅手前400m以内）,ブレーキ（減速）中,17.0,惰行,1.0,70.0,43.66455078125,24.45797886302531,125.28293391423517,28.0,40.02681246551774,0.0,9.2,この先制限速度なし,この先目立った勾配なし,前方125.6m先を0.0km/h,後続列車なし,0.2,速度は制限70km/h・CBTC信号43.7km/hを大きく下回り安全は保たれています。前方列車は125.6m先で停止しており、信号遵守も問題ありません。しかし次駅まで125.3m残り、必要ブレーキ距離は40.03mであるにもかかわらず現在ブレーキを継続しており、delta_stopは約85mと大きく過剰減速です。エネルギー無駄と停車位置の遅れが懸念され、ノコギリ運転は発生していませんが、減速操作は時期尚早と評価されます。
151.0,Train11,次駅への減速フェーズ（駅手前400m以内）,ブレーキ（減速）中,18.0,惰行,1.0,70.0,41.6949462890625,23.15385956731695,118.67204515256091,27.0,36.215028372201076,0.0,9.2,この先制限速度なし,この先目立った勾配なし,前方119.0m先を0.0km/h,後続列車なし,0.2,制限速度・CBTC信号は遵守していますが、次駅まで118.7m残りの状態で減速ブレーキを続けているため、停止位置が大幅に手前になる可能性があります（Δstop≈+82m）。現在速度は信号速度より低く安全は保たれますが、ブレーキ継続は不適切で、早すぎる停止につながります。
152.0,Train11,次駅への減速フェーズ（駅手前400m以内）,ブレーキ（減速）中,19.0,惰行,1.0,70.0,39.7467041015625,21.852090140249466,112.42308029931536,26.0,32.59857189993529,0.0,9.2,この先制限速度なし,この先目立った勾配なし,前方112.7m先を0.0km/h,後続列車なし,0.1,速度は制限・CBTC共に遵守していますが、次駅まで112.4mあり必要ブレーキ距離は32.6mです。現在ブレーキを継続しているため、駅手前約80mで停止し過早停止となり、後に再加速が必要です。次駅減速フェーズでのブレーキ開始は不適切で、停止位置達成可能性が大幅に低下しています。安全は保たれますが運転操作は不適切です。
153.0,Train11,次駅への減速フェーズ（駅手前400m以内）,ブレーキ（減速）中,20.0,惰行,1.0,70.0,37.81982421875,20.552592342232096,106.53539760085096,25.0,29.176222983174323,0.0,9.2,この先制限速度なし,この先目立った勾配なし,前方106.8m先を0.0km/h,後続列車なし,0.0,現在は次駅減速フェーズでブレーキを20秒継続していますが、残り距離106.5mに対し必要ブレーキ距離は29.18mのみです。delta_stopは＋77.3mとなり、駅手前での停止がほぼ確実です。速度は制限内でCBTC信号も遵守していますが、早すぎる減速により停止位置が大幅にずれ、安全・正確な停車が損なわれています。
154.0,Train11,次駅への減速フェーズ（駅手前400m以内）,ブレーキ（減速）中,21.0,惰行,1.0,70.0,35.9228515625,19.255288457722756,101.00837696279186,24.0,25.94680977104028,0.0,9.2,この先制限速度なし,この先目立った勾配なし,前方101.3m先を0.0km/h,後続列車なし,0.2,速度は制限・CBTC信号内で安全ですが、次駅まで101mありブレーキを21秒継続しているため停止位置が大幅に手前になる可能性が高く、delta_stopは75mと大きく逸脱しています。CBTC遵守は評価できますが、停車位置達成の観点で不適切です。
155.0,Train11,次駅への減速フェーズ（駅手前400m以内）,ブレーキ（減速）中,21.1,惰行,1.0,70.0,34.0557861328125,17.960101276015102,95.84141980707983,23.0,18.419182693484824,0.0,9.2,この先制限速度なし,この先目立った勾配なし,前方96.1m先を0.0km/h,後続列車なし,0.8,制限速度・CBTC信号ともに遵守し、先行列車が96m先に停止している中で速度は信号以下の18km/h。ブレーキを継続しており停止位置は十分確保できる。惰行→減速はノコギリ運転対象外で、間隔も安全。定時到着に余裕があるが、早すぎるブレーキはエネルギー効率をやや低下させる程度。全体として適切だが完璧ではない。
155.1,Train11,次駅への減速フェーズ（駅手前400m以内）,ブレーキ（減速）中,21.200000000000003,惰行,1.0,70.0,33.86993408203125,17.83069601848442,95.34450517639215,22.900000000000006,18.158281584046577,0.0,9.2,この先制限速度なし,この先目立った勾配なし,前方95.6m先を0.0km/h,後続列車なし,0.2,制限速度・CBTC信号は遵守していますが、次駅まで95.3mあるのにブレーキを続けているため停止位置が大幅にずれ、駅手前で停車するリスクがあります。減速フェーズでは惰行で速度を保ち、適切なブレーキタイミングを待つべきです。安全は保たれていますが、停止位置達成可能性が低く不適切です。
155.2,Train11,次駅への減速フェーズ（駅手前400m以内）,ブレーキ（減速）中,21.300000000000004,惰行,1.0,70.0,33.68621826171875,17.701311083884743,94.85118482552579,22.80000000000001,17.899281646133513,0.0,9.2,この先制限速度なし,この先目立った勾配なし,前方95.1m先を0.0km/h,後続列車なし,0.2,速度は制限・信号内で安全ですが、次駅まで94.9mの位置でブレーキを21秒間続けており、必要停止距離17.9mに対しΔ=+77mと大きくずれています。停止位置の達成可能性が低く、エネルギー無駄が顕著です。CBTC遵守や列間隔は問題ありませんが、減速フェーズでの操作は不適切です。
155.29999999999998,Train11,次駅への減速フェーズ（駅手前400m以内）,ブレーキ（減速）中,21.400000000000006,惰行,1.0,70.0,33.5003662109375,17.57194639579931,94.36145819113761,22.700000000000017,17.64218185193022,0.0,9.2,この先制限速度なし,この先目立った勾配なし,前方94.7m先を0.0km/h,後続列車なし,0.2,制限速度・CBTC信号は遵守していますが、次駅まで94.4mあるのにブレーキを続けているため停止位置が大幅に早すぎます（Δstop≈+77m）。早すぎる減速は停車位置達成に不適切で、ノコギリ運転は成立しませんが、安全は保たれています。したがって評価は低めです。
155.39999999999998,Train11,次駅への減速フェーズ（駅手前400m以内）,ブレーキ（減速）中,21.500000000000007,惰行,1.0,70.0,33.316650390625,17.44260187785767,93.87532471196991,22.600000000000023,17.386981178242927,0.0,9.2,この先制限速度なし,この先目立った勾配なし,前方94.2m先を0.0km/h,後続列車なし,0.2,現在速度は制限・CBTC信号内で安全ですが、次駅まで約94m残り、必要ブレーキ距離は17mです。ブレーキを21.5秒間継続しているため、駅手前で過早に減速し、停止位置が大幅にずれる可能性があります。ノコギリ運転は発生していませんが、エネルギー無駄と停車位置の不適合が評価を下げます。
155.49999999999997,Train11,次駅への減速フェーズ（駅手前400m以内）,ブレーキ（減速）中,21.60000000000001,惰行,1.0,70.0,33.1329345703125,17.313277453735555,93.39278382891436,22.50000000000003,17.133678606494207,0.0,9.2,この先制限速度なし,この先目立った勾配なし,前方93.7m先を0.0km/h,後続列車なし,0.7,制限速度・CBTC信号ともに遵守し、先行列車との安全距離も確保しています。次駅減速フェーズでブレーキをかけている点は適切ですが、現在速度が信号速度の半分以下で早めに減速しているためエネルギー効率が低下しています。安全面は問題なしですが、省エネと定時性の観点でやや過剰な減速です。
155.59999999999997,Train11,次駅への減速フェーズ（駅手前400m以内）,ブレーキ（減速）中,21.70000000000001,惰行,1.0,70.0,32.95135498046875,17.183973047154648,92.91383498498007,22.400000000000034,16.882273122717482,0.0,9.2,この先制限速度なし,この先目立った勾配なし,前方93.2m先を0.0km/h,後続列車なし,0.2,制限速度・CBTC信号は遵守しており安全性は保たれていますが、次駅まで92.9mあるのにブレーキを継続しているため停止位置が大幅に手前になる恐れがあります。停止距離誤差は76mと大きく、次駅減速フェーズとしては不適切です。ノコギリ運転は条件を満たさずありませんが、早すぎる減速により評価が低くなります。
155.69999999999996,Train11,次駅への減速フェーズ（駅手前400m以内）,ブレーキ（減速）中,21.80000000000001,惰行,1.0,70.0,32.76763916015625,17.054688581882434,92.43847762527224,22.30000000000004,16.632763717551793,0.0,9.2,この先制限速度なし,この先目立った勾配なし,前方92.7m先を0.0km/h,後続列車なし,0.0,Step1: 速度は制限70km/h・CBTC信号32.8km/h以下で安全。Step2: CBTC遵守。Step3: delta_stop＝92.4‑16.63＝75.8mで、ブレーキ中に駅手前で停止する可能性が高く、即reward0.0条件に該当。Step4‑7は評価不要。総合評価として、減速開始は時期が早すぎ、停車位置達成が不適切なため0.0とする。
155.79999999999995,Train11,次駅への減速フェーズ（駅手前400m以内）,ブレーキ（減速）中,21.900000000000013,惰行,1.0,70.0,32.5860595703125,16.92542398173198,91.96671119704547,22.200000000000045,16.385149386236336,0.0,9.2,この先制限速度なし,この先目立った勾配なし,前方92.3m先を0.0km/h,後続列車なし,0.0,制限速度・CBTC信号は遵守していますが、現在ブレーキをかけ続けているため、駅までの残距離92mに対し必要停止距離16.4mしか確保できず、駅手前で停止することがほぼ確実です。停止位置の達成可能性が大きく欠けており、次駅減速フェーズとして不適切です。
155.89999999999995,Train11,次駅への減速フェーズ（駅手前400m以内）,ブレーキ（減速）中,22.000000000000014,惰行,1.0,70.0,32.40447998046875,16.79617917056177,91.498535149654,22.10000000000005,16.13942912860522,0.0,9.2,この先制限速度なし,この先目立った勾配なし,前方91.8m先を0.0km/h,後続列車なし,0.2,制限速度・CBTC信号は遵守していますが、次駅まで91.5mあるのにブレーキをかけ続けており、必要停止距離16.14mに対しΔstopは75mと大きく超過しています。減速フェーズでの早すぎるブレーキは停止位置達成可能性を著しく低下させ、効率も悪く評価は低くなります。
155.99999999999994,Train11,次駅への減速フェーズ（駅手前400m以内）,ブレーキ（減速）中,22.100000000000016,惰行,1.0,70.0,32.222900390625,16.666954072275526,91.0339489345624,22.000000000000057,15.895601949082193,0.0,9.2,この先制限速度なし,この先目立った勾配なし,前方91.3m先を0.0km/h,後続列車なし,0.2,制限速度・CBTC信号は遵守しているが、次駅まで91m残りでブレーキをかけ続けているため停止位置が大幅に手前になる（Δstop≈75m）。先行列車は91m先で停止しており安全距離は保たれるが、減速開始が早すぎて再加速が必要になる点が大きく減点対象となる。ノコギリ運転は発生していない。
156.09999999999994,Train11,次駅への減速フェーズ（駅手前400m以内）,ブレーキ（減速）中,22.200000000000017,惰行,1.0,70.0,32.04132080078125,16.537748610822007,90.5729520053562,21.900000000000063,15.653666856675345,0.0,9.2,この先制限速度なし,この先目立った勾配なし,前方90.9m先を0.0km/h,後続列車なし,0.2,制限速度・CBTC信号は遵守しているが、次駅まで90.6mあるのにブレーキを開始しており、必要ブレーキ距離15.65mとの差は約75mと大きく|delta_stop|>5mになる。次駅減速フェーズとしてはブレーキ開始が早すぎ、停止位置の達成可能性が低く大幅減点対象となる。安全面は保たれるが運転タイミングが不適切であるため評価は低くなる。
156.19999999999993,Train11,次駅への減速フェーズ（駅手前400m以内）,ブレーキ（減速）中,22.30000000000002,惰行,1.0,70.0,31.8597412109375,16.408562710194836,90.11554381772413,21.800000000000068,15.413622864971883,0.0,9.2,この先制限速度なし,この先目立った勾配なし,前方90.4m先を0.0km/h,後続列車なし,0.0,現在速度は制限内でCBTC信号も守られていますが、前方90.4m先に停止中の列車があり、当列車は90.1mで駅に向かっているため列車間距離は約0.3mと40m未満です。衝突リスクが極めて高く、即reward0.0ルールに該当するため評価は0.0となります。
156.29999999999993,Train11,次駅への減速フェーズ（駅手前400m以内）,ブレーキ（減速）中,22.40000000000002,惰行,1.0,70.0,31.6802978515625,16.279396294432317,89.66172382947235,21.700000000000074,15.175468992132933,0.0,9.2,この先制限速度なし,この先目立った勾配なし,前方90.0m先を0.0km/h,後続列車なし,0.2,現在は次駅減速フェーズで、駅まで約90m、必要ブレーキ距離は15mです。ブレーキを22秒間継続しているため、停止位置は駅手前約75mで止まってしまい、駅到達に再加速が必要となります。速度は制限・CBTC内で安全ですが、停止位置達成可能性が大きく欠けているため評価は低くなります。
156.39999999999992,Train11,次駅への減速フェーズ（駅手前400m以内）,ブレーキ（減速）中,22.50000000000002,惰行,1.0,70.0,31.5008544921875,16.150249287617253,89.21149150050667,21.60000000000008,14.939204260888344,0.0,9.2,この先制限速度なし,この先目立った勾配なし,前方89.5m先を0.0km/h,後続列車なし,0.2,現在速度は制限速度・CBTC信号速度ともに遵守しており、先行列車との安全距離も確保されています。しかし次駅まで89.2mしかないのにブレーキを開始し、必要ブレーキ距離14.94mに対しdelta_stopは約74mと大きく正の値です。停止位置が遠すぎて過剰減速となり、効率と定時性が損なわれます。ノコギリ運転は発生しておらず安全面は問題ありませんが、減速フェーズとしては不適切です。
156.49999999999991,Train11,次駅への減速フェーズ（駅手前400m以内）,ブレーキ（減速）中,22.600000000000023,惰行,1.0,70.0,31.3214111328125,16.021121613876748,88.76484629286452,21.500000000000085,14.7048276985315,0.0,9.2,この先制限速度なし,この先目立った勾配なし,前方89.1m先を0.0km/h,後続列車なし,0.9,制限速度・CBTC信号ともに遵守しており、先行列車が約89m先に停車している中で速度は信号以下に抑えられている。ブレーキは適切に開始され、停止位置も過走リスクはなく、間隔も安全範囲内。ノコギリ運転は発生していないため評価は高い。
156.5999999999999,Train11,次駅への減速フェーズ（駅手前400m以内）,ブレーキ（減速）中,22.700000000000024,惰行,1.0,70.0,31.1419677734375,15.89201319738204,88.32178767065813,21.40000000000009,14.472338336914216,0.0,9.2,この先制限速度なし,この先目立った勾配なし,前方88.6m先を0.0km/h,後続列車なし,0.0,制限速度・CBTC信号速度はどちらも遵守しており速度超過はないが、次駅まで88.3mの地点でブレーキをかけ続けているため、必要停止距離14.47mを大幅に上回り駅手前での停止がほぼ確実となっている。停止位置達成可能性が著しく低く、次駅減速フェーズとして不適切な操作である。したがって即時0.0評価となる。
156.6999999999999,Train11,次駅への減速フェーズ（駅手前400m以内）,ブレーキ（減速）中,22.800000000000026,惰行,1.0,70.0,30.9625244140625,15.76292396234831,87.882315100142,21.300000000000097,14.241735212441595,0.0,9.2,この先制限速度なし,この先目立った勾配なし,前方88.2m先を0.0km/h,後続列車なし,0.2,速度は制限・CBTC信号内で安全ですが、次駅まで87.9mあるのにブレーキをかけ続けており、δ_stopは73.6mと大きく早すぎます。停止位置への到達可能性が低く、過早減速は大幅減点対象です。ノコギリ運転は発生せず、列間距離も問題ありませんが、減速フェーズの操作としては不適切です。
156.7999999999999,Train11,次駅への減速フェーズ（駅手前400m以内）,ブレーキ（減速）中,22.900000000000027,惰行,1.0,70.0,30.78521728515625,15.633853833034511,87.44642804964187,21.200000000000102,14.013017366066949,0.0,9.2,この先制限速度なし,この先目立った勾配なし,前方87.7m先を0.0km/h,後続列車なし,0.2,制限速度・CBTC信号は遵守しているが、次駅まで87.4mでブレーキをかけ続けているため、必要停止距離14.01mに対しΔstopは73.4mと大きく正の乖離がある。これは駅手前で過度に減速し、停車位置が大幅にずれるリスクを示す。ノコギリ運転は該当せず、速度違反もないが、停止位置達成可能性の重大な問題により評価は低くなる。
156.8999999999999,Train11,次駅への減速フェーズ（駅手前400m以内）,ブレーキ（減速）中,23.00000000000003,惰行,1.0,70.0,30.60791015625,15.504802733743173,87.0141259895938,21.100000000000108,13.786183843286743,0.0,9.2,この先制限速度なし,この先目立った勾配なし,前方87.3m先を0.0km/h,後続列車なし,0.9,制限速度・CBTC信号ともに遵守し、現在は減速フェーズでブレーキをかけている。先行列車は87m先で停止しており安全距離も確保。停止位置は必要距離より余裕があり、信号速度以下での減速は適切。ノコギリ運転は発生せず、間隔・定時性も問題なし。エネルギー面で若干早めの減速はあるが安全性が最優先であり、全体的に適切な操作と評価できる。
156.9999999999999,Train11,次駅への減速フェーズ（駅手前400m以内）,ブレーキ（減速）中,23.10000000000003,惰行,1.0,70.0,30.43060302734375,15.375770588820215,86.5854083925548,21.000000000000114,13.561233694135494,0.0,9.2,この先制限速度なし,この先目立った勾配なし,前方86.9m先を0.0km/h,後続列車なし,0.9,制限速度・CBTC信号ともに遵守し、速度は信号以下でブレーキ中。delta_stopは正で停止位置も確保でき、先行列車との間隔も安全。ノコギリ運転は該当せず、定時到着も問題なし。エネルギー面で若干過剰ブレーキの可能性はあるが、全体的に適切な操作と判断できる。
157.09999999999988,Train11,次駅への減速フェーズ（駅手前400m以内）,ブレーキ（減速）中,23.20000000000003,惰行,1.0,70.0,30.2532958984375,15.246757322654785,86.16027473316734,20.90000000000012,13.338165973180814,0.0,9.2,この先制限速度なし,この先目立った勾配なし,前方86.5m先を0.0km/h,後続列車なし,0.0,エラー発生: Request timed out.
157.19999999999987,Train11,次駅への減速フェーズ（駅手前400m以内）,ブレーキ（減速）中,23.300000000000033,惰行,1.0,70.0,30.078125,15.117762859679061,85.73872448816999,20.800000000000125,13.1169797395184,0.0,9.2,この先制限速度なし,この先目立った勾配なし,前方86.0m先を0.0km/h,後続列車なし,0.0,エラー発生: Request timed out.
157.29999999999987,Train11,次駅への減速フェーズ（駅手前400m以内）,ブレーキ（減速）中,23.400000000000034,惰行,1.0,70.0,29.90081787109375,14.988787124368073,85.32075713641163,20.70000000000013,12.897674056767011,0.0,9.2,この先制限速度なし,この先目立った勾配なし,前方85.6m先を0.0km/h,後続列車なし,0.2,制限速度・CBTC信号は遵守しており速度超過はないが、次駅まで85.3m残りの状態でブレーキを継続しているため停止位置が大幅に手前になる。δ_stopは約72mで|δ_stop|>5mの大幅減点対象となり、早すぎる減速は停車位置精度と省エネ性を損なう。したがって現在のブレーキ操作は不適切と判断する。
157.39999999999986,Train11,次駅への減速フェーズ（駅手前400m以内）,ブレーキ（減速）中,23.500000000000036,惰行,1.0,70.0,29.72564697265625,14.859830041239524,84.90637215883012,20.600000000000136,12.680247993063581,0.0,9.2,この先制限速度なし,この先目立った勾配なし,前方85.2m先を0.0km/h,後続列車なし,0.2,速度は制限・CBTC信号内で安全ですが、次駅まで84.9mあるのにブレーキを23.5秒継続しており、停止距離12.68mとの差は約72mと大きく、駅手前で止まってしまう可能性が高い。減速フェーズでのブレーキ開始は遅すぎ、停車位置達成が不適切であり、効率も低下しているため評価は低くなる。
157.49999999999986,Train11,次駅への減速フェーズ（駅手前400m以内）,ブレーキ（減速）中,23.600000000000037,惰行,1.0,70.0,29.5526123046875,14.730891534853608,84.49556903845945,20.500000000000142,12.464700621058247,0.0,9.2,この先制限速度なし,この先目立った勾配なし,前方84.8m先を0.0km/h,後続列車なし,0.2,制限速度・CBTC信号は遵守し速度は安全範囲内だが、次駅まで84.5mの位置でブレーキをかけ続けているため停止位置が大幅に手前になる（Δstop≈+72m）。停止位置達成可能性が低く、大幅減点となる。ノコギリ運転は条件未満でなし、他項目は問題なし。
157.59999999999985,Train11,次駅への減速フェーズ（駅手前400m以内）,ブレーキ（減速）中,23.70000000000004,惰行,1.0,70.0,29.37744140625,14.601971529812833,84.08834726044034,20.400000000000148,12.251031017909497,0.0,9.2,この先制限速度なし,この先目立った勾配なし,前方84.4m先を0.0km/h,後続列車なし,0.2,制限速度・CBTCは遵守していますが、次駅まで84mあるのに現在ブレーキを継続し、停止距離との差Δ=71.9mと大きく離れています。駅手前での停止が早すぎるため、次駅減速フェーズとしては大幅減点対象です。エネルギー効率も低く、適切なタイミングでの減速・停止が求められます。
157.69999999999985,Train11,次駅への減速フェーズ（駅手前400m以内）,ブレーキ（減速）中,23.80000000000004,惰行,1.0,70.0,29.20440673828125,14.473069950761827,83.68470631199187,20.300000000000153,12.039238265279215,0.0,9.2,この先制限速度なし,この先目立った勾配なし,前方84.0m先を0.0km/h,後続列車なし,0.2,速度は制限・CBTC信号内で安全は保たれていますが、現在のブレーキは駅までの残距離83.7mに対し必要停止距離12.04mを大幅に上回る71.66mの余裕があり、過早に減速しているため次駅での正確な停止位置が確保できません。ノコギリ運転は発生しておらず安全面の問題はありませんが、効率と停車精度の観点で大幅に不適切です。
157.79999999999984,Train11,次駅への減速フェーズ（駅手前400m以内）,ブレーキ（減速）中,23.90000000000004,惰行,1.0,70.0,29.0313720703125,14.344186722387173,83.28464568242566,20.20000000000016,11.82932144932789,0.0,9.2,この先制限速度なし,この先目立った勾配なし,前方83.6m先を0.0km/h,後続列車なし,0.0,Step1: 速度は制限・CBTC信号内。Step2: 信号遵守。Step3: ブレーキ中だがΔstop=71.5mで駅までの必要ブレーキ距離は11.8mのみ。過度に早く減速して駅手前で停止する可能性が高く、即reward0.0ルールに該当。Step4‑7は評価不要。従って現在のブレーキ操作は不適切で、rewardは0.0とする。
157.89999999999984,Train11,次駅への減速フェーズ（駅手前400m以内）,ブレーキ（減速）中,24.000000000000043,惰行,1.0,70.0,28.85833740234375,14.215321769417224,82.88816486315298,20.100000000000165,11.62127966070977,0.0,9.2,この先制限速度なし,この先目立った勾配なし,前方83.2m先を0.0km/h,後続列車なし,0.3,制限速度・CBTC信号は遵守し速度は安全域にあるが、次駅まで82.9 mでブレーキを24 秒続けており、必要停止距離11.6 mに対し残距離が71 mと過度に減速している。駅手前での停止位置達成が不適切で、遅延リスクがある。安全面は保たれるが運転適切性は低い。
157.99999999999983,Train11,次駅への減速フェーズ（駅手前400m以内）,ブレーキ（減速）中,24.100000000000044,惰行,1.0,70.0,28.685302734375,14.08647501662192,82.49526334768476,20.00000000000017,11.415111994568026,0.0,9.2,この先制限速度なし,この先目立った勾配なし,前方82.8m先を0.0km/h,後続列車なし,1.0,Step1で速度は制限70km/h・CBTC 28.7km/h以下の14.1km/hと遵守。Step2は信号速度未超過でブレーキ中。Step3は残距離82.5mに対し必要ブレーキ距離11.4mで停止余裕あり。Step4は次駅減速フェーズで適切に減速。Step5のノコギリ運転条件は保持時間24秒で該当せず。Step6は前方列車との間隔82.8mで安全。Step7は遅延0秒、到達速度要件≈14.8km/hに近く省エネ的にも問題なし。以上より操作は適切と判断し、rewardは1.0とする。
158.09999999999982,Train11,次駅への減速フェーズ（駅手前400m以内）,ブレーキ（減速）中,24.200000000000045,惰行,1.0,70.0,28.514404296875,13.957646388812607,82.1059406316067,19.900000000000176,11.210817550529995,0.0,9.2,この先制限速度なし,この先目立った勾配なし,前方82.4m先を0.0km/h,後続列車なし,0.0,制限速度・CBTC信号は遵守し速度も安全域内ですが、次駅まで残距離82.1mに対しブレーキを24秒継続しているため、停止距離11.2mを大幅に超えて駅手前で停止することがほぼ確実です。停止位置達成可能性が著しく欠如しており、評価は最低となります。
158.19999999999982,Train11,次駅への減速フェーズ（駅手前400m以内）,ブレーキ（減速）中,24.300000000000047,惰行,1.0,70.0,28.343505859375,13.828835810841861,81.72019621258286,19.800000000000182,11.0083954327024,0.0,9.2,この先制限速度なし,この先目立った勾配なし,前方82.0m先を0.0km/h,後続列車なし,0.6,制限速度・CBTC信号ともに遵守し、先行列車との安全距離も確保しています。次駅減速フェーズでブレーキは適切ですが、必要停止距離よりはるかに早くブレーキを開始しており、停止位置の精度が低く評価されます。ノコギリ運転は発生せず、安全性は保たれていますが、効率面で減点対象です。
158.2999999999998,Train11,次駅への減速フェーズ（駅手前400m以内）,ブレーキ（減速）中,24.40000000000005,惰行,1.0,70.0,28.172607421875,13.700043207603303,81.3380295903805,19.700000000000188,10.807844749666613,0.0,9.2,この先制限速度なし,この先目立った勾配なし,前方81.6m先を0.0km/h,後続列車なし,0.2,制限速度・CBTC信号は遵守し速度超過はないが、次駅まで81.3 mあるのにブレーキを継続し停止距離との差は約70 mと大きく、駅手前での停止が確実となり停止位置達成可能性が低い。ノコギリ運転は条件を満たさずなし。総合評価は低く0.2とする。
158.3999999999998,Train11,次駅への減速フェーズ（駅手前400m以内）,ブレーキ（減速）中,24.50000000000005,惰行,1.0,70.0,28.00384521484375,13.571268504031437,80.95944026685231,19.600000000000193,10.609164614473965,0.0,9.2,この先制限速度なし,この先目立った勾配なし,前方81.3m先を0.0km/h,後続列車なし,0.2,制限速度・CBTC信号は遵守しており速度は安全範囲内だが、次駅減速フェーズでブレーキをかけ続けた結果、停止位置までの残距離（Δstop≈+70 m）が大きく、ブレーキ開始が早すぎる。CBTC上の先行列車との安全距離は保たれるものの、停止位置精度が著しく低下しているため大幅減点となる。ノコギリ運転は発生していない。
158.4999999999998,Train11,次駅への減速フェーズ（駅手前400m以内）,ブレーキ（減速）中,24.60000000000005,惰行,1.0,70.0,27.8350830078125,13.442511625101448,80.58442774593644,19.5000000000002,10.412354144641014,0.0,9.2,この先制限速度なし,この先目立った勾配なし,前方80.9m先を0.0km/h,後続列車なし,0.3,速度は制限70km/h、CBTC信号27.8km/hを大きく下回っており安全基準は満たしています。前方の停止列車まで80.9mと十分な車間があり、ノコギリ運転も発生していません。しかし次駅までの残距離80.6mに対しブレーキを24.6秒継続し、必要停止距離10.41mとの差は約70mと大きく、駅手前での減速開始が早すぎるため停止位置の達成可能性が低く、エネルギー効率が著しく低下しています。これらの点から評価は低めとなります。
158.5999999999998,Train11,次駅への減速フェーズ（駅手前400m以内）,ブレーキ（減速）中,24.700000000000053,惰行,1.0,70.0,27.66632080078125,13.313772495829031,80.21299153363515,19.400000000000205,10.217412462144894,0.0,9.2,この先制限速度なし,この先目立った勾配なし,前方80.5m先を0.0km/h,後続列車なし,0.2,制限速度・CBTC信号は遵守しているが、次駅まで80m余りあるのにブレーキを24秒間継続し、停止距離との差Δ=約70mと大きく離れている。減速フェーズでのブレーキ開始は早すぎ、駅到達が遅れる可能性が高く、停止位置達成評価で大幅減点となる。安全面は保たれるが適切な減速操作とは言えない。
158.6999999999998,Train11,次駅への減速フェーズ（駅手前400m以内）,ブレーキ（減速）中,24.800000000000054,惰行,1.0,70.0,27.49755859375,13.185051041270219,79.84513113805747,19.30000000000021,10.024338693418667,0.0,9.2,この先制限速度なし,この先目立った勾配なし,前方80.1m先を0.0km/h,後続列車なし,0.1,制限速度・CBTC信号は遵守しているが、次駅まで79.8mあるのにブレーキをかけ続けているため停止位置が駅手前約70m離れ、|delta_stop|が5mを大幅に超えている。これにより駅到着遅延とエネルギー無駄が生じ、減速フェーズでの操作として不適切。
158.79999999999978,Train11,次駅への減速フェーズ（駅手前400m以内）,ブレーキ（減速）中,24.900000000000055,惰行,1.0,70.0,27.3309326171875,13.056347186521203,79.48084606938721,19.200000000000216,9.833131969346708,0.0,9.2,この先制限速度なし,この先目立った勾配なし,前方79.8m先を0.0km/h,後続列車なし,0.0,現在は次駅減速フェーズで、ブレーキを24.9秒継続し速度13.1km/hはCBTC信号27.3km/h以下で制限速度内です。しかし駅まで79.5m残り、必要ブレーキ距離は約9.8mであるにも関わらず過度に早く減速しており、δ_stopは約70mと大幅に超過しています。先行列車は停止中でCBTC制限は守られていますが、駅手前での停止がほぼ確実となり、即reward0.0ルールに該当します。
158.89999999999978,Train11,次駅への減速フェーズ（駅手前400m以内）,ブレーキ（減速）中,25.000000000000057,惰行,1.0,70.0,27.164306640625,12.92766085671814,79.12013583987587,19.10000000000022,9.64379142526008,0.0,9.2,この先制限速度なし,この先目立った勾配なし,前方79.4m先を0.0km/h,後続列車なし,0.2,制限速度・信号速度は遵守しているが、次駅まで79 mありながらブレーキを25 秒間継続しているため停止位置までの誤差が大きく（Δ≈69 m）、ブレーキ開始が早すぎる。エネルギー無駄であり、減速フェーズとしては不適切。CBTCや間隔は問題なし。
158.99999999999977,Train11,次駅への減速フェーズ（駅手前400m以内）,ブレーキ（減速）中,25.10000000000006,惰行,1.0,70.0,26.9976806640625,12.798991977036994,78.76299996386749,19.000000000000227,9.456316200931992,0.0,9.2,この先制限速度なし,この先目立った勾配なし,前方79.1m先を0.0km/h,後続列車なし,0.2,制限速度・CBTC信号は遵守しているが、次駅まで78.8mあるのにブレーキを続けているため停止位置が大幅に早すぎる。Δstopは69.3mで5m超の大幅減点対象となり、停車位置達成可能性が低い。ノコギリ運転は発生していないが、減速のタイミングが不適切であるため評価は低くなる。
159.09999999999977,Train11,次駅への減速フェーズ（駅手前400m以内）,ブレーキ（減速）中,25.20000000000006,惰行,1.0,70.0,26.83319091796875,12.670340472693354,78.40943795778088,18.900000000000233,9.270705440573218,0.0,9.2,この先制限速度なし,この先目立った勾配なし,前方78.7m先を0.0km/h,後続列車なし,0.2,制限速度・CBTC信号は遵守していますが、次駅まで78.4mあるのにブレーキを25秒間継続しており、停止距離9.27mに対しΔstopは約69mと大きくずれています。減速フェーズでは駅手前でのブレーキ開始が適切で、現在の過早な減速は停止位置達成可能性を著しく低下させるため評価は低くなります。
159.19999999999976,Train11,次駅への減速フェーズ（駅手前400m以内）,ブレーキ（減速）中,25.30000000000006,惰行,1.0,70.0,26.668701171875,12.541706268942235,78.05944934009901,18.80000000000024,9.086958292827559,0.0,9.2,この先制限速度なし,この先目立った勾配なし,前方78.4m先を0.0km/h,後続列車なし,0.3,制限速度・CBTC信号は遵守しており安全面は問題ありませんが、次駅まで78.1mでブレーキを25秒続けているため停止位置が大幅に早すぎます（Δstop≈+69m）。減速フェーズでのブレーキ開始は遅すべきで、エネルギー効率も低下しています。上位項目の違反はないものの、停止位置適合性で大きく減点されます。
159.29999999999976,Train11,次駅への減速フェーズ（駅手前400m以内）,ブレーキ（減速）中,25.400000000000063,惰行,1.0,70.0,26.50421142578125,12.413089291077934,77.71303363140802,18.700000000000244,8.905073910767369,0.0,9.2,この先制限速度なし,この先目立った勾配なし,前方78.0m先を0.0km/h,後続列車なし,0.2,制限速度・CBTC信号は遵守し速度は安全域内ですが、次駅まで77.7 m残りでブレーキを25 秒続けており、必要停止距離8.9 mに対しδ_stop≈68 mと大きく過剰減速しています。停止位置の達成可能性が低く、エネルギー無駄が顕著です。ノコギリ運転の条件は満たさず、総合評価は低めです。
159.39999999999975,Train11,次駅への減速フェーズ（駅手前400m以内）,ブレーキ（減速）中,25.500000000000064,惰行,1.0,70.0,26.3397216796875,12.284489464433829,77.3701903543369,18.60000000000025,8.725051451889035,0.0,9.2,この先制限速度なし,この先目立った勾配なし,前方77.7m先を0.0km/h,後続列車なし,0.2,制限速度・CBTC信号は遵守しており速度超過はないが、次駅減速フェーズで駅まで77.4mしかないのにブレーキを25.5秒継続しており、必要停止距離との差は約68mと大きく|delta_stop|>5mとなる。駅手前で過度に減速しているため停止位置の達成可能性が低く、エネルギー効率も低下している。安全面は保たれるが操作は不適切と判断する。
159.49999999999974,Train11,次駅への減速フェーズ（駅手前400m以内）,ブレーキ（減速）中,25.600000000000065,惰行,1.0,70.0,26.1773681640625,12.155906714382205,77.03091903361425,18.500000000000256,8.546890078108525,0.0,9.2,この先制限速度なし,この先目立った勾配なし,前方77.3m先を0.0km/h,後続列車なし,0.2,制限速度・CBTC信号は遵守し速度は12.2 km/hで安全ですが、次駅減速フェーズでブレーキをかけ続けているため、駅までの残距離77 mに対し必要停止距離8.55 mを大きく上回り、停止位置が遠すぎる。δ_stopは68 mで|δ_stop|>5 mの大幅減点対象。ノコギリ運転はなし。先行列車との間隔は適正。総合評価は低く、0.2とする。
159.59999999999974,Train11,次駅への減速フェーズ（駅手前400m以内）,ブレーキ（減速）中,25.700000000000067,惰行,1.0,70.0,26.0150146484375,12.027340966334089,76.69521919602218,18.40000000000026,8.37058895575696,0.0,9.2,この先制限速度なし,この先目立った勾配なし,前方77.0m先を0.0km/h,後続列車なし,0.3,制限速度・CBTC信号は遵守し速度は安全域だが、次駅まで76.7 m残りの状態でブレーキを継続しているため停止位置が大幅に手前になる。先行列車は77 m先に停止しているが、CBTC制限は満たしている。delta_stopは約68 mで大幅減点対象。到達に必要な平均速度は約15 km/hであり、現在は減速し続けて遅延リスクが高く、省エネ性も低下している。ノコギリ運転はなし。総合評価は低めとする。
159.69999999999973,Train11,次駅への減速フェーズ（駅手前400m以内）,ブレーキ（減速）中,25.800000000000068,惰行,1.0,70.0,25.85479736328125,11.898792145739064,76.36309037042466,18.300000000000267,8.196147255576175,0.0,9.2,この先制限速度なし,この先目立った勾配なし,前方76.7m先を0.0km/h,後続列車なし,0.1,制限速度・CBTC信号は遵守しているが、次駅まで76.4 mと十分距離があるにも関わらずブレーキを継続しており、必要停止距離との差Δ=68.2 mは5 m超で大幅減点対象。駅到達に必要な平均速度も下回っており、時刻通りの到着が危うい。ノコギリ運転は条件を満たさない。以上より操作は不適切と判断する。
159.79999999999973,Train11,次駅への減速フェーズ（駅手前400m以内）,ブレーキ（減速）中,25.90000000000007,惰行,1.0,70.0,25.694580078125,11.770260178085083,76.03453208775335,18.200000000000273,8.023564152714334,0.0,9.2,この先制限速度なし,この先目立った勾配なし,前方76.3m先を0.0km/h,後続列車なし,0.2,制限速度・CBTC信号は遵守し速度も安全範囲内です。しかし次駅まで76 mでブレーキを開始し、必要停止距離8 mに対しΔ≈68 mと過剰減速しており、駅到達位置が大幅にずれます。ノコギリ運転はなし、前方列車との間隔も安全です。停車位置の不適合とエネルギー浪費が評価を下げます。
159.89999999999972,Train11,次駅への減速フェーズ（駅手前400m以内）,ブレーキ（減速）中,26.00000000000007,惰行,1.0,70.0,25.53436279296875,11.641744988898317,75.70954388100759,18.10000000000028,7.85283882672157,0.0,9.2,この先制限速度なし,この先目立った勾配なし,前方76.0m先を0.0km/h,後続列車なし,0.3,制限速度・信号速度ともに遵守し、速度は信号より低くブレーキ中でCBTCにも適合しています。先行列車は76 m先に停車しており間隔は安全です。しかし次駅まで75.7 mの位置で要求停止距離7.85 mに対し、現在はブレーキを26 秒続けており停止位置が大幅に手前になる可能性が高く、停止距離評価で大幅減点となります。ノコギリ運転はなし。総合評価は低めです。
159.99999999999972,Train11,次駅への減速フェーズ（駅手前400m以内）,ブレーキ（減速）中,26.100000000000072,惰行,1.0,70.0,25.37628173828125,11.513246503742959,75.3881252852544,18.000000000000284,7.6839704615456075,0.0,9.2,この先制限速度なし,この先目立った勾配なし,前方75.7m先を0.0km/h,後続列車なし,0.7,制限速度・CBTC信号は遵守し、先行列車との間隔も安全です。現在速度は信号速度を下回っているものの、次駅までの残距離と残時間から見ると、ブレーキを続けることで速度が低すぎ、エネルギー効率と定時性がやや損なわれます。上位項目に重大な問題はないため、総合評価はやや減点とします。
160.0999999999997,Train11,次駅への減速フェーズ（駅手前400m以内）,ブレーキ（減速）中,26.200000000000074,惰行,1.0,70.0,25.21820068359375,11.384764648221049,75.07027583763559,17.90000000000029,7.5169582455274595,0.0,9.2,この先制限速度なし,この先目立った勾配なし,前方75.4m先を0.0km/h,後続列車なし,0.2,制限速度・CBTC信号は遵守しているが、次駅まで75m残りでブレーキを継続しているため停止位置の予測が大きく外れ、到達遅延のリスクがある。直前は惰行からブレーキへの切替でノコギリ運転には該当しないが、減速が過剰で省エネ性も低下している。安全は保たれるものの、減速フェーズとしては不適切。
160.1999999999997,Train11,次駅への減速フェーズ（駅手前400m以内）,ブレーキ（減速）中,26.300000000000075,惰行,1.0,70.0,25.06011962890625,11.256299347972307,74.75599507736064,17.800000000000296,7.351801371397109,0.0,9.2,この先制限速度なし,この先目立った勾配なし,前方75.1m先を0.0km/h,後続列車なし,0.5,制限速度・CBTC信号は遵守しており安全性は確保されていますが、次駅まで74.8m残る中で26秒間ブレーキを続けており、停止位置までの余裕が大きすぎます。早すぎる減速は省エネと定時性を損ねるため評価を下げます。ノコギリ運転は発生していません。
160.2999999999997,Train11,次駅への減速フェーズ（駅手前400m以内）,ブレーキ（減速）中,26.400000000000077,惰行,1.0,70.0,24.9041748046875,11.127850528673958,74.44528254567473,17.7000000000003,7.188499036269237,0.0,9.2,この先制限速度なし,この先目立った勾配なし,前方74.7m先を0.0km/h,後続列車なし,0.3,制限速度・CBTC信号は遵守し速度は低く安全です。しかし次駅まで74.4 mの位置で早期にブレーキを開始し、停止距離との差Δ=67 mと大きく、ブレーキ開始が過剰で省エネ性と停車精度が低下しています。ノコギリ運転は発生せず、列間隔も問題ありません。以上から操作は不適切と判断します。
160.3999999999997,Train11,次駅への減速フェーズ（駅手前400m以内）,ブレーキ（減速）中,26.500000000000078,惰行,1.0,70.0,24.74822998046875,10.999418116040548,74.13813778591916,17.600000000000307,7.02705044163896,0.0,9.2,この先制限速度なし,この先目立った勾配なし,前方74.4m先を0.0km/h,後続列車なし,0.4,制限速度・CBTC信号は遵守しており速度は安全範囲内だが、次駅まで74mあるのにブレーキを開始しているため停止位置が大幅に早すぎる。δ_stopは約67mで、ブレーキ開始は時期尚早と判断され、停止位置達成可能性で大きく減点される。エネルギー効率は低下するが安全性は保たれるため、総合評価はやや低めとなる。
160.4999999999997,Train11,次駅への減速フェーズ（駅手前400m以内）,ブレーキ（減速）中,26.60000000000008,惰行,1.0,70.0,24.59442138671875,10.87100203582377,73.83456034348868,17.500000000000313,6.867454793377577,0.0,9.2,この先制限速度なし,この先目立った勾配なし,前方74.1m先を0.0km/h,後続列車なし,0.0,Step1: 速度は制限70km/h・信号24.6km/h以内で安全。Step2: CBTC信号を下回っているため問題なし。Step3: δ_stop=73.8‑6.87=66.93mで、ブレーキ中に駅手前で停止する可能性が高く、停止位置誤差が大きすぎる。Step4: 次駅減速フェーズでのブレーキは過剰で大幅減点対象。Step5: 保持時間26.6sでノコギリ運転なし。Step6: 前方列車は74.1m先に停車しているが、駅停止位置に対する誤差が大きく不適切。Step7: 定時性は保たれるが省エネ性は低下。Step8: 以上よりrewardは0.0とする。
160.59999999999968,Train11,次駅への減速フェーズ（駅手前400m以内）,ブレーキ（減速）中,26.70000000000008,惰行,1.0,70.0,24.44061279296875,10.742602213812296,73.53454976583862,17.40000000000032,6.709711301728387,0.0,9.2,この先制限速度なし,この先目立った勾配なし,前方73.8m先を0.0km/h,後続列車なし,0.2,制限速度・CBTCは遵守し、減速フェーズでブレーキをかけている点は適切です。しかし駅まで73.5 m残りの状態でブレーキを開始し、必要停止距離との差Δ=66.8 mと大きく離れているため、停止位置の達成可能性が低く、定時到着にも支障が出ます。安全は保たれていますが、運転評価は低めです。
160.69999999999968,Train11,次駅への減速フェーズ（駅手前400m以内）,ブレーキ（減速）中,26.800000000000082,惰行,1.0,70.0,24.28680419921875,10.614218575831595,73.23810560248134,17.300000000000324,6.553819181302461,0.0,9.2,この先制限速度なし,この先目立った勾配なし,前方73.5m先を0.0km/h,後続列車なし,0.0,速度は制限・CBTC信号内で安全は保たれていますが、次駅まで73.2mの地点でブレーキをかけ続けているため、停止位置が駅手前で確実に止まってしまい、到着時刻も守れません。ノコギリ運転は発生しておらず、信号遵守は良好ですが、減速フェーズでのブレーキ開始が不適切です。
160.79999999999967,Train11,次駅への減速フェーズ（駅手前400m以内）,ブレーキ（減速）中,26.900000000000084,惰行,1.0,70.0,24.1351318359375,10.48585104774376,72.94522740499687,17.20000000000033,6.399777651074488,0.0,9.2,この先制限速度なし,この先目立った勾配なし,前方73.2m先を0.0km/h,後続列車なし,0.2,制限速度・CBTC信号は遵守していますが、次駅まで72.9mあるのにブレーキを継続しているため停止位置が大幅に手前になり、減速フェーズとして不適切です。エネルギー無駄と停車位置誤差が大きく、評価は低くなります。
160.89999999999966,Train11,次駅への減速フェーズ（駅手前400m以内）,ブレーキ（減速）中,27.000000000000085,惰行,1.0,70.0,23.98345947265625,10.357499555447337,72.65591472702226,17.100000000000335,6.247585934378636,0.0,9.2,この先制限速度なし,この先目立った勾配なし,前方73.0m先を0.0km/h,後続列車なし,0.3,制限速度・CBTC信号は遵守し、先行列車との間隔も安全です。しかし次駅減速フェーズでブレーキを長時間掛けた結果、停止位置までの残距離が約66 mと大きく、駅手前で過早に減速しているため停車精度と定時性が損なわれています。ノコギリ運転は発生せず、安全面は問題ありませんが運転適切性は低く評価します。
160.99999999999966,Train11,次駅への減速フェーズ（駅手前400m以内）,ブレーキ（減速）中,27.100000000000087,惰行,1.0,70.0,23.83392333984375,10.229164024877143,72.37016712424449,17.00000000000034,6.097243258904408,0.0,9.2,この先制限速度なし,この先目立った勾配なし,前方72.7m先を0.0km/h,後続列車なし,0.4,制限速度・CBTC信号は遵守し、先行列車との距離も安全範囲内でブレーキ中である点は評価できる。しかし次駅まで72 m離れた状態でブレーキを開始しており、δ_stopは66 mと大きく、早すぎる減速となっているため停止位置達成の観点で大幅に減点される。ノコギリ運転は発生せず、間隔や定時性は問題ないが、エネルギー効率が低下している。
161.09999999999965,Train11,次駅への減速フェーズ（駅手前400m以内）,ブレーキ（減速）中,27.200000000000088,惰行,1.0,70.0,23.68438720703125,10.100844382004103,72.08798415441464,16.900000000000347,5.948748856692551,0.0,9.2,この先制限速度なし,この先目立った勾配なし,前方72.4m先を0.0km/h,後続列車なし,0.4,Step1: 速度は制限70km/h・CBTC信号23.7km/h以下で遵守。Step2: CBTC速度を下回りブレーキ中で問題なし。Step3: 停止位置までの残距離66mと比較し、ブレーキ開始が早すぎる。Step4: 次駅減速フェーズで過剰ブレーキは停車精度と定時性を低下させる。Step5: ノコギリ運転は発生せず。Step6: 先行列車との間隔72mで安全。Step7: エネルギー無駄と遅延リスクがある。以上より、操作は安全だが効率・時刻遵守面で不適切。
161.19999999999965,Train11,次駅への減速フェーズ（駅手前400m以内）,ブレーキ（減速）中,27.30000000000009,惰行,1.0,70.0,23.5369873046875,9.972540552835069,71.80936537734439,16.800000000000352,5.802101964130974,0.0,9.2,この先制限速度なし,この先目立った勾配なし,前方72.1m先を0.0km/h,後続列車なし,0.2,制限速度・CBTC信号は遵守し、速度も10km/hで安全です。先行列車が72.1m先に停止しているため信号速度23.5km/hを下回り問題ありません。しかし次駅まで71.8mの地点でブレーキをかけ続けており、停止距離差が66mと大きく、停止位置達成可能性が低く評価されます。ノコギリ運転の条件は満たさないため減点なし。総合的に見て評価は低めです。
161.29999999999964,Train11,次駅への減速フェーズ（駅手前400m以内）,ブレーキ（減速）中,27.40000000000009,惰行,1.0,70.0,23.38958740234375,9.844252463412637,71.53431035488822,16.700000000000358,5.657301821950672,0.0,9.2,この先制限速度なし,この先目立った勾配なし,前方71.8m先を0.0km/h,後続列車なし,0.2,速度は制限70km/h・CBTC信号23.4km/hを大きく下回り安全ですが、次駅まで71.5mの地点でブレーキを27秒続けているため、必要停止距離5.66mに対しΔstopは約66mと大幅に超過しています。先行列車は71.8m先で停止しており安全距離は保たれていますが、減速フェーズでのブレーキ開始が早すぎ、駅停車位置の達成可能性が低く評価されます。ノコギリ運転は発生していません。
161.39999999999964,Train11,次駅への減速フェーズ（駅手前400m以内）,ブレーキ（減速）中,27.500000000000092,惰行,1.0,70.0,23.2421875,9.71598003981499,71.26281865097184,16.600000000000364,5.51434767522171,0.0,9.2,この先制限速度なし,この先目立った勾配なし,前方71.6m先を0.0km/h,後続列車なし,0.3,制限速度・CBTC信号は遵守しており速度超過はないが、先行列車が71.6m先で停止している中、信号速度23.2km/hを大きく下回る9.7km/hでブレーキを継続している。次駅までの残距離71.3mに対し必要停止距離5.51mであり、ブレーキ開始が早すぎてΔstopが65.8mと大きく、停止位置適合性が低い。効率面での減点が大きく、総合評価は低め。
161.49999999999963,Train11,次駅への減速フェーズ（駅手前400m以内）,ブレーキ（減速）中,27.600000000000094,惰行,1.0,70.0,23.096923828125,9.587723208155726,70.99488983155311,16.50000000000037,5.37323877334921,0.0,9.2,この先制限速度なし,この先目立った勾配なし,前方71.3m先を0.0km/h,後続列車なし,0.2,制限速度・CBTC信号は遵守しており速度超過はないが、次駅まで71 m残りの状態で減速ブレーキを27 秒続けているため、停止距離（5.37 m）に対するΔは約65 mと大きく、駅手前でのブレーキ開始は時期尚早である。次駅減速フェーズとしては惰行で走行距離を確保すべきで、現在の操作は停止位置達成可能性とフェーズ適合性で大きく減点される。
161.59999999999962,Train11,次駅への減速フェーズ（駅手前400m以内）,ブレーキ（減速）中,27.700000000000095,惰行,1.0,70.0,22.95379638671875,9.45948189458366,70.73052346465047,16.400000000000375,5.233974370069329,0.0,9.2,この先制限速度なし,この先目立った勾配なし,前方71.0m先を0.0km/h,後続列車なし,0.2,制限速度70 km/h、CBTC信号23 km/hを大きく下回り安全で、先行列車71 m先の停止列車との間隔も50 m以上確保しています。次駅減速フェーズでブレーキを27.7 秒継続し、現在速度9.5 km/hですが、残距離70.7 mに対し要求停止距離5.23 mをはるかに上回り、|delta_stop|が5 mを超えるため大幅減点対象です。ノコギリ運転は条件を満たさず発生していません。安全は保たれていますが停止位置の遅れが評価を低下させます。
161.69999999999962,Train11,次駅への減速フェーズ（駅手前400m以内）,ブレーキ（減速）中,27.800000000000097,惰行,1.0,70.0,22.8106689453125,9.331256025282679,70.46971912033229,16.30000000000038,5.0965537234453135,0.0,9.2,この先制限速度なし,この先目立った勾配なし,前方70.8m先を0.0km/h,後続列車なし,0.2,制限速度・CBTC信号は遵守しているが、次駅まで70.5mあるのにブレーキを27.8秒継続し、必要停止距離5.1mに対しΔstopは65.4mと大きく正の誤差が生じている。減速は早すぎて駅手前で停止するリスクが高く、次駅減速フェーズとして不適切。その他の項目は問題なし。
