time,train_id,phase,current_notch,holding_time,prev_notch,prev_notch_duration,speed_limit,signal_speed,current_speed,required_speed,dist_to_next_station,time_to_next_station,req_stop_dist,delay,current_gradient,next_limit_info,next_gradient_info,forward_info,backward_info,reward
80,Train11,次駅への減速フェーズ（駅手前400m以内）,ブレーキ（減速）中,8.0,惰行,15.0,70.0,70.0,5.0,0.0,1.3,1.9,0.0,0.0,0.0,この先制限速度なし,この先目立った勾配なし,先行列車なし,後続列車なし,0.0
81,Train11,次駅への減速フェーズ（駅手前400m以内）,ブレーキ（減速）中,8.0,惰行,15.0,70.0,70.0,5.0,0.0,1.3,0.0,0.0,20.0,0.0,この先制限速度なし,この先目立った勾配なし,先行列車なし,後続列車なし,0.0
82,Train11,次駅への減速フェーズ（駅手前400m以内）,ブレーキ（減速）中,2.0,惰行,15.0,70.0,70.0,5.0,0.0,1.3,1.9,0.0,0.0,0.0,この先制限速度なし,この先目立った勾配なし,先行列車なし,後続列車なし,0.0
83,Train11,次駅への減速フェーズ（駅手前400m以内）,ブレーキ（減速）中,2.0,惰行,15.0,70.0,70.0,5.0,0.0,1.3,0.0,0.0,20.0,0.0,この先制限速度なし,この先目立った勾配なし,先行列車なし,後続列車なし,0.0
84,Train11,次駅への減速フェーズ（駅手前400m以内）,ブレーキ（減速）中,8.0,惰行,15.0,70.0,70.0,5.0,0.0,2.3,3.4,0.0,0.0,0.0,この先制限速度なし,この先目立った勾配なし,先行列車なし,後続列車なし,0.0
85,Train11,次駅への減速フェーズ（駅手前400m以内）,ブレーキ（減速）中,8.0,惰行,15.0,70.0,70.0,5.0,0.0,2.3,0.0,0.0,20.0,0.0,この先制限速度なし,この先目立った勾配なし,先行列車なし,後続列車なし,0.0
86,Train11,次駅への減速フェーズ（駅手前400m以内）,ブレーキ（減速）中,2.0,惰行,15.0,70.0,70.0,5.0,0.0,2.3,3.4,0.0,0.0,0.0,この先制限速度なし,この先目立った勾配なし,先行列車なし,後続列車なし,0.0
87,Train11,次駅への減速フェーズ（駅手前400m以内）,ブレーキ（減速）中,2.0,惰行,15.0,70.0,70.0,5.0,0.0,2.3,0.0,0.0,20.0,0.0,この先制限速度なし,この先目立った勾配なし,先行列車なし,後続列車なし,0.0
88,Train11,次駅への減速フェーズ（駅手前400m以内）,ブレーキ（減速）中,8.0,惰行,15.0,70.0,70.0,5.0,0.0,3.3,4.8,0.0,0.0,0.0,この先制限速度なし,この先目立った勾配なし,先行列車なし,後続列車なし,0.0
89,Train11,次駅への減速フェーズ（駅手前400m以内）,ブレーキ（減速）中,8.0,惰行,15.0,70.0,70.0,5.0,0.0,3.3,0.0,0.0,20.0,0.0,この先制限速度なし,この先目立った勾配なし,先行列車なし,後続列車なし,0.0
90,Train11,次駅への減速フェーズ（駅手前400m以内）,ブレーキ（減速）中,2.0,惰行,15.0,70.0,70.0,5.0,0.0,3.3,4.8,0.0,0.0,0.0,この先制限速度なし,この先目立った勾配なし,先行列車なし,後続列車なし,0.0
91,Train11,次駅への減速フェーズ（駅手前400m以内）,ブレーキ（減速）中,2.0,惰行,15.0,70.0,70.0,5.0,0.0,3.3,0.0,0.0,20.0,0.0,この先制限速度なし,この先目立った勾配なし,先行列車なし,後続列車なし,0.0
92,Train11,次駅への減速フェーズ（駅手前400m以内）,ブレーキ（減速）中,8.0,惰行,15.0,70.0,70.0,5.0,0.0,5.3,7.7,0.0,0.0,0.0,この先制限速度なし,この先目立った勾配なし,先行列車なし,後続列車なし,0.0
93,Train11,次駅への減速フェーズ（駅手前400m以内）,ブレーキ（減速）中,8.0,惰行,15.0,70.0,70.0,5.0,0.0,5.3,0.0,0.0,20.0,0.0,この先制限速度なし,この先目立った勾配なし,先行列車なし,後続列車なし,0.0
94,Train11,次駅への減速フェーズ（駅手前400m以内）,ブレーキ（減速）中,2.0,惰行,15.0,70.0,70.0,5.0,0.0,5.3,7.7,0.0,0.0,0.0,この先制限速度なし,この先目立った勾配なし,先行列車なし,後続列車なし,0.0
95,Train11,次駅への減速フェーズ（駅手前400m以内）,ブレーキ（減速）中,2.0,惰行,15.0,70.0,70.0,5.0,0.0,5.3,0.0,0.0,20.0,0.0,この先制限速度なし,この先目立った勾配なし,先行列車なし,後続列車なし,0.0
96,Train11,次駅への減速フェーズ（駅手前400m以内）,ブレーキ（減速）中,8.0,惰行,15.0,70.0,70.0,5.0,0.0,9.3,13.5,0.0,0.0,0.0,この先制限速度なし,この先目立った勾配なし,先行列車なし,後続列車なし,0.0
97,Train11,次駅への減速フェーズ（駅手前400m以内）,ブレーキ（減速）中,8.0,惰行,15.0,70.0,70.0,5.0,0.0,9.3,0.0,0.0,20.0,0.0,この先制限速度なし,この先目立った勾配なし,先行列車なし,後続列車なし,0.0
98,Train11,次駅への減速フェーズ（駅手前400m以内）,ブレーキ（減速）中,2.0,惰行,15.0,70.0,70.0,5.0,0.0,9.3,13.5,0.0,0.0,0.0,この先制限速度なし,この先目立った勾配なし,先行列車なし,後続列車なし,0.0
99,Train11,次駅への減速フェーズ（駅手前400m以内）,ブレーキ（減速）中,2.0,惰行,15.0,70.0,70.0,5.0,0.0,9.3,0.0,0.0,20.0,0.0,この先制限速度なし,この先目立った勾配なし,先行列車なし,後続列車なし,0.0
100,Train11,次駅への減速フェーズ（駅手前400m以内）,ブレーキ（減速）中,8.0,惰行,15.0,70.0,70.0,5.0,0.0,16.3,23.5,0.0,0.0,0.0,この先制限速度なし,この先目立った勾配なし,先行列車なし,後続列車なし,0.0
101,Train11,次駅への減速フェーズ（駅手前400m以内）,ブレーキ（減速）中,8.0,惰行,15.0,70.0,70.0,5.0,0.0,16.3,0.0,0.0,20.0,0.0,この先制限速度なし,この先目立った勾配なし,先行列車なし,後続列車なし,0.0
102,Train11,次駅への減速フェーズ（駅手前400m以内）,ブレーキ（減速）中,2.0,惰行,15.0,70.0,70.0,5.0,0.0,16.3,23.5,0.0,0.0,0.0,この先制限速度なし,この先目立った勾配なし,先行列車なし,後続列車なし,0.0
103,Train11,次駅への減速フェーズ（駅手前400m以内）,ブレーキ（減速）中,2.0,惰行,15.0,70.0,70.0,5.0,0.0,16.3,0.0,0.0,20.0,0.0,この先制限速度なし,この先目立った勾配なし,先行列車なし,後続列車なし,0.0
104,Train11,次駅への減速フェーズ（駅手前400m以内）,ブレーキ（減速）中,8.0,惰行,15.0,70.0,70.0,5.0,0.0,31.3,45.1,0.0,0.0,0.0,この先制限速度なし,この先目立った勾配なし,先行列車なし,後続列車なし,0.0
105,Train11,次駅への減速フェーズ（駅手前400m以内）,ブレーキ（減速）中,8.0,惰行,15.0,70.0,70.0,5.0,0.0,31.3,0.0,0.0,20.0,0.0,この先制限速度なし,この先目立った勾配なし,先行列車なし,後続列車なし,0.0
106,Train11,次駅への減速フェーズ（駅手前400m以内）,ブレーキ（減速）中,2.0,惰行,15.0,70.0,70.0,5.0,0.0,31.3,45.1,0.0,0.0,0.0,この先制限速度なし,この先目立った勾配なし,先行列車なし,後続列車なし,0.0
107,Train11,次駅への減速フェーズ（駅手前400m以内）,ブレーキ（減速）中,2.0,惰行,15.0,70.0,70.0,5.0,0.0,31.3,0.0,0.0,20.0,0.0,この先制限速度なし,この先目立った勾配なし,先行列車なし,後続列車なし,0.0
108,Train11,次駅への減速フェーズ（駅手前400m以内）,ブレーキ（減速）中,8.0,惰行,15.0,70.0,70.0,10.0,0.0,1.4,1.0,0.0,0.0,0.0,この先制限速度なし,この先目立った勾配なし,先行列車なし,後続列車なし,0.0
109,Train11,次駅への減速フェーズ（駅手前400m以内）,ブレーキ（減速）中,8.0,惰行,15.0,70.0,70.0,10.0,0.0,1.4,0.0,0.0,20.0,0.0,この先制限速度なし,この先目立った勾配なし,先行列車なし,後続列車なし,0.0
110,Train11,次駅への減速フェーズ（駅手前400m以内）,ブレーキ（減速）中,2.0,惰行,15.0,70.0,70.0,10.0,0.0,1.4,1.0,0.0,0.0,0.0,この先制限速度なし,この先目立った勾配なし,先行列車なし,後続列車なし,0.0
111,Train11,次駅への減速フェーズ（駅手前400m以内）,ブレーキ（減速）中,2.0,惰行,15.0,70.0,70.0,10.0,0.0,1.4,0.0,0.0,20.0,0.0,この先制限速度なし,この先目立った勾配なし,先行列車なし,後続列車なし,0.0
112,Train11,次駅への減速フェーズ（駅手前400m以内）,ブレーキ（減速）中,8.0,惰行,15.0,70.0,70.0,10.0,0.0,3.4,2.4,0.0,0.0,0.0,この先制限速度なし,この先目立った勾配なし,先行列車なし,後続列車なし,0.0
113,Train11,次駅への減速フェーズ（駅手前400m以内）,ブレーキ（減速）中,8.0,惰行,15.0,70.0,70.0,10.0,0.0,3.4,0.0,0.0,20.0,0.0,この先制限速度なし,この先目立った勾配なし,先行列車なし,後続列車なし,0.0
114,Train11,次駅への減速フェーズ（駅手前400m以内）,ブレーキ（減速）中,2.0,惰行,15.0,70.0,70.0,10.0,0.0,3.4,2.4,0.0,0.0,0.0,この先制限速度なし,この先目立った勾配なし,先行列車なし,後続列車なし,0.0
115,Train11,次駅への減速フェーズ（駅手前400m以内）,ブレーキ（減速）中,2.0,惰行,15.0,70.0,70.0,10.0,0.0,3.4,0.0,0.0,20.0,0.0,この先制限速度なし,この先目立った勾配なし,先行列車なし,後続列車なし,0.0
116,Train11,次駅への減速フェーズ（駅手前400m以内）,ブレーキ（減速）中,8.0,惰行,15.0,70.0,70.0,10.0,0.0,5.4,3.9,0.0,0.0,0.0,この先制限速度なし,この先目立った勾配なし,先行列車なし,後続列車なし,0.0
117,Train11,次駅への減速フェーズ（駅手前400m以内）,ブレーキ（減速）中,8.0,惰行,15.0,70.0,70.0,10.0,0.0,5.4,0.0,0.0,20.0,0.0,この先制限速度なし,この先目立った勾配なし,先行列車なし,後続列車なし,0.0
118,Train11,次駅への減速フェーズ（駅手前400m以内）,ブレーキ（減速）中,2.0,惰行,15.0,70.0,70.0,10.0,0.0,5.4,3.9,0.0,0.0,0.0,この先制限速度なし,この先目立った勾配なし,先行列車なし,後続列車なし,0.0
119,Train11,次駅への減速フェーズ（駅手前400m以内）,ブレーキ（減速）中,2.0,惰行,15.0,70.0,70.0,10.0,0.0,5.4,0.0,0.0,20.0,0.0,この先制限速度なし,この先目立った勾配なし,先行列車なし,後続列車なし,0.0
120,Train11,次駅への減速フェーズ（駅手前400m以内）,ブレーキ（減速）中,8.0,惰行,15.0,70.0,70.0,10.0,0.0,6.4,4.6,0.0,0.0,0.0,この先制限速度なし,この先目立った勾配なし,先行列車なし,後続列車なし,0.0
121,Train11,次駅への減速フェーズ（駅手前400m以内）,ブレーキ（減速）中,8.0,惰行,15.0,70.0,70.0,10.0,0.0,6.4,0.0,0.0,20.0,0.0,この先制限速度なし,この先目立った勾配なし,先行列車なし,後続列車なし,0.0
122,Train11,次駅への減速フェーズ（駅手前400m以内）,ブレーキ（減速）中,2.0,惰行,15.0,70.0,70.0,10.0,0.0,6.4,4.6,0.0,0.0,0.0,この先制限速度なし,この先目立った勾配なし,先行列車なし,後続列車なし,0.0
123,Train11,次駅への減速フェーズ（駅手前400m以内）,ブレーキ（減速）中,2.0,惰行,15.0,70.0,70.0,10.0,0.0,6.4,0.0,0.0,20.0,0.0,この先制限速度なし,この先目立った勾配なし,先行列車なし,後続列車なし,0.0
124,Train11,次駅への減速フェーズ（駅手前400m以内）,ブレーキ（減速）中,8.0,惰行,15.0,70.0,70.0,10.0,0.0,7.4,5.3,0.0,0.0,0.0,この先制限速度なし,この先目立った勾配なし,先行列車なし,後続列車なし,0.0
125,Train11,次駅への減速フェーズ（駅手前400m以内）,ブレーキ（減速）中,8.0,惰行,15.0,70.0,70.0,10.0,0.0,7.4,0.0,0.0,20.0,0.0,この先制限速度なし,この先目立った勾配なし,先行列車なし,後続列車なし,0.0
126,Train11,次駅への減速フェーズ（駅手前400m以内）,ブレーキ（減速）中,2.0,惰行,15.0,70.0,70.0,10.0,0.0,7.4,5.3,0.0,0.0,0.0,この先制限速度なし,この先目立った勾配なし,先行列車なし,後続列車なし,0.0
127,Train11,次駅への減速フェーズ（駅手前400m以内）,ブレーキ（減速）中,2.0,惰行,15.0,70.0,70.0,10.0,0.0,7.4,0.0,0.0,20.0,0.0,この先制限速度なし,この先目立った勾配なし,先行列車なし,後続列車なし,0.0
128,Train11,次駅への減速フェーズ（駅手前400m以内）,ブレーキ（減速）中,8.0,惰行,15.0,70.0,70.0,10.0,0.0,9.4,6.7,0.0,0.0,0.0,この先制限速度なし,この先目立った勾配なし,先行列車なし,後続列車なし,0.0
129,Train11,次駅への減速フェーズ（駅手前400m以内）,ブレーキ（減速）中,8.0,惰行,15.0,70.0,70.0,10.0,0.0,9.4,0.0,0.0,20.0,0.0,この先制限速度なし,この先目立った勾配なし,先行列車なし,後続列車なし,0.0
130,Train11,次駅への減速フェーズ（駅手前400m以内）,ブレーキ（減速）中,2.0,惰行,15.0,70.0,70.0,10.0,0.0,9.4,6.7,0.0,0.0,0.0,この先制限速度なし,この先目立った勾配なし,先行列車なし,後続列車なし,0.0
131,Train11,次駅への減速フェーズ（駅手前400m以内）,ブレーキ（減速）中,2.0,惰行,15.0,70.0,70.0,10.0,0.0,9.4,0.0,0.0,20.0,0.0,この先制限速度なし,この先目立った勾配なし,先行列車なし,後続列車なし,0.0
132,Train11,次駅への減速フェーズ（駅手前400m以内）,ブレーキ（減速）中,8.0,惰行,15.0,70.0,70.0,10.0,0.0,13.4,9.6,0.0,0.0,0.0,この先制限速度なし,この先目立った勾配なし,先行列車なし,後続列車なし,0.0
133,Train11,次駅への減速フェーズ（駅手前400m以内）,ブレーキ（減速）中,8.0,惰行,15.0,70.0,70.0,10.0,0.0,13.4,0.0,0.0,20.0,0.0,この先制限速度なし,この先目立った勾配なし,先行列車なし,後続列車なし,0.0
134,Train11,次駅への減速フェーズ（駅手前400m以内）,ブレーキ（減速）中,2.0,惰行,15.0,70.0,70.0,10.0,0.0,13.4,9.6,0.0,0.0,0.0,この先制限速度なし,この先目立った勾配なし,先行列車なし,後続列車なし,0.0
135,Train11,次駅への減速フェーズ（駅手前400m以内）,ブレーキ（減速）中,2.0,惰行,15.0,70.0,70.0,10.0,0.0,13.4,0.0,0.0,20.0,0.0,この先制限速度なし,この先目立った勾配なし,先行列車なし,後続列車なし,0.0
136,Train11,次駅への減速フェーズ（駅手前400m以内）,ブレーキ（減速）中,8.0,惰行,15.0,70.0,70.0,10.0,0.0,20.4,14.7,0.0,0.0,0.0,この先制限速度なし,この先目立った勾配なし,先行列車なし,後続列車なし,0.0
137,Train11,次駅への減速フェーズ（駅手前400m以内）,ブレーキ（減速）中,8.0,惰行,15.0,70.0,70.0,10.0,0.0,20.4,0.0,0.0,20.0,0.0,この先制限速度なし,この先目立った勾配なし,先行列車なし,後続列車なし,0.0
138,Train11,次駅への減速フェーズ（駅手前400m以内）,ブレーキ（減速）中,2.0,惰行,15.0,70.0,70.0,10.0,0.0,20.4,14.7,0.0,0.0,0.0,この先制限速度なし,この先目立った勾配なし,先行列車なし,後続列車なし,0.0
139,Train11,次駅への減速フェーズ（駅手前400m以内）,ブレーキ（減速）中,2.0,惰行,15.0,70.0,70.0,10.0,0.0,20.4,0.0,0.0,20.0,0.0,この先制限速度なし,この先目立った勾配なし,先行列車なし,後続列車なし,0.0
140,Train11,次駅への減速フェーズ（駅手前400m以内）,ブレーキ（減速）中,8.0,惰行,15.0,70.0,70.0,10.0,0.0,35.4,25.5,0.0,0.0,0.0,この先制限速度なし,この先目立った勾配なし,先行列車なし,後続列車なし,0.0
141,Train11,次駅への減速フェーズ（駅手前400m以内）,ブレーキ（減速）中,8.0,惰行,15.0,70.0,70.0,10.0,0.0,35.4,0.0,0.0,20.0,0.0,この先制限速度なし,この先目立った勾配なし,先行列車なし,後続列車なし,0.0
142,Train11,次駅への減速フェーズ（駅手前400m以内）,ブレーキ（減速）中,2.0,惰行,15.0,70.0,70.0,10.0,0.0,35.4,25.5,0.0,0.0,0.0,この先制限速度なし,この先目立った勾配なし,先行列車なし,後続列車なし,0.0
143,Train11,次駅への減速フェーズ（駅手前400m以内）,ブレーキ（減速）中,2.0,惰行,15.0,70.0,70.0,10.0,0.0,35.4,0.0,0.0,20.0,0.0,この先制限速度なし,この先目立った勾配なし,先行列車なし,後続列車なし,0.0
144,Train11,次駅への減速フェーズ（駅手前400m以内）,ブレーキ（減速）中,8.0,惰行,15.0,70.0,70.0,15.0,0.0,4.0,1.9,0.0,0.0,0.0,この先制限速度なし,この先目立った勾配なし,先行列車なし,後続列車なし,0.0
145,Train11,次駅への減速フェーズ（駅手前400m以内）,ブレーキ（減速）中,8.0,惰行,15.0,70.0,70.0,15.0,0.0,4.0,0.0,0.0,20.0,0.0,この先制限速度なし,この先目立った勾配なし,先行列車なし,後続列車なし,0.0
146,Train11,次駅への減速フェーズ（駅手前400m以内）,ブレーキ（減速）中,2.0,惰行,15.0,70.0,70.0,15.0,0.0,4.0,1.9,0.0,0.0,0.0,この先制限速度なし,この先目立った勾配なし,先行列車なし,後続列車なし,0.0
147,Train11,次駅への減速フェーズ（駅手前400m以内）,ブレーキ（減速）中,2.0,惰行,15.0,70.0,70.0,15.0,0.0,4.0,0.0,0.0,20.0,0.0,この先制限速度なし,この先目立った勾配なし,先行列車なし,後続列車なし,0.0
148,Train11,次駅への減速フェーズ（駅手前400m以内）,ブレーキ（減速）中,8.0,惰行,15.0,70.0,70.0,15.0,0.0,8.0,3.9,0.0,0.0,0.0,この先制限速度なし,この先目立った勾配なし,先行列車なし,後続列車なし,0.0
149,Train11,次駅への減速フェーズ（駅手前400m以内）,ブレーキ（減速）中,8.0,惰行,15.0,70.0,70.0,15.0,0.0,8.0,0.0,0.0,20.0,0.0,この先制限速度なし,この先目立った勾配なし,先行列車なし,後続列車なし,0.0
150,Train11,次駅への減速フェーズ（駅手前400m以内）,ブレーキ（減速）中,2.0,惰行,15.0,70.0,70.0,15.0,0.0,8.0,3.9,0.0,0.0,0.0,この先制限速度なし,この先目立った勾配なし,先行列車なし,後続列車なし,0.0
151,Train11,次駅への減速フェーズ（駅手前400m以内）,ブレーキ（減速）中,2.0,惰行,15.0,70.0,70.0,15.0,0.0,8.0,0.0,0.0,20.0,0.0,この先制限速度なし,この先目立った勾配なし,先行列車なし,後続列車なし,0.0
152,Train11,次駅への減速フェーズ（駅手前400m以内）,ブレーキ（減速）中,8.0,惰行,15.0,70.0,70.0,15.0,0.0,10.0,4.8,0.0,0.0,0.0,この先制限速度なし,この先目立った勾配なし,先行列車なし,後続列車なし,0.0
153,Train11,次駅への減速フェーズ（駅手前400m以内）,ブレーキ（減速）中,8.0,惰行,15.0,70.0,70.0,15.0,0.0,10.0,0.0,0.0,20.0,0.0,この先制限速度なし,この先目立った勾配なし,先行列車なし,後続列車なし,0.0
154,Train11,次駅への減速フェーズ（駅手前400m以内）,ブレーキ（減速）中,2.0,惰行,15.0,70.0,70.0,15.0,0.0,10.0,4.8,0.0,0.0,0.0,この先制限速度なし,この先目立った勾配なし,先行列車なし,後続列車なし,0.0
155,Train11,次駅への減速フェーズ（駅手前400m以内）,ブレーキ（減速）中,2.0,惰行,15.0,70.0,70.0,15.0,0.0,10.0,0.0,0.0,20.0,0.0,この先制限速度なし,この先目立った勾配なし,先行列車なし,後続列車なし,0.0
156,Train11,次駅への減速フェーズ（駅手前400m以内）,ブレーキ（減速）中,8.0,惰行,15.0,70.0,70.0,15.0,0.0,12.0,5.8,0.0,0.0,0.0,この先制限速度なし,この先目立った勾配なし,先行列車なし,後続列車なし,0.0
157,Train11,次駅への減速フェーズ（駅手前400m以内）,ブレーキ（減速）中,8.0,惰行,15.0,70.0,70.0,15.0,0.0,12.0,0.0,0.0,20.0,0.0,この先制限速度なし,この先目立った勾配なし,先行列車なし,後続列車なし,0.0
158,Train11,次駅への減速フェーズ（駅手前400m以内）,ブレーキ（減速）中,2.0,惰行,15.0,70.0,70.0,15.0,0.0,12.0,5.8,0.0,0.0,0.0,この先制限速度なし,この先目立った勾配なし,先行列車なし,後続列車なし,0.0
159,Train11,次駅への減速フェーズ（駅手前400m以内）,ブレーキ（減速）中,2.0,惰行,15.0,70.0,70.0,15.0,0.0,12.0,0.0,0.0,20.0,0.0,この先制限速度なし,この先目立った勾配なし,先行列車なし,後続列車なし,0.0
160,Train11,次駅への減速フェーズ（駅手前400m以内）,ブレーキ（減速）中,8.0,惰行,15.0,70.0,70.0,15.0,0.0,13.0,6.3,0.0,0.0,0.0,この先制限速度なし,この先目立った勾配なし,先行列車なし,後続列車なし,0.0
161,Train11,次駅への減速フェーズ（駅手前400m以内）,ブレーキ（減速）中,8.0,惰行,15.0,70.0,70.0,15.0,0.0,13.0,0.0,0.0,20.0,0.0,この先制限速度なし,この先目立った勾配なし,先行列車なし,後続列車なし,0.0
162,Train11,次駅への減速フェーズ（駅手前400m以内）,ブレーキ（減速）中,2.0,惰行,15.0,70.0,70.0,15.0,0.0,13.0,6.3,0.0,0.0,0.0,この先制限速度なし,この先目立った勾配なし,先行列車なし,後続列車なし,0.0
163,Train11,次駅への減速フェーズ（駅手前400m以内）,ブレーキ（減速）中,2.0,惰行,15.0,70.0,70.0,15.0,0.0,13.0,0.0,0.0,20.0,0.0,この先制限速度なし,この先目立った勾配なし,先行列車なし,後続列車なし,0.0
164,Train11,次駅への減速フェーズ（駅手前400m以内）,ブレーキ（減速）中,8.0,惰行,15.0,70.0,70.0,15.0,0.0,14.0,6.7,0.0,0.0,0.0,この先制限速度なし,この先目立った勾配なし,先行列車なし,後続列車なし,0.0
165,Train11,次駅への減速フェーズ（駅手前400m以内）,ブレーキ（減速）中,8.0,惰行,15.0,70.0,70.0,15.0,0.0,14.0,0.0,0.0,20.0,0.0,この先制限速度なし,この先目立った勾配なし,先行列車なし,後続列車なし,0.0
166,Train11,次駅への減速フェーズ（駅手前400m以内）,ブレーキ（減速）中,2.0,惰行,15.0,70.0,70.0,15.0,0.0,14.0,6.7,0.0,0.0,0.0,この先制限速度なし,この先目立った勾配なし,先行列車なし,後続列車なし,0.0
167,Train11,次駅への減速フェーズ（駅手前400m以内）,ブレーキ（減速）中,2.0,惰行,15.0,70.0,70.0,15.0,0.0,14.0,0.0,0.0,20.0,0.0,この先制限速度なし,この先目立った勾配なし,先行列車なし,後続列車なし,0.0
168,Train11,次駅への減速フェーズ（駅手前400m以内）,ブレーキ（減速）中,8.0,惰行,15.0,70.0,70.0,15.0,0.0,16.0,7.7,0.0,0.0,0.0,この先制限速度なし,この先目立った勾配なし,先行列車なし,後続列車なし,0.0
169,Train11,次駅への減速フェーズ（駅手前400m以内）,ブレーキ（減速）中,8.0,惰行,15.0,70.0,70.0,15.0,0.0,16.0,0.0,0.0,20.0,0.0,この先制限速度なし,この先目立った勾配なし,先行列車なし,後続列車なし,0.0
170,Train11,次駅への減速フェーズ（駅手前400m以内）,ブレーキ（減速）中,2.0,惰行,15.0,70.0,70.0,15.0,0.0,16.0,7.7,0.0,0.0,0.0,この先制限速度なし,この先目立った勾配なし,先行列車なし,後続列車なし,0.0
171,Train11,次駅への減速フェーズ（駅手前400m以内）,ブレーキ（減速）中,2.0,惰行,15.0,70.0,70.0,15.0,0.0,16.0,0.0,0.0,20.0,0.0,この先制限速度なし,この先目立った勾配なし,先行列車なし,後続列車なし,0.0
172,Train11,次駅への減速フェーズ（駅手前400m以内）,ブレーキ（減速）中,8.0,惰行,15.0,70.0,70.0,15.0,0.0,20.0,9.6,0.0,0.0,0.0,この先制限速度なし,この先目立った勾配なし,先行列車なし,後続列車なし,0.0
173,Train11,次駅への減速フェーズ（駅手前400m以内）,ブレーキ（減速）中,8.0,惰行,15.0,70.0,70.0,15.0,0.0,20.0,0.0,0.0,20.0,0.0,この先制限速度なし,この先目立った勾配なし,先行列車なし,後続列車なし,0.0
174,Train11,次駅への減速フェーズ（駅手前400m以内）,ブレーキ（減速）中,2.0,惰行,15.0,70.0,70.0,15.0,0.0,20.0,9.6,0.0,0.0,0.0,この先制限速度なし,この先目立った勾配なし,先行列車なし,後続列車なし,0.0
175,Train11,次駅への減速フェーズ（駅手前400m以内）,ブレーキ（減速）中,2.0,惰行,15.0,70.0,70.0,15.0,0.0,20.0,0.0,0.0,20.0,0.0,この先制限速度なし,この先目立った勾配なし,先行列車なし,後続列車なし,0.0
176,Train11,次駅への減速フェーズ（駅手前400m以内）,ブレーキ（減速）中,8.0,惰行,15.0,70.0,70.0,15.0,0.0,27.0,13.0,0.0,0.0,0.0,この先制限速度なし,この先目立った勾配なし,先行列車なし,後続列車なし,0.0
177,Train11,次駅への減速フェーズ（駅手前400m以内）,ブレーキ（減速）中,8.0,惰行,15.0,70.0,70.0,15.0,0.0,27.0,0.0,0.0,20.0,0.0,この先制限速度なし,この先目立った勾配なし,先行列車なし,後続列車なし,0.0
178,Train11,次駅への減速フェーズ（駅手前400m以内）,ブレーキ（減速）中,2.0,惰行,15.0,70.0,70.0,15.0,0.0,27.0,13.0,0.0,0.0,0.0,この先制限速度なし,この先目立った勾配なし,先行列車なし,後続列車なし,0.0
179,Train11,次駅への減速フェーズ（駅手前400m以内）,ブレーキ（減速）中,2.0,惰行,15.0,70.0,70.0,15.0,0.0,27.0,0.0,0.0,20.0,0.0,この先制限速度なし,この先目立った勾配なし,先行列車なし,後続列車なし,0.0
180,Train11,次駅への減速フェーズ（駅手前400m以内）,ブレーキ（減速）中,8.0,惰行,15.0,70.0,70.0,15.0,0.0,42.0,20.2,0.0,0.0,0.0,この先制限速度なし,この先目立った勾配なし,先行列車なし,後続列車なし,0.0
181,Train11,次駅への減速フェーズ（駅手前400m以内）,ブレーキ（減速）中,8.0,惰行,15.0,70.0,70.0,15.0,0.0,42.0,0.0,0.0,20.0,0.0,この先制限速度なし,この先目立った勾配なし,先行列車なし,後続列車なし,0.0
182,Train11,次駅への減速フェーズ（駅手前400m以内）,ブレーキ（減速）中,2.0,惰行,15.0,70.0,70.0,15.0,0.0,42.0,20.2,0.0,0.0,0.0,この先制限速度なし,この先目立った勾配なし,先行列車なし,後続列車なし,0.0
183,Train11,次駅への減速フェーズ（駅手前400m以内）,ブレーキ（減速）中,2.0,惰行,15.0,70.0,70.0,15.0,0.0,42.0,0.0,0.0,20.0,0.0,この先制限速度なし,この先目立った勾配なし,先行列車なし,後続列車なし,0.0
184,Train11,次駅への減速フェーズ（駅手前400m以内）,ブレーキ（減速）中,8.0,惰行,15.0,70.0,70.0,20.0,0.0,13.4,4.8,0.0,0.0,0.0,この先制限速度なし,この先目立った勾配なし,先行列車なし,後続列車なし,0.0
185,Train11,次駅への減速フェーズ（駅手前400m以内）,ブレーキ（減速）中,8.0,惰行,15.0,70.0,70.0,20.0,0.0,13.4,0.0,0.0,20.0,0.0,この先制限速度なし,この先目立った勾配なし,先行列車なし,後続列車なし,0.0
186,Train11,次駅への減速フェーズ（駅手前400m以内）,ブレーキ（減速）中,2.0,惰行,15.0,70.0,70.0,20.0,0.0,13.4,4.8,0.0,0.0,0.0,この先制限速度なし,この先目立った勾配なし,先行列車なし,後続列車なし,0.0
187,Train11,次駅への減速フェーズ（駅手前400m以内）,ブレーキ（減速）中,2.0,惰行,15.0,70.0,70.0,20.0,0.0,13.4,0.0,0.0,20.0,0.0,この先制限速度なし,この先目立った勾配なし,先行列車なし,後続列車なし,0.0
188,Train11,次駅への減速フェーズ（駅手前400m以内）,ブレーキ（減速）中,8.0,惰行,15.0,70.0,70.0,20.0,0.0,17.4,6.3,0.0,0.0,0.0,この先制限速度なし,この先目立った勾配なし,先行列車なし,後続列車なし,0.0
189,Train11,次駅への減速フェーズ（駅手前400m以内）,ブレーキ（減速）中,8.0,惰行,15.0,70.0,70.0,20.0,0.0,17.4,0.0,0.0,20.0,0.0,この先制限速度なし,この先目立った勾配なし,先行列車なし,後続列車なし,0.0
190,Train11,次駅への減速フェーズ（駅手前400m以内）,ブレーキ（減速）中,2.0,惰行,15.0,70.0,70.0,20.0,0.0,17.4,6.3,0.0,0.0,0.0,この先制限速度なし,この先目立った勾配なし,先行列車なし,後続列車なし,0.0
191,Train11,次駅への減速フェーズ（駅手前400m以内）,ブレーキ（減速）中,2.0,惰行,15.0,70.0,70.0,20.0,0.0,17.4,0.0,0.0,20.0,0.0,この先制限速度なし,この先目立った勾配なし,先行列車なし,後続列車なし,0.0
192,Train11,次駅への減速フェーズ（駅手前400m以内）,ブレーキ（減速）中,8.0,惰行,15.0,70.0,70.0,20.0,0.0,19.4,7.0,0.0,0.0,0.0,この先制限速度なし,この先目立った勾配なし,先行列車なし,後続列車なし,0.0
193,Train11,次駅への減速フェーズ（駅手前400m以内）,ブレーキ（減速）中,8.0,惰行,15.0,70.0,70.0,20.0,0.0,19.4,0.0,0.0,20.0,0.0,この先制限速度なし,この先目立った勾配なし,先行列車なし,後続列車なし,0.0
194,Train11,次駅への減速フェーズ（駅手前400m以内）,ブレーキ（減速）中,2.0,惰行,15.0,70.0,70.0,20.0,0.0,19.4,7.0,0.0,0.0,0.0,この先制限速度なし,この先目立った勾配なし,先行列車なし,後続列車なし,0.0
195,Train11,次駅への減速フェーズ（駅手前400m以内）,ブレーキ（減速）中,2.0,惰行,15.0,70.0,70.0,20.0,0.0,19.4,0.0,0.0,20.0,0.0,この先制限速度なし,この先目立った勾配なし,先行列車なし,後続列車なし,0.0
196,Train11,次駅への減速フェーズ（駅手前400m以内）,ブレーキ（減速）中,8.0,惰行,15.0,70.0,70.0,20.0,0.0,21.4,7.7,0.0,0.0,0.0,この先制限速度なし,この先目立った勾配なし,先行列車なし,後続列車なし,0.0
197,Train11,次駅への減速フェーズ（駅手前400m以内）,ブレーキ（減速）中,8.0,惰行,15.0,70.0,70.0,20.0,0.0,21.4,0.0,0.0,20.0,0.0,この先制限速度なし,この先目立った勾配なし,先行列車なし,後続列車なし,0.0
198,Train11,次駅への減速フェーズ（駅手前400m以内）,ブレーキ（減速）中,2.0,惰行,15.0,70.0,70.0,20.0,0.0,21.4,7.7,0.0,0.0,0.0,この先制限速度なし,この先目立った勾配なし,先行列車なし,後続列車なし,0.0
199,Train11,次駅への減速フェーズ（駅手前400m以内）,ブレーキ（減速）中,2.0,惰行,15.0,70.0,70.0,20.0,0.0,21.4,0.0,0.0,20.0,0.0,この先制限速度なし,この先目立った勾配なし,先行列車なし,後続列車なし,0.0
200,Train11,次駅への減速フェーズ（駅手前400m以内）,ブレーキ（減速）中,8.0,惰行,15.0,70.0,70.0,20.0,0.0,22.4,8.1,0.0,0.0,0.0,この先制限速度なし,この先目立った勾配なし,先行列車なし,後続列車なし,0.0
201,Train11,次駅への減速フェーズ（駅手前400m以内）,ブレーキ（減速）中,8.0,惰行,15.0,70.0,70.0,20.0,0.0,22.4,0.0,0.0,20.0,0.0,この先制限速度なし,この先目立った勾配なし,先行列車なし,後続列車なし,0.0
202,Train11,次駅への減速フェーズ（駅手前400m以内）,ブレーキ（減速）中,2.0,惰行,15.0,70.0,70.0,20.0,0.0,22.4,8.1,0.0,0.0,0.0,この先制限速度なし,この先目立った勾配なし,先行列車なし,後続列車なし,0.0
203,Train11,次駅への減速フェーズ（駅手前400m以内）,ブレーキ（減速）中,2.0,惰行,15.0,70.0,70.0,20.0,0.0,22.4,0.0,0.0,20.0,0.0,この先制限速度なし,この先目立った勾配なし,先行列車なし,後続列車なし,0.0
204,Train11,次駅への減速フェーズ（駅手前400m以内）,ブレーキ（減速）中,8.0,惰行,15.0,70.0,70.0,20.0,0.0,23.4,8.4,0.0,0.0,0.0,この先制限速度なし,この先目立った勾配なし,先行列車なし,後続列車なし,0.0
205,Train11,次駅への減速フェーズ（駅手前400m以内）,ブレーキ（減速）中,8.0,惰行,15.0,70.0,70.0,20.0,0.0,23.4,0.0,0.0,20.0,0.0,この先制限速度なし,この先目立った勾配なし,先行列車なし,後続列車なし,0.0
206,Train11,次駅への減速フェーズ（駅手前400m以内）,ブレーキ（減速）中,2.0,惰行,15.0,70.0,70.0,20.0,0.0,23.4,8.4,0.0,0.0,0.0,この先制限速度なし,この先目立った勾配なし,先行列車なし,後続列車なし,0.0
207,Train11,次駅への減速フェーズ（駅手前400m以内）,ブレーキ（減速）中,2.0,惰行,15.0,70.0,70.0,20.0,0.0,23.4,0.0,0.0,20.0,0.0,この先制限速度なし,この先目立った勾配なし,先行列車なし,後続列車なし,0.0
208,Train11,次駅への減速フェーズ（駅手前400m以内）,ブレーキ（減速）中,8.0,惰行,15.0,70.0,70.0,20.0,0.0,25.4,9.1,0.0,0.0,0.0,この先制限速度なし,この先目立った勾配なし,先行列車なし,後続列車なし,0.0
209,Train11,次駅への減速フェーズ（駅手前400m以内）,ブレーキ（減速）中,8.0,惰行,15.0,70.0,70.0,20.0,0.0,25.4,0.0,0.0,20.0,0.0,この先制限速度なし,この先目立った勾配なし,先行列車なし,後続列車なし,0.0
210,Train11,次駅への減速フェーズ（駅手前400m以内）,ブレーキ（減速）中,2.0,惰行,15.0,70.0,70.0,20.0,0.0,25.4,9.1,0.0,0.0,0.0,この先制限速度なし,この先目立った勾配なし,先行列車なし,後続列車なし,0.0
211,Train11,次駅への減速フェーズ（駅手前400m以内）,ブレーキ（減速）中,2.0,惰行,15.0,70.0,70.0,20.0,0.0,25.4,0.0,0.0,20.0,0.0,この先制限速度なし,この先目立った勾配なし,先行列車なし,後続列車なし,0.0
212,Train11,次駅への減速フェーズ（駅手前400m以内）,ブレーキ（減速）中,8.0,惰行,15.0,70.0,70.0,20.0,0.0,29.4,10.6,0.0,0.0,0.0,この先制限速度なし,この先目立った勾配なし,先行列車なし,後続列車なし,0.0
213,Train11,次駅への減速フェーズ（駅手前400m以内）,ブレーキ（減速）中,8.0,惰行,15.0,70.0,70.0,20.0,0.0,29.4,0.0,0.0,20.0,0.0,この先制限速度なし,この先目立った勾配なし,先行列車なし,後続列車なし,0.0
214,Train11,次駅への減速フェーズ（駅手前400m以内）,ブレーキ（減速）中,2.0,惰行,15.0,70.0,70.0,20.0,0.0,29.4,10.6,0.0,0.0,0.0,この先制限速度なし,この先目立った勾配なし,先行列車なし,後続列車なし,0.0
215,Train11,次駅への減速フェーズ（駅手前400m以内）,ブレーキ（減速）中,2.0,惰行,15.0,70.0,70.0,20.0,0.0,29.4,0.0,0.0,20.0,0.0,この先制限速度なし,この先目立った勾配なし,先行列車なし,後続列車なし,0.0
216,Train11,次駅への減速フェーズ（駅手前400m以内）,ブレーキ（減速）中,8.0,惰行,15.0,70.0,70.0,20.0,0.0,36.4,13.1,0.0,0.0,0.0,この先制限速度なし,この先目立った勾配なし,先行列車なし,後続列車なし,0.0
217,Train11,次駅への減速フェーズ（駅手前400m以内）,ブレーキ（減速）中,8.0,惰行,15.0,70.0,70.0,20.0,0.0,36.4,0.0,0.0,20.0,0.0,この先制限速度なし,この先目立った勾配なし,先行列車なし,後続列車なし,0.0
218,Train11,次駅への減速フェーズ（駅手前400m以内）,ブレーキ（減速）中,2.0,惰行,15.0,70.0,70.0,20.0,0.0,36.4,13.1,0.0,0.0,0.0,この先制限速度なし,この先目立った勾配なし,先行列車なし,後続列車なし,0.0
219,Train11,次駅への減速フェーズ（駅手前400m以内）,ブレーキ（減速）中,2.0,惰行,15.0,70.0,70.0,20.0,0.0,36.4,0.0,0.0,20.0,0.0,この先制限速度なし,この先目立った勾配なし,先行列車なし,後続列車なし,0.0
220,Train11,次駅への減速フェーズ（駅手前400m以内）,ブレーキ（減速）中,8.0,惰行,15.0,70.0,70.0,20.0,0.0,51.4,18.5,0.0,0.0,0.0,この先制限速度なし,この先目立った勾配なし,先行列車なし,後続列車なし,0.0
221,Train11,次駅への減速フェーズ（駅手前400m以内）,ブレーキ（減速）中,8.0,惰行,15.0,70.0,70.0,20.0,0.0,51.4,0.0,0.0,20.0,0.0,この先制限速度なし,この先目立った勾配なし,先行列車なし,後続列車なし,0.0
222,Train11,次駅への減速フェーズ（駅手前400m以内）,ブレーキ（減速）中,2.0,惰行,15.0,70.0,70.0,20.0,0.0,51.4,18.5,0.0,0.0,0.0,この先制限速度なし,この先目立った勾配なし,先行列車なし,後続列車なし,0.0
223,Train11,次駅への減速フェーズ（駅手前400m以内）,ブレーキ（減速）中,2.0,惰行,15.0,70.0,70.0,20.0,0.0,51.4,0.0,0.0,20.0,0.0,この先制限速度なし,この先目立った勾配なし,先行列車なし,後続列車なし,0.0
224,Train11,次駅への減速フェーズ（駅手前400m以内）,ブレーキ（減速）中,8.0,惰行,15.0,70.0,70.0,25.0,0.0,25.3,7.3,0.0,0.0,0.0,この先制限速度なし,この先目立った勾配なし,先行列車なし,後続列車なし,0.0
225,Train11,次駅への減速フェーズ（駅手前400m以内）,ブレーキ（減速）中,8.0,惰行,15.0,70.0,70.0,25.0,0.0,25.3,0.0,0.0,20.0,0.0,この先制限速度なし,この先目立った勾配なし,先行列車なし,後続列車なし,0.0
226,Train11,次駅への減速フェーズ（駅手前400m以内）,ブレーキ（減速）中,2.0,惰行,15.0,70.0,70.0,25.0,0.0,25.3,7.3,0.0,0.0,0.0,この先制限速度なし,この先目立った勾配なし,先行列車なし,後続列車なし,0.0
227,Train11,次駅への減速フェーズ（駅手前400m以内）,ブレーキ（減速）中,2.0,惰行,15.0,70.0,70.0,25.0,0.0,25.3,0.0,0.0,20.0,0.0,この先制限速度なし,この先目立った勾配なし,先行列車なし,後続列車なし,0.0
228,Train11,次駅への減速フェーズ（駅手前400m以内）,ブレーキ（減速）中,8.0,惰行,15.0,70.0,70.0,25.0,0.0,29.3,8.4,0.0,0.0,0.0,この先制限速度なし,この先目立った勾配なし,先行列車なし,後続列車なし,0.0
229,Train11,次駅への減速フェーズ（駅手前400m以内）,ブレーキ（減速）中,8.0,惰行,15.0,70.0,70.0,25.0,0.0,29.3,0.0,0.0,20.0,0.0,この先制限速度なし,この先目立った勾配なし,先行列車なし,後続列車なし,0.0
230,Train11,次駅への減速フェーズ（駅手前400m以内）,ブレーキ（減速）中,2.0,惰行,15.0,70.0,70.0,25.0,0.0,29.3,8.4,0.0,0.0,0.0,この先制限速度なし,この先目立った勾配なし,先行列車なし,後続列車なし,0.0
231,Train11,次駅への減速フェーズ（駅手前400m以内）,ブレーキ（減速）中,2.0,惰行,15.0,70.0,70.0,25.0,0.0,29.3,0.0,0.0,20.0,0.0,この先制限速度なし,この先目立った勾配なし,先行列車なし,後続列車なし,0.0
232,Train11,次駅への減速フェーズ（駅手前400m以内）,ブレーキ（減速）中,8.0,惰行,15.0,70.0,70.0,25.0,0.0,31.3,9.0,0.0,0.0,0.0,この先制限速度なし,この先目立った勾配なし,先行列車なし,後続列車なし,0.0
233,Train11,次駅への減速フェーズ（駅手前400m以内）,ブレーキ（減速）中,8.0,惰行,15.0,70.0,70.0,25.0,0.0,31.3,0.0,0.0,20.0,0.0,この先制限速度なし,この先目立った勾配なし,先行列車なし,後続列車なし,0.0
234,Train11,次駅への減速フェーズ（駅手前400m以内）,ブレーキ（減速）中,2.0,惰行,15.0,70.0,70.0,25.0,0.0,31.3,9.0,0.0,0.0,0.0,この先制限速度なし,この先目立った勾配なし,先行列車なし,後続列車なし,0.0
235,Train11,次駅への減速フェーズ（駅手前400m以内）,ブレーキ（減速）中,2.0,惰行,15.0,70.0,70.0,25.0,0.0,31.3,0.0,0.0,20.0,0.0,この先制限速度なし,この先目立った勾配なし,先行列車なし,後続列車なし,0.0
236,Train11,次駅への減速フェーズ（駅手前400m以内）,ブレーキ（減速）中,8.0,惰行,15.0,70.0,70.0,25.0,0.0,33.3,9.6,0.0,0.0,0.0,この先制限速度なし,この先目立った勾配なし,先行列車なし,後続列車なし,0.0
237,Train11,次駅への減速フェーズ（駅手前400m以内）,ブレーキ（減速）中,8.0,惰行,15.0,70.0,70.0,25.0,0.0,33.3,0.0,0.0,20.0,0.0,この先制限速度なし,この先目立った勾配なし,先行列車なし,後続列車なし,0.0
238,Train11,次駅への減速フェーズ（駅手前400m以内）,ブレーキ（減速）中,2.0,惰行,15.0,70.0,70.0,25.0,0.0,33.3,9.6,0.0,0.0,0.0,この先制限速度なし,この先目立った勾配なし,先行列車なし,後続列車なし,0.0
239,Train11,次駅への減速フェーズ（駅手前400m以内）,ブレーキ（減速）中,2.0,惰行,15.0,70.0,70.0,25.0,0.0,33.3,0.0,0.0,20.0,0.0,この先制限速度なし,この先目立った勾配なし,先行列車なし,後続列車なし,0.0
240,Train11,次駅への減速フェーズ（駅手前400m以内）,ブレーキ（減速）中,8.0,惰行,15.0,70.0,70.0,25.0,0.0,34.3,9.9,0.0,0.0,0.0,この先制限速度なし,この先目立った勾配なし,先行列車なし,後続列車なし,0.0
241,Train11,次駅への減速フェーズ（駅手前400m以内）,ブレーキ（減速）中,8.0,惰行,15.0,70.0,70.0,25.0,0.0,34.3,0.0,0.0,20.0,0.0,この先制限速度なし,この先目立った勾配なし,先行列車なし,後続列車なし,0.0
242,Train11,次駅への減速フェーズ（駅手前400m以内）,ブレーキ（減速）中,2.0,惰行,15.0,70.0,70.0,25.0,0.0,34.3,9.9,0.0,0.0,0.0,この先制限速度なし,この先目立った勾配なし,先行列車なし,後続列車なし,0.0
243,Train11,次駅への減速フェーズ（駅手前400m以内）,ブレーキ（減速）中,2.0,惰行,15.0,70.0,70.0,25.0,0.0,34.3,0.0,0.0,20.0,0.0,この先制限速度なし,この先目立った勾配なし,先行列車なし,後続列車なし,0.0
244,Train11,次駅への減速フェーズ（駅手前400m以内）,ブレーキ（減速）中,8.0,惰行,15.0,70.0,70.0,25.0,0.0,35.3,10.2,0.0,0.0,0.0,この先制限速度なし,この先目立った勾配なし,先行列車なし,後続列車なし,0.0
245,Train11,次駅への減速フェーズ（駅手前400m以内）,ブレーキ（減速）中,8.0,惰行,15.0,70.0,70.0,25.0,0.0,35.3,0.0,0.0,20.0,0.0,この先制限速度なし,この先目立った勾配なし,先行列車なし,後続列車なし,0.0
246,Train11,次駅への減速フェーズ（駅手前400m以内）,ブレーキ（減速）中,2.0,惰行,15.0,70.0,70.0,25.0,0.0,35.3,10.2,0.0,0.0,0.0,この先制限速度なし,この先目立った勾配なし,先行列車なし,後続列車なし,0.0
247,Train11,次駅への減速フェーズ（駅手前400m以内）,ブレーキ（減速）中,2.0,惰行,15.0,70.0,70.0,25.0,0.0,35.3,0.0,0.0,20.0,0.0,この先制限速度なし,この先目立った勾配なし,先行列車なし,後続列車なし,0.0
248,Train11,次駅への減速フェーズ（駅手前400m以内）,ブレーキ（減速）中,8.0,惰行,15.0,70.0,70.0,25.0,0.0,37.3,10.8,0.0,0.0,0.0,この先制限速度なし,この先目立った勾配なし,先行列車なし,後続列車なし,0.0
249,Train11,次駅への減速フェーズ（駅手前400m以内）,ブレーキ（減速）中,8.0,惰行,15.0,70.0,70.0,25.0,0.0,37.3,0.0,0.0,20.0,0.0,この先制限速度なし,この先目立った勾配なし,先行列車なし,後続列車なし,0.0
250,Train11,次駅への減速フェーズ（駅手前400m以内）,ブレーキ（減速）中,2.0,惰行,15.0,70.0,70.0,25.0,0.0,37.3,10.8,0.0,0.0,0.0,この先制限速度なし,この先目立った勾配なし,先行列車なし,後続列車なし,0.0
251,Train11,次駅への減速フェーズ（駅手前400m以内）,ブレーキ（減速）中,2.0,惰行,15.0,70.0,70.0,25.0,0.0,37.3,0.0,0.0,20.0,0.0,この先制限速度なし,この先目立った勾配なし,先行列車なし,後続列車なし,0.0
252,Train11,次駅への減速フェーズ（駅手前400m以内）,ブレーキ（減速）中,8.0,惰行,15.0,70.0,70.0,25.0,0.0,41.3,11.9,0.0,0.0,0.0,この先制限速度なし,この先目立った勾配なし,先行列車なし,後続列車なし,0.0
253,Train11,次駅への減速フェーズ（駅手前400m以内）,ブレーキ（減速）中,8.0,惰行,15.0,70.0,70.0,25.0,0.0,41.3,0.0,0.0,20.0,0.0,この先制限速度なし,この先目立った勾配なし,先行列車なし,後続列車なし,0.0
254,Train11,次駅への減速フェーズ（駅手前400m以内）,ブレーキ（減速）中,2.0,惰行,15.0,70.0,70.0,25.0,0.0,41.3,11.9,0.0,0.0,0.0,この先制限速度なし,この先目立った勾配なし,先行列車なし,後続列車なし,0.0
255,Train11,次駅への減速フェーズ（駅手前400m以内）,ブレーキ（減速）中,2.0,惰行,15.0,70.0,70.0,25.0,0.0,41.3,0.0,0.0,20.0,0.0,この先制限速度なし,この先目立った勾配なし,先行列車なし,後続列車なし,0.0
256,Train11,次駅への減速フェーズ（駅手前400m以内）,ブレーキ（減速）中,8.0,惰行,15.0,70.0,70.0,25.0,0.0,48.3,13.9,0.0,0.0,0.0,この先制限速度なし,この先目立った勾配なし,先行列車なし,後続列車なし,0.0
257,Train11,次駅への減速フェーズ（駅手前400m以内）,ブレーキ（減速）中,8.0,惰行,15.0,70.0,70.0,25.0,0.0,48.3,0.0,0.0,20.0,0.0,この先制限速度なし,この先目立った勾配なし,先行列車なし,後続列車なし,0.0
258,Train11,次駅への減速フェーズ（駅手前400m以内）,ブレーキ（減速）中,2.0,惰行,15.0,70.0,70.0,25.0,0.0,48.3,13.9,0.0,0.0,0.0,この先制限速度なし,この先目立った勾配なし,先行列車なし,後続列車なし,0.0
259,Train11,次駅への減速フェーズ（駅手前400m以内）,ブレーキ（減速）中,2.0,惰行,15.0,70.0,70.0,25.0,0.0,48.3,0.0,0.0,20.0,0.0,この先制限速度なし,この先目立った勾配なし,先行列車なし,後続列車なし,0.0
260,Train11,次駅への減速フェーズ（駅手前400m以内）,ブレーキ（減速）中,8.0,惰行,15.0,70.0,70.0,25.0,0.0,63.3,18.2,0.0,0.0,0.0,この先制限速度なし,この先目立った勾配なし,先行列車なし,後続列車なし,0.0
261,Train11,次駅への減速フェーズ（駅手前400m以内）,ブレーキ（減速）中,8.0,惰行,15.0,70.0,70.0,25.0,0.0,63.3,0.0,0.0,20.0,0.0,この先制限速度なし,この先目立った勾配なし,先行列車なし,後続列車なし,0.0
262,Train11,次駅への減速フェーズ（駅手前400m以内）,ブレーキ（減速）中,2.0,惰行,15.0,70.0,70.0,25.0,0.0,63.3,18.2,0.0,0.0,0.0,この先制限速度なし,この先目立った勾配なし,先行列車なし,後続列車なし,0.0
263,Train11,次駅への減速フェーズ（駅手前400m以内）,ブレーキ（減速）中,2.0,惰行,15.0,70.0,70.0,25.0,0.0,63.3,0.0,0.0,20.0,0.0,この先制限速度なし,この先目立った勾配なし,先行列車なし,後続列車なし,0.0
264,Train11,次駅への減速フェーズ（駅手前400m以内）,ブレーキ（減速）中,8.0,惰行,15.0,70.0,70.0,30.0,0.0,39.9,9.6,0.0,0.0,0.0,この先制限速度なし,この先目立った勾配なし,先行列車なし,後続列車なし,0.0
265,Train11,次駅への減速フェーズ（駅手前400m以内）,ブレーキ（減速）中,8.0,惰行,15.0,70.0,70.0,30.0,0.0,39.9,0.0,0.0,20.0,0.0,この先制限速度なし,この先目立った勾配なし,先行列車なし,後続列車なし,0.0
266,Train11,次駅への減速フェーズ（駅手前400m以内）,ブレーキ（減速）中,2.0,惰行,15.0,70.0,70.0,30.0,0.0,39.9,9.6,0.0,0.0,0.0,この先制限速度なし,この先目立った勾配なし,先行列車なし,後続列車なし,0.0
267,Train11,次駅への減速フェーズ（駅手前400m以内）,ブレーキ（減速）中,2.0,惰行,15.0,70.0,70.0,30.0,0.0,39.9,0.0,0.0,20.0,0.0,この先制限速度なし,この先目立った勾配なし,先行列車なし,後続列車なし,0.0
268,Train11,次駅への減速フェーズ（駅手前400m以内）,ブレーキ（減速）中,8.0,惰行,15.0,70.0,70.0,30.0,0.0,43.9,10.5,0.0,0.0,0.0,この先制限速度なし,この先目立った勾配なし,先行列車なし,後続列車なし,0.0
269,Train11,次駅への減速フェーズ（駅手前400m以内）,ブレーキ（減速）中,8.0,惰行,15.0,70.0,70.0,30.0,0.0,43.9,0.0,0.0,20.0,0.0,この先制限速度なし,この先目立った勾配なし,先行列車なし,後続列車なし,0.0
270,Train11,次駅への減速フェーズ（駅手前400m以内）,ブレーキ（減速）中,2.0,惰行,15.0,70.0,70.0,30.0,0.0,43.9,10.5,0.0,0.0,0.0,この先制限速度なし,この先目立った勾配なし,先行列車なし,後続列車なし,0.0
271,Train11,次駅への減速フェーズ（駅手前400m以内）,ブレーキ（減速）中,2.0,惰行,15.0,70.0,70.0,30.0,0.0,43.9,0.0,0.0,20.0,0.0,この先制限速度なし,この先目立った勾配なし,先行列車なし,後続列車なし,0.0
272,Train11,次駅への減速フェーズ（駅手前400m以内）,ブレーキ（減速）中,8.0,惰行,15.0,70.0,70.0,30.0,0.0,45.9,11.0,0.0,0.0,0.0,この先制限速度なし,この先目立った勾配なし,先行列車なし,後続列車なし,0.0
273,Train11,次駅への減速フェーズ（駅手前400m以内）,ブレーキ（減速）中,8.0,惰行,15.0,70.0,70.0,30.0,0.0,45.9,0.0,0.0,20.0,0.0,この先制限速度なし,この先目立った勾配なし,先行列車なし,後続列車なし,0.0
274,Train11,次駅への減速フェーズ（駅手前400m以内）,ブレーキ（減速）中,2.0,惰行,15.0,70.0,70.0,30.0,0.0,45.9,11.0,0.0,0.0,0.0,この先制限速度なし,この先目立った勾配なし,先行列車なし,後続列車なし,0.0
275,Train11,次駅への減速フェーズ（駅手前400m以内）,ブレーキ（減速）中,2.0,惰行,15.0,70.0,70.0,30.0,0.0,45.9,0.0,0.0,20.0,0.0,この先制限速度なし,この先目立った勾配なし,先行列車なし,後続列車なし,0.0
276,Train11,次駅への減速フェーズ（駅手前400m以内）,ブレーキ（減速）中,8.0,惰行,15.0,70.0,70.0,30.0,0.0,47.9,11.5,0.0,0.0,0.0,この先制限速度なし,この先目立った勾配なし,先行列車なし,後続列車なし,0.0
277,Train11,次駅への減速フェーズ（駅手前400m以内）,ブレーキ（減速）中,8.0,惰行,15.0,70.0,70.0,30.0,0.0,47.9,0.0,0.0,20.0,0.0,この先制限速度なし,この先目立った勾配なし,先行列車なし,後続列車なし,0.0
278,Train11,次駅への減速フェーズ（駅手前400m以内）,ブレーキ（減速）中,2.0,惰行,15.0,70.0,70.0,30.0,0.0,47.9,11.5,0.0,0.0,0.0,この先制限速度なし,この先目立った勾配なし,先行列車なし,後続列車なし,0.0
279,Train11,次駅への減速フェーズ（駅手前400m以内）,ブレーキ（減速）中,2.0,惰行,15.0,70.0,70.0,30.0,0.0,47.9,0.0,0.0,20.0,0.0,この先制限速度なし,この先目立った勾配なし,先行列車なし,後続列車なし,0.0
280,Train11,次駅への減速フェーズ（駅手前400m以内）,ブレーキ（減速）中,8.0,惰行,15.0,70.0,70.0,30.0,0.0,48.9,11.7,0.0,0.0,0.0,この先制限速度なし,この先目立った勾配なし,先行列車なし,後続列車なし,0.0
281,Train11,次駅への減速フェーズ（駅手前400m以内）,ブレーキ（減速）中,8.0,惰行,15.0,70.0,70.0,30.0,0.0,48.9,0.0,0.0,20.0,0.0,この先制限速度なし,この先目立った勾配なし,先行列車なし,後続列車なし,0.0
282,Train11,次駅への減速フェーズ（駅手前400m以内）,ブレーキ（減速）中,2.0,惰行,15.0,70.0,70.0,30.0,0.0,48.9,11.7,0.0,0.0,0.0,この先制限速度なし,この先目立った勾配なし,先行列車なし,後続列車なし,0.0
283,Train11,次駅への減速フェーズ（駅手前400m以内）,ブレーキ（減速）中,2.0,惰行,15.0,70.0,70.0,30.0,0.0,48.9,0.0,0.0,20.0,0.0,この先制限速度なし,この先目立った勾配なし,先行列車なし,後続列車なし,0.0
284,Train11,次駅への減速フェーズ（駅手前400m以内）,ブレーキ（減速）中,8.0,惰行,15.0,70.0,70.0,30.0,0.0,49.9,12.0,0.0,0.0,0.0,この先制限速度なし,この先目立った勾配なし,先行列車なし,後続列車なし,0.0
285,Train11,次駅への減速フェーズ（駅手前400m以内）,ブレーキ（減速）中,8.0,惰行,15.0,70.0,70.0,30.0,0.0,49.9,0.0,0.0,20.0,0.0,この先制限速度なし,この先目立った勾配なし,先行列車なし,後続列車なし,0.0
286,Train11,次駅への減速フェーズ（駅手前400m以内）,ブレーキ（減速）中,2.0,惰行,15.0,70.0,70.0,30.0,0.0,49.9,12.0,0.0,0.0,0.0,この先制限速度なし,この先目立った勾配なし,先行列車なし,後続列車なし,0.0
287,Train11,次駅への減速フェーズ（駅手前400m以内）,ブレーキ（減速）中,2.0,惰行,15.0,70.0,70.0,30.0,0.0,49.9,0.0,0.0,20.0,0.0,この先制限速度なし,この先目立った勾配なし,先行列車なし,後続列車なし,0.0
288,Train11,次駅への減速フェーズ（駅手前400m以内）,ブレーキ（減速）中,8.0,惰行,15.0,70.0,70.0,30.0,0.0,51.9,12.5,0.0,0.0,0.0,この先制限速度なし,この先目立った勾配なし,先行列車なし,後続列車なし,0.0
289,Train11,次駅への減速フェーズ（駅手前400m以内）,ブレーキ（減速）中,8.0,惰行,15.0,70.0,70.0,30.0,0.0,51.9,0.0,0.0,20.0,0.0,この先制限速度なし,この先目立った勾配なし,先行列車なし,後続列車なし,0.0
290,Train11,次駅への減速フェーズ（駅手前400m以内）,ブレーキ（減速）中,2.0,惰行,15.0,70.0,70.0,30.0,0.0,51.9,12.5,0.0,0.0,0.0,この先制限速度なし,この先目立った勾配なし,先行列車なし,後続列車なし,0.0
291,Train11,次駅への減速フェーズ（駅手前400m以内）,ブレーキ（減速）中,2.0,惰行,15.0,70.0,70.0,30.0,0.0,51.9,0.0,0.0,20.0,0.0,この先制限速度なし,この先目立った勾配なし,先行列車なし,後続列車なし,0.0
292,Train11,次駅への減速フェーズ（駅手前400m以内）,ブレーキ（減速）中,8.0,惰行,15.0,70.0,70.0,30.0,0.0,55.9,13.4,0.0,0.0,0.0,この先制限速度なし,この先目立った勾配なし,先行列車なし,後続列車なし,0.0
293,Train11,次駅への減速フェーズ（駅手前400m以内）,ブレーキ（減速）中,8.0,惰行,15.0,70.0,70.0,30.0,0.0,55.9,0.0,0.0,20.0,0.0,この先制限速度なし,この先目立った勾配なし,先行列車なし,後続列車なし,0.0
294,Train11,次駅への減速フェーズ（駅手前400m以内）,ブレーキ（減速）中,2.0,惰行,15.0,70.0,70.0,30.0,0.0,55.9,13.4,0.0,0.0,0.0,この先制限速度なし,この先目立った勾配なし,先行列車なし,後続列車なし,0.0
295,Train11,次駅への減速フェーズ（駅手前400m以内）,ブレーキ（減速）中,2.0,惰行,15.0,70.0,70.0,30.0,0.0,55.9,0.0,0.0,20.0,0.0,この先制限速度なし,この先目立った勾配なし,先行列車なし,後続列車なし,0.0
296,Train11,次駅への減速フェーズ（駅手前400m以内）,ブレーキ（減速）中,8.0,惰行,15.0,70.0,70.0,30.0,0.0,62.9,15.1,0.0,0.0,0.0,この先制限速度なし,この先目立った勾配なし,先行列車なし,後続列車なし,0.0
297,Train11,次駅への減速フェーズ（駅手前400m以内）,ブレーキ（減速）中,8.0,惰行,15.0,70.0,70.0,30.0,0.0,62.9,0.0,0.0,20.0,0.0,この先制限速度なし,この先目立った勾配なし,先行列車なし,後続列車なし,0.0
298,Train11,次駅への減速フェーズ（駅手前400m以内）,ブレーキ（減速）中,2.0,惰行,15.0,70.0,70.0,30.0,0.0,62.9,15.1,0.0,0.0,0.0,この先制限速度なし,この先目立った勾配なし,先行列車なし,後続列車なし,0.0
299,Train11,次駅への減速フェーズ（駅手前400m以内）,ブレーキ（減速）中,2.0,惰行,15.0,70.0,70.0,30.0,0.0,62.9,0.0,0.0,20.0,0.0,この先制限速度なし,この先目立った勾配なし,先行列車なし,後続列車なし,0.0
300,Train11,次駅への減速フェーズ（駅手前400m以内）,ブレーキ（減速）中,8.0,惰行,15.0,70.0,70.0,30.0,0.0,77.9,18.7,0.0,0.0,0.0,この先制限速度なし,この先目立った勾配なし,先行列車なし,後続列車なし,0.0
301,Train11,次駅への減速フェーズ（駅手前400m以内）,ブレーキ（減速）中,8.0,惰行,15.0,70.0,70.0,30.0,0.0,77.9,0.0,0.0,20.0,0.0,この先制限速度なし,この先目立った勾配なし,先行列車なし,後続列車なし,0.0
302,Train11,次駅への減速フェーズ（駅手前400m以内）,ブレーキ（減速）中,2.0,惰行,15.0,70.0,70.0,30.0,0.0,77.9,18.7,0.0,0.0,0.0,この先制限速度なし,この先目立った勾配なし,先行列車なし,後続列車なし,0.0
303,Train11,次駅への減速フェーズ（駅手前400m以内）,ブレーキ（減速）中,2.0,惰行,15.0,70.0,70.0,30.0,0.0,77.9,0.0,0.0,20.0,0.0,この先制限速度なし,この先目立った勾配なし,先行列車なし,後続列車なし,0.0
304,Train11,次駅への減速フェーズ（駅手前400m以内）,ブレーキ（減速）中,8.0,惰行,15.0,70.0,70.0,35.0,0.0,57.0,11.7,0.0,0.0,0.0,この先制限速度なし,この先目立った勾配なし,先行列車なし,後続列車なし,0.0
305,Train11,次駅への減速フェーズ（駅手前400m以内）,ブレーキ（減速）中,8.0,惰行,15.0,70.0,70.0,35.0,0.0,57.0,0.0,0.0,20.0,0.0,この先制限速度なし,この先目立った勾配なし,先行列車なし,後続列車なし,0.0
306,Train11,次駅への減速フェーズ（駅手前400m以内）,ブレーキ（減速）中,2.0,惰行,15.0,70.0,70.0,35.0,0.0,57.0,11.7,0.0,0.0,0.0,この先制限速度なし,この先目立った勾配なし,先行列車なし,後続列車なし,0.0
307,Train11,次駅への減速フェーズ（駅手前400m以内）,ブレーキ（減速）中,2.0,惰行,15.0,70.0,70.0,35.0,0.0,57.0,0.0,0.0,20.0,0.0,この先制限速度なし,この先目立った勾配なし,先行列車なし,後続列車なし,0.0
308,Train11,次駅への減速フェーズ（駅手前400m以内）,ブレーキ（減速）中,8.0,惰行,15.0,70.0,70.0,35.0,0.0,61.0,12.6,0.0,0.0,0.0,この先制限速度なし,この先目立った勾配なし,先行列車なし,後続列車なし,0.0
309,Train11,次駅への減速フェーズ（駅手前400m以内）,ブレーキ（減速）中,8.0,惰行,15.0,70.0,70.0,35.0,0.0,61.0,0.0,0.0,20.0,0.0,この先制限速度なし,この先目立った勾配なし,先行列車なし,後続列車なし,0.0
310,Train11,次駅への減速フェーズ（駅手前400m以内）,ブレーキ（減速）中,2.0,惰行,15.0,70.0,70.0,35.0,0.0,61.0,12.6,0.0,0.0,0.0,この先制限速度なし,この先目立った勾配なし,先行列車なし,後続列車なし,0.0
311,Train11,次駅への減速フェーズ（駅手前400m以内）,ブレーキ（減速）中,2.0,惰行,15.0,70.0,70.0,35.0,0.0,61.0,0.0,0.0,20.0,0.0,この先制限速度なし,この先目立った勾配なし,先行列車なし,後続列車なし,0.0
312,Train11,次駅への減速フェーズ（駅手前400m以内）,ブレーキ（減速）中,8.0,惰行,15.0,70.0,70.0,35.0,0.0,63.0,13.0,0.0,0.0,0.0,この先制限速度なし,この先目立った勾配なし,先行列車なし,後続列車なし,0.0
313,Train11,次駅への減速フェーズ（駅手前400m以内）,ブレーキ（減速）中,8.0,惰行,15.0,70.0,70.0,35.0,0.0,63.0,0.0,0.0,20.0,0.0,この先制限速度なし,この先目立った勾配なし,先行列車なし,後続列車なし,0.0
314,Train11,次駅への減速フェーズ（駅手前400m以内）,ブレーキ（減速）中,2.0,惰行,15.0,70.0,70.0,35.0,0.0,63.0,13.0,0.0,0.0,0.0,この先制限速度なし,この先目立った勾配なし,先行列車なし,後続列車なし,0.0
315,Train11,次駅への減速フェーズ（駅手前400m以内）,ブレーキ（減速）中,2.0,惰行,15.0,70.0,70.0,35.0,0.0,63.0,0.0,0.0,20.0,0.0,この先制限速度なし,この先目立った勾配なし,先行列車なし,後続列車なし,0.0
316,Train11,次駅への減速フェーズ（駅手前400m以内）,ブレーキ（減速）中,8.0,惰行,15.0,70.0,70.0,35.0,0.0,65.0,13.4,0.0,0.0,0.0,この先制限速度なし,この先目立った勾配なし,先行列車なし,後続列車なし,0.0
317,Train11,次駅への減速フェーズ（駅手前400m以内）,ブレーキ（減速）中,8.0,惰行,15.0,70.0,70.0,35.0,0.0,65.0,0.0,0.0,20.0,0.0,この先制限速度なし,この先目立った勾配なし,先行列車なし,後続列車なし,0.0
318,Train11,次駅への減速フェーズ（駅手前400m以内）,ブレーキ（減速）中,2.0,惰行,15.0,70.0,70.0,35.0,0.0,65.0,13.4,0.0,0.0,0.0,この先制限速度なし,この先目立った勾配なし,先行列車なし,後続列車なし,0.0
319,Train11,次駅への減速フェーズ（駅手前400m以内）,ブレーキ（減速）中,2.0,惰行,15.0,70.0,70.0,35.0,0.0,65.0,0.0,0.0,20.0,0.0,この先制限速度なし,この先目立った勾配なし,先行列車なし,後続列車なし,0.0
320,Train11,次駅への減速フェーズ（駅手前400m以内）,ブレーキ（減速）中,8.0,惰行,15.0,70.0,70.0,35.0,0.0,66.0,13.6,0.0,0.0,0.0,この先制限速度なし,この先目立った勾配なし,先行列車なし,後続列車なし,0.0
321,Train11,次駅への減速フェーズ（駅手前400m以内）,ブレーキ（減速）中,8.0,惰行,15.0,70.0,70.0,35.0,0.0,66.0,0.0,0.0,20.0,0.0,この先制限速度なし,この先目立った勾配なし,先行列車なし,後続列車なし,0.0
322,Train11,次駅への減速フェーズ（駅手前400m以内）,ブレーキ（減速）中,2.0,惰行,15.0,70.0,70.0,35.0,0.0,66.0,13.6,0.0,0.0,0.0,この先制限速度なし,この先目立った勾配なし,先行列車なし,後続列車なし,0.0
323,Train11,次駅への減速フェーズ（駅手前400m以内）,ブレーキ（減速）中,2.0,惰行,15.0,70.0,70.0,35.0,0.0,66.0,0.0,0.0,20.0,0.0,この先制限速度なし,この先目立った勾配なし,先行列車なし,後続列車なし,0.0
324,Train11,次駅への減速フェーズ（駅手前400m以内）,ブレーキ（減速）中,8.0,惰行,15.0,70.0,70.0,35.0,0.0,67.0,13.8,0.0,0.0,0.0,この先制限速度なし,この先目立った勾配なし,先行列車なし,後続列車なし,0.0
325,Train11,次駅への減速フェーズ（駅手前400m以内）,ブレーキ（減速）中,8.0,惰行,15.0,70.0,70.0,35.0,0.0,67.0,0.0,0.0,20.0,0.0,この先制限速度なし,この先目立った勾配なし,先行列車なし,後続列車なし,0.0
326,Train11,次駅への減速フェーズ（駅手前400m以内）,ブレーキ（減速）中,2.0,惰行,15.0,70.0,70.0,35.0,0.0,67.0,13.8,0.0,0.0,0.0,この先制限速度なし,この先目立った勾配なし,先行列車なし,後続列車なし,0.0
327,Train11,次駅への減速フェーズ（駅手前400m以内）,ブレーキ（減速）中,2.0,惰行,15.0,70.0,70.0,35.0,0.0,67.0,0.0,0.0,20.0,0.0,この先制限速度なし,この先目立った勾配なし,先行列車なし,後続列車なし,0.0
328,Train11,次駅への減速フェーズ（駅手前400m以内）,ブレーキ（減速）中,8.0,惰行,15.0,70.0,70.0,35.0,0.0,69.0,14.2,0.0,0.0,0.0,この先制限速度なし,この先目立った勾配なし,先行列車なし,後続列車なし,0.0
329,Train11,次駅への減速フェーズ（駅手前400m以内）,ブレーキ（減速）中,8.0,惰行,15.0,70.0,70.0,35.0,0.0,69.0,0.0,0.0,20.0,0.0,この先制限速度なし,この先目立った勾配なし,先行列車なし,後続列車なし,0.0
330,Train11,次駅への減速フェーズ（駅手前400m以内）,ブレーキ（減速）中,2.0,惰行,15.0,70.0,70.0,35.0,0.0,69.0,14.2,0.0,0.0,0.0,この先制限速度なし,この先目立った勾配なし,先行列車なし,後続列車なし,0.0
331,Train11,次駅への減速フェーズ（駅手前400m以内）,ブレーキ（減速）中,2.0,惰行,15.0,70.0,70.0,35.0,0.0,69.0,0.0,0.0,20.0,0.0,この先制限速度なし,この先目立った勾配なし,先行列車なし,後続列車なし,0.0
332,Train11,次駅への減速フェーズ（駅手前400m以内）,ブレーキ（減速）中,8.0,惰行,15.0,70.0,70.0,35.0,0.0,73.0,15.0,0.0,0.0,0.0,この先制限速度なし,この先目立った勾配なし,先行列車なし,後続列車なし,0.0
333,Train11,次駅への減速フェーズ（駅手前400m以内）,ブレーキ（減速）中,8.0,惰行,15.0,70.0,70.0,35.0,0.0,73.0,0.0,0.0,20.0,0.0,この先制限速度なし,この先目立った勾配なし,先行列車なし,後続列車なし,0.0
334,Train11,次駅への減速フェーズ（駅手前400m以内）,ブレーキ（減速）中,2.0,惰行,15.0,70.0,70.0,35.0,0.0,73.0,15.0,0.0,0.0,0.0,この先制限速度なし,この先目立った勾配なし,先行列車なし,後続列車なし,0.0
335,Train11,次駅への減速フェーズ（駅手前400m以内）,ブレーキ（減速）中,2.0,惰行,15.0,70.0,70.0,35.0,0.0,73.0,0.0,0.0,20.0,0.0,この先制限速度なし,この先目立った勾配なし,先行列車なし,後続列車なし,0.0
336,Train11,次駅への減速フェーズ（駅手前400m以内）,ブレーキ（減速）中,8.0,惰行,15.0,70.0,70.0,35.0,0.0,80.0,16.5,0.0,0.0,0.0,この先制限速度なし,この先目立った勾配なし,先行列車なし,後続列車なし,0.0
337,Train11,次駅への減速フェーズ（駅手前400m以内）,ブレーキ（減速）中,8.0,惰行,15.0,70.0,70.0,35.0,0.0,80.0,0.0,0.0,20.0,0.0,この先制限速度なし,この先目立った勾配なし,先行列車なし,後続列車なし,0.0
338,Train11,次駅への減速フェーズ（駅手前400m以内）,ブレーキ（減速）中,2.0,惰行,15.0,70.0,70.0,35.0,0.0,80.0,16.5,0.0,0.0,0.0,この先制限速度なし,この先目立った勾配なし,先行列車なし,後続列車なし,0.0
339,Train11,次駅への減速フェーズ（駅手前400m以内）,ブレーキ（減速）中,2.0,惰行,15.0,70.0,70.0,35.0,0.0,80.0,0.0,0.0,20.0,0.0,この先制限速度なし,この先目立った勾配なし,先行列車なし,後続列車なし,0.0
340,Train11,次駅への減速フェーズ（駅手前400m以内）,ブレーキ（減速）中,8.0,惰行,15.0,70.0,70.0,35.0,0.0,95.0,19.6,0.0,0.0,0.0,この先制限速度なし,この先目立った勾配なし,先行列車なし,後続列車なし,0.0
341,Train11,次駅への減速フェーズ（駅手前400m以内）,ブレーキ（減速）中,8.0,惰行,15.0,70.0,70.0,35.0,0.0,95.0,0.0,0.0,20.0,0.0,この先制限速度なし,この先目立った勾配なし,先行列車なし,後続列車なし,0.0
342,Train11,次駅への減速フェーズ（駅手前400m以内）,ブレーキ（減速）中,2.0,惰行,15.0,70.0,70.0,35.0,0.0,95.0,19.6,0.0,0.0,0.0,この先制限速度なし,この先目立った勾配なし,先行列車なし,後続列車なし,0.0
343,Train11,次駅への減速フェーズ（駅手前400m以内）,ブレーキ（減速）中,2.0,惰行,15.0,70.0,70.0,35.0,0.0,95.0,0.0,0.0,20.0,0.0,この先制限速度なし,この先目立った勾配なし,先行列車なし,後続列車なし,0.0
344,Train11,次駅への減速フェーズ（駅手前400m以内）,ブレーキ（減速）中,8.0,惰行,15.0,70.0,70.0,40.0,0.0,76.7,13.8,0.0,0.0,0.0,この先制限速度なし,この先目立った勾配なし,先行列車なし,後続列車なし,0.0
345,Train11,次駅への減速フェーズ（駅手前400m以内）,ブレーキ（減速）中,8.0,惰行,15.0,70.0,70.0,40.0,0.0,76.7,0.0,0.0,20.0,0.0,この先制限速度なし,この先目立った勾配なし,先行列車なし,後続列車なし,0.0
346,Train11,次駅への減速フェーズ（駅手前400m以内）,ブレーキ（減速）中,2.0,惰行,15.0,70.0,70.0,40.0,0.0,76.7,13.8,0.0,0.0,0.0,この先制限速度なし,この先目立った勾配なし,先行列車なし,後続列車なし,0.0
347,Train11,次駅への減速フェーズ（駅手前400m以内）,ブレーキ（減速）中,2.0,惰行,15.0,70.0,70.0,40.0,0.0,76.7,0.0,0.0,20.0,0.0,この先制限速度なし,この先目立った勾配なし,先行列車なし,後続列車なし,0.0
348,Train11,次駅への減速フェーズ（駅手前400m以内）,ブレーキ（減速）中,8.0,惰行,15.0,70.0,70.0,40.0,0.0,80.7,14.5,0.0,0.0,0.0,この先制限速度なし,この先目立った勾配なし,先行列車なし,後続列車なし,0.0
349,Train11,次駅への減速フェーズ（駅手前400m以内）,ブレーキ（減速）中,8.0,惰行,15.0,70.0,70.0,40.0,0.0,80.7,0.0,0.0,20.0,0.0,この先制限速度なし,この先目立った勾配なし,先行列車なし,後続列車なし,0.0
350,Train11,次駅への減速フェーズ（駅手前400m以内）,ブレーキ（減速）中,2.0,惰行,15.0,70.0,70.0,40.0,0.0,80.7,14.5,0.0,0.0,0.0,この先制限速度なし,この先目立った勾配なし,先行列車なし,後続列車なし,0.0
351,Train11,次駅への減速フェーズ（駅手前400m以内）,ブレーキ（減速）中,2.0,惰行,15.0,70.0,70.0,40.0,0.0,80.7,0.0,0.0,20.0,0.0,この先制限速度なし,この先目立った勾配なし,先行列車なし,後続列車なし,0.0
352,Train11,次駅への減速フェーズ（駅手前400m以内）,ブレーキ（減速）中,8.0,惰行,15.0,70.0,70.0,40.0,0.0,82.7,14.9,0.0,0.0,0.0,この先制限速度なし,この先目立った勾配なし,先行列車なし,後続列車なし,0.0
353,Train11,次駅への減速フェーズ（駅手前400m以内）,ブレーキ（減速）中,8.0,惰行,15.0,70.0,70.0,40.0,0.0,82.7,0.0,0.0,20.0,0.0,この先制限速度なし,この先目立った勾配なし,先行列車なし,後続列車なし,0.0
354,Train11,次駅への減速フェーズ（駅手前400m以内）,ブレーキ（減速）中,2.0,惰行,15.0,70.0,70.0,40.0,0.0,82.7,14.9,0.0,0.0,0.0,この先制限速度なし,この先目立った勾配なし,先行列車なし,後続列車なし,0.0
355,Train11,次駅への減速フェーズ（駅手前400m以内）,ブレーキ（減速）中,2.0,惰行,15.0,70.0,70.0,40.0,0.0,82.7,0.0,0.0,20.0,0.0,この先制限速度なし,この先目立った勾配なし,先行列車なし,後続列車なし,0.0
356,Train11,次駅への減速フェーズ（駅手前400m以内）,ブレーキ（減速）中,8.0,惰行,15.0,70.0,70.0,40.0,0.0,84.7,15.3,0.0,0.0,0.0,この先制限速度なし,この先目立った勾配なし,先行列車なし,後続列車なし,0.0
357,Train11,次駅への減速フェーズ（駅手前400m以内）,ブレーキ（減速）中,8.0,惰行,15.0,70.0,70.0,40.0,0.0,84.7,0.0,0.0,20.0,0.0,この先制限速度なし,この先目立った勾配なし,先行列車なし,後続列車なし,0.0
358,Train11,次駅への減速フェーズ（駅手前400m以内）,ブレーキ（減速）中,2.0,惰行,15.0,70.0,70.0,40.0,0.0,84.7,15.3,0.0,0.0,0.0,この先制限速度なし,この先目立った勾配なし,先行列車なし,後続列車なし,0.0
359,Train11,次駅への減速フェーズ（駅手前400m以内）,ブレーキ（減速）中,2.0,惰行,15.0,70.0,70.0,40.0,0.0,84.7,0.0,0.0,20.0,0.0,この先制限速度なし,この先目立った勾配なし,先行列車なし,後続列車なし,0.0
360,Train11,次駅への減速フェーズ（駅手前400m以内）,ブレーキ（減速）中,8.0,惰行,15.0,70.0,70.0,40.0,0.0,85.7,15.4,0.0,0.0,0.0,この先制限速度なし,この先目立った勾配なし,先行列車なし,後続列車なし,0.0
361,Train11,次駅への減速フェーズ（駅手前400m以内）,ブレーキ（減速）中,8.0,惰行,15.0,70.0,70.0,40.0,0.0,85.7,0.0,0.0,20.0,0.0,この先制限速度なし,この先目立った勾配なし,先行列車なし,後続列車なし,0.0
362,Train11,次駅への減速フェーズ（駅手前400m以内）,ブレーキ（減速）中,2.0,惰行,15.0,70.0,70.0,40.0,0.0,85.7,15.4,0.0,0.0,0.0,この先制限速度なし,この先目立った勾配なし,先行列車なし,後続列車なし,0.0
363,Train11,次駅への減速フェーズ（駅手前400m以内）,ブレーキ（減速）中,2.0,惰行,15.0,70.0,70.0,40.0,0.0,85.7,0.0,0.0,20.0,0.0,この先制限速度なし,この先目立った勾配なし,先行列車なし,後続列車なし,0.0
364,Train11,次駅への減速フェーズ（駅手前400m以内）,ブレーキ（減速）中,8.0,惰行,15.0,70.0,70.0,40.0,0.0,86.7,15.6,0.0,0.0,0.0,この先制限速度なし,この先目立った勾配なし,先行列車なし,後続列車なし,0.0
365,Train11,次駅への減速フェーズ（駅手前400m以内）,ブレーキ（減速）中,8.0,惰行,15.0,70.0,70.0,40.0,0.0,86.7,0.0,0.0,20.0,0.0,この先制限速度なし,この先目立った勾配なし,先行列車なし,後続列車なし,0.0
366,Train11,次駅への減速フェーズ（駅手前400m以内）,ブレーキ（減速）中,2.0,惰行,15.0,70.0,70.0,40.0,0.0,86.7,15.6,0.0,0.0,0.0,この先制限速度なし,この先目立った勾配なし,先行列車なし,後続列車なし,0.0
367,Train11,次駅への減速フェーズ（駅手前400m以内）,ブレーキ（減速）中,2.0,惰行,15.0,70.0,70.0,40.0,0.0,86.7,0.0,0.0,20.0,0.0,この先制限速度なし,この先目立った勾配なし,先行列車なし,後続列車なし,0.0
368,Train11,次駅への減速フェーズ（駅手前400m以内）,ブレーキ（減速）中,8.0,惰行,15.0,70.0,70.0,40.0,0.0,88.7,16.0,0.0,0.0,0.0,この先制限速度なし,この先目立った勾配なし,先行列車なし,後続列車なし,0.0
369,Train11,次駅への減速フェーズ（駅手前400m以内）,ブレーキ（減速）中,8.0,惰行,15.0,70.0,70.0,40.0,0.0,88.7,0.0,0.0,20.0,0.0,この先制限速度なし,この先目立った勾配なし,先行列車なし,後続列車なし,0.0
370,Train11,次駅への減速フェーズ（駅手前400m以内）,ブレーキ（減速）中,2.0,惰行,15.0,70.0,70.0,40.0,0.0,88.7,16.0,0.0,0.0,0.0,この先制限速度なし,この先目立った勾配なし,先行列車なし,後続列車なし,0.0
371,Train11,次駅への減速フェーズ（駅手前400m以内）,ブレーキ（減速）中,2.0,惰行,15.0,70.0,70.0,40.0,0.0,88.7,0.0,0.0,20.0,0.0,この先制限速度なし,この先目立った勾配なし,先行列車なし,後続列車なし,0.0
372,Train11,次駅への減速フェーズ（駅手前400m以内）,ブレーキ（減速）中,8.0,惰行,15.0,70.0,70.0,40.0,0.0,92.7,16.7,0.0,0.0,0.0,この先制限速度なし,この先目立った勾配なし,先行列車なし,後続列車なし,0.0
373,Train11,次駅への減速フェーズ（駅手前400m以内）,ブレーキ（減速）中,8.0,惰行,15.0,70.0,70.0,40.0,0.0,92.7,0.0,0.0,20.0,0.0,この先制限速度なし,この先目立った勾配なし,先行列車なし,後続列車なし,0.0
374,Train11,次駅への減速フェーズ（駅手前400m以内）,ブレーキ（減速）中,2.0,惰行,15.0,70.0,70.0,40.0,0.0,92.7,16.7,0.0,0.0,0.0,この先制限速度なし,この先目立った勾配なし,先行列車なし,後続列車なし,0.0
375,Train11,次駅への減速フェーズ（駅手前400m以内）,ブレーキ（減速）中,2.0,惰行,15.0,70.0,70.0,40.0,0.0,92.7,0.0,0.0,20.0,0.0,この先制限速度なし,この先目立った勾配なし,先行列車なし,後続列車なし,0.0
376,Train11,次駅への減速フェーズ（駅手前400m以内）,ブレーキ（減速）中,8.0,惰行,15.0,70.0,70.0,40.0,0.0,99.7,18.0,0.0,0.0,0.0,この先制限速度なし,この先目立った勾配なし,先行列車なし,後続列車なし,0.0
377,Train11,次駅への減速フェーズ（駅手前400m以内）,ブレーキ（減速）中,8.0,惰行,15.0,70.0,70.0,40.0,0.0,99.7,0.0,0.0,20.0,0.0,この先制限速度なし,この先目立った勾配なし,先行列車なし,後続列車なし,0.0
378,Train11,次駅への減速フェーズ（駅手前400m以内）,ブレーキ（減速）中,2.0,惰行,15.0,70.0,70.0,40.0,0.0,99.7,18.0,0.0,0.0,0.0,この先制限速度なし,この先目立った勾配なし,先行列車なし,後続列車なし,0.0
379,Train11,次駅への減速フェーズ（駅手前400m以内）,ブレーキ（減速）中,2.0,惰行,15.0,70.0,70.0,40.0,0.0,99.7,0.0,0.0,20.0,0.0,この先制限速度なし,この先目立った勾配なし,先行列車なし,後続列車なし,0.0
380,Train11,次駅への減速フェーズ（駅手前400m以内）,ブレーキ（減速）中,8.0,惰行,15.0,70.0,70.0,40.0,0.0,114.7,20.7,0.0,0.0,0.0,この先制限速度なし,この先目立った勾配なし,先行列車なし,後続列車なし,0.0
381,Train11,次駅への減速フェーズ（駅手前400m以内）,ブレーキ（減速）中,8.0,惰行,15.0,70.0,70.0,40.0,0.0,114.7,0.0,0.0,20.0,0.0,この先制限速度なし,この先目立った勾配なし,先行列車なし,後続列車なし,0.0
382,Train11,次駅への減速フェーズ（駅手前400m以内）,ブレーキ（減速）中,2.0,惰行,15.0,70.0,70.0,40.0,0.0,114.7,20.7,0.0,0.0,0.0,この先制限速度なし,この先目立った勾配なし,先行列車なし,後続列車なし,0.0
383,Train11,次駅への減速フェーズ（駅手前400m以内）,ブレーキ（減速）中,2.0,惰行,15.0,70.0,70.0,40.0,0.0,114.7,0.0,0.0,20.0,0.0,この先制限速度なし,この先目立った勾配なし,先行列車なし,後続列車なし,0.0
384,Train11,次駅への減速フェーズ（駅手前400m以内）,ブレーキ（減速）中,8.0,惰行,15.0,70.0,70.0,45.0,0.0,98.9,15.8,0.0,0.0,0.0,この先制限速度なし,この先目立った勾配なし,先行列車なし,後続列車なし,0.0
385,Train11,次駅への減速フェーズ（駅手前400m以内）,ブレーキ（減速）中,8.0,惰行,15.0,70.0,70.0,45.0,0.0,98.9,0.0,0.0,20.0,0.0,この先制限速度なし,この先目立った勾配なし,先行列車なし,後続列車なし,0.0
386,Train11,次駅への減速フェーズ（駅手前400m以内）,ブレーキ（減速）中,2.0,惰行,15.0,70.0,70.0,45.0,0.0,98.9,15.8,0.0,0.0,0.0,この先制限速度なし,この先目立った勾配なし,先行列車なし,後続列車なし,0.0
387,Train11,次駅への減速フェーズ（駅手前400m以内）,ブレーキ（減速）中,2.0,惰行,15.0,70.0,70.0,45.0,0.0,98.9,0.0,0.0,20.0,0.0,この先制限速度なし,この先目立った勾配なし,先行列車なし,後続列車なし,0.0
388,Train11,次駅への減速フェーズ（駅手前400m以内）,ブレーキ（減速）中,8.0,惰行,15.0,70.0,70.0,45.0,0.0,102.9,16.5,0.0,0.0,0.0,この先制限速度なし,この先目立った勾配なし,先行列車なし,後続列車なし,0.0
389,Train11,次駅への減速フェーズ（駅手前400m以内）,ブレーキ（減速）中,8.0,惰行,15.0,70.0,70.0,45.0,0.0,102.9,0.0,0.0,20.0,0.0,この先制限速度なし,この先目立った勾配なし,先行列車なし,後続列車なし,0.0
390,Train11,次駅への減速フェーズ（駅手前400m以内）,ブレーキ（減速）中,2.0,惰行,15.0,70.0,70.0,45.0,0.0,102.9,16.5,0.0,0.0,0.0,この先制限速度なし,この先目立った勾配なし,先行列車なし,後続列車なし,0.0
391,Train11,次駅への減速フェーズ（駅手前400m以内）,ブレーキ（減速）中,2.0,惰行,15.0,70.0,70.0,45.0,0.0,102.9,0.0,0.0,20.0,0.0,この先制限速度なし,この先目立った勾配なし,先行列車なし,後続列車なし,0.0
392,Train11,次駅への減速フェーズ（駅手前400m以内）,ブレーキ（減速）中,8.0,惰行,15.0,70.0,70.0,45.0,0.0,104.9,16.8,0.0,0.0,0.0,この先制限速度なし,この先目立った勾配なし,先行列車なし,後続列車なし,0.0
393,Train11,次駅への減速フェーズ（駅手前400m以内）,ブレーキ（減速）中,8.0,惰行,15.0,70.0,70.0,45.0,0.0,104.9,0.0,0.0,20.0,0.0,この先制限速度なし,この先目立った勾配なし,先行列車なし,後続列車なし,0.0
394,Train11,次駅への減速フェーズ（駅手前400m以内）,ブレーキ（減速）中,2.0,惰行,15.0,70.0,70.0,45.0,0.0,104.9,16.8,0.0,0.0,0.0,この先制限速度なし,この先目立った勾配なし,先行列車なし,後続列車なし,0.0
395,Train11,次駅への減速フェーズ（駅手前400m以内）,ブレーキ（減速）中,2.0,惰行,15.0,70.0,70.0,45.0,0.0,104.9,0.0,0.0,20.0,0.0,この先制限速度なし,この先目立った勾配なし,先行列車なし,後続列車なし,0.0
396,Train11,次駅への減速フェーズ（駅手前400m以内）,ブレーキ（減速）中,8.0,惰行,15.0,70.0,70.0,45.0,0.0,106.9,17.1,0.0,0.0,0.0,この先制限速度なし,この先目立った勾配なし,先行列車なし,後続列車なし,0.0
397,Train11,次駅への減速フェーズ（駅手前400m以内）,ブレーキ（減速）中,8.0,惰行,15.0,70.0,70.0,45.0,0.0,106.9,0.0,0.0,20.0,0.0,この先制限速度なし,この先目立った勾配なし,先行列車なし,後続列車なし,0.0
398,Train11,次駅への減速フェーズ（駅手前400m以内）,ブレーキ（減速）中,2.0,惰行,15.0,70.0,70.0,45.0,0.0,106.9,17.1,0.0,0.0,0.0,この先制限速度なし,この先目立った勾配なし,先行列車なし,後続列車なし,0.0
399,Train11,次駅への減速フェーズ（駅手前400m以内）,ブレーキ（減速）中,2.0,惰行,15.0,70.0,70.0,45.0,0.0,106.9,0.0,0.0,20.0,0.0,この先制限速度なし,この先目立った勾配なし,先行列車なし,後続列車なし,0.0
400,Train11,次駅への減速フェーズ（駅手前400m以内）,ブレーキ（減速）中,8.0,惰行,15.0,70.0,70.0,45.0,0.0,107.9,17.3,0.0,0.0,0.0,この先制限速度なし,この先目立った勾配なし,先行列車なし,後続列車なし,0.0
401,Train11,次駅への減速フェーズ（駅手前400m以内）,ブレーキ（減速）中,8.0,惰行,15.0,70.0,70.0,45.0,0.0,107.9,0.0,0.0,20.0,0.0,この先制限速度なし,この先目立った勾配なし,先行列車なし,後続列車なし,0.0
402,Train11,次駅への減速フェーズ（駅手前400m以内）,ブレーキ（減速）中,2.0,惰行,15.0,70.0,70.0,45.0,0.0,107.9,17.3,0.0,0.0,0.0,この先制限速度なし,この先目立った勾配なし,先行列車なし,後続列車なし,0.0
403,Train11,次駅への減速フェーズ（駅手前400m以内）,ブレーキ（減速）中,2.0,惰行,15.0,70.0,70.0,45.0,0.0,107.9,0.0,0.0,20.0,0.0,この先制限速度なし,この先目立った勾配なし,先行列車なし,後続列車なし,0.0
404,Train11,次駅への減速フェーズ（駅手前400m以内）,ブレーキ（減速）中,8.0,惰行,15.0,70.0,70.0,45.0,0.0,108.9,17.4,0.0,0.0,0.0,この先制限速度なし,この先目立った勾配なし,先行列車なし,後続列車なし,0.0
405,Train11,次駅への減速フェーズ（駅手前400m以内）,ブレーキ（減速）中,8.0,惰行,15.0,70.0,70.0,45.0,0.0,108.9,0.0,0.0,20.0,0.0,この先制限速度なし,この先目立った勾配なし,先行列車なし,後続列車なし,0.0
406,Train11,次駅への減速フェーズ（駅手前400m以内）,ブレーキ（減速）中,2.0,惰行,15.0,70.0,70.0,45.0,0.0,108.9,17.4,0.0,0.0,0.0,この先制限速度なし,この先目立った勾配なし,先行列車なし,後続列車なし,0.0
407,Train11,次駅への減速フェーズ（駅手前400m以内）,ブレーキ（減速）中,2.0,惰行,15.0,70.0,70.0,45.0,0.0,108.9,0.0,0.0,20.0,0.0,この先制限速度なし,この先目立った勾配なし,先行列車なし,後続列車なし,0.0
408,Train11,次駅への減速フェーズ（駅手前400m以内）,ブレーキ（減速）中,8.0,惰行,15.0,70.0,70.0,45.0,0.0,110.9,17.8,0.0,0.0,0.0,この先制限速度なし,この先目立った勾配なし,先行列車なし,後続列車なし,0.0
409,Train11,次駅への減速フェーズ（駅手前400m以内）,ブレーキ（減速）中,8.0,惰行,15.0,70.0,70.0,45.0,0.0,110.9,0.0,0.0,20.0,0.0,この先制限速度なし,この先目立った勾配なし,先行列車なし,後続列車なし,0.0
410,Train11,次駅への減速フェーズ（駅手前400m以内）,ブレーキ（減速）中,2.0,惰行,15.0,70.0,70.0,45.0,0.0,110.9,17.8,0.0,0.0,0.0,この先制限速度なし,この先目立った勾配なし,先行列車なし,後続列車なし,0.0
411,Train11,次駅への減速フェーズ（駅手前400m以内）,ブレーキ（減速）中,2.0,惰行,15.0,70.0,70.0,45.0,0.0,110.9,0.0,0.0,20.0,0.0,この先制限速度なし,この先目立った勾配なし,先行列車なし,後続列車なし,0.0
412,Train11,次駅への減速フェーズ（駅手前400m以内）,ブレーキ（減速）中,8.0,惰行,15.0,70.0,70.0,45.0,0.0,114.9,18.4,0.0,0.0,0.0,この先制限速度なし,この先目立った勾配なし,先行列車なし,後続列車なし,0.0
413,Train11,次駅への減速フェーズ（駅手前400m以内）,ブレーキ（減速）中,8.0,惰行,15.0,70.0,70.0,45.0,0.0,114.9,0.0,0.0,20.0,0.0,この先制限速度なし,この先目立った勾配なし,先行列車なし,後続列車なし,0.0
414,Train11,次駅への減速フェーズ（駅手前400m以内）,ブレーキ（減速）中,2.0,惰行,15.0,70.0,70.0,45.0,0.0,114.9,18.4,0.0,0.0,0.0,この先制限速度なし,この先目立った勾配なし,先行列車なし,後続列車なし,0.0
415,Train11,次駅への減速フェーズ（駅手前400m以内）,ブレーキ（減速）中,2.0,惰行,15.0,70.0,70.0,45.0,0.0,114.9,0.0,0.0,20.0,0.0,この先制限速度なし,この先目立った勾配なし,先行列車なし,後続列車なし,0.0
416,Train11,次駅への減速フェーズ（駅手前400m以内）,ブレーキ（減速）中,8.0,惰行,15.0,70.0,70.0,45.0,0.0,121.9,19.5,0.0,0.0,0.0,この先制限速度なし,この先目立った勾配なし,先行列車なし,後続列車なし,0.0
417,Train11,次駅への減速フェーズ（駅手前400m以内）,ブレーキ（減速）中,8.0,惰行,15.0,70.0,70.0,45.0,0.0,121.9,0.0,0.0,20.0,0.0,この先制限速度なし,この先目立った勾配なし,先行列車なし,後続列車なし,0.0
418,Train11,次駅への減速フェーズ（駅手前400m以内）,ブレーキ（減速）中,2.0,惰行,15.0,70.0,70.0,45.0,0.0,121.9,19.5,0.0,0.0,0.0,この先制限速度なし,この先目立った勾配なし,先行列車なし,後続列車なし,0.0
419,Train11,次駅への減速フェーズ（駅手前400m以内）,ブレーキ（減速）中,2.0,惰行,15.0,70.0,70.0,45.0,0.0,121.9,0.0,0.0,20.0,0.0,この先制限速度なし,この先目立った勾配なし,先行列車なし,後続列車なし,0.0
420,Train11,次駅への減速フェーズ（駅手前400m以内）,ブレーキ（減速）中,8.0,惰行,15.0,70.0,70.0,45.0,0.0,136.9,21.9,0.0,0.0,0.0,この先制限速度なし,この先目立った勾配なし,先行列車なし,後続列車なし,0.0
421,Train11,次駅への減速フェーズ（駅手前400m以内）,ブレーキ（減速）中,8.0,惰行,15.0,70.0,70.0,45.0,0.0,136.9,0.0,0.0,20.0,0.0,この先制限速度なし,この先目立った勾配なし,先行列車なし,後続列車なし,0.0
422,Train11,次駅への減速フェーズ（駅手前400m以内）,ブレーキ（減速）中,2.0,惰行,15.0,70.0,70.0,45.0,0.0,136.9,21.9,0.0,0.0,0.0,この先制限速度なし,この先目立った勾配なし,先行列車なし,後続列車なし,0.0
423,Train11,次駅への減速フェーズ（駅手前400m以内）,ブレーキ（減速）中,2.0,惰行,15.0,70.0,70.0,45.0,0.0,136.9,0.0,0.0,20.0,0.0,この先制限速度なし,この先目立った勾配なし,先行列車なし,後続列車なし,0.0
424,Train11,次駅への減速フェーズ（駅手前400m以内）,ブレーキ（減速）中,8.0,惰行,15.0,70.0,70.0,50.0,0.0,123.6,17.8,0.0,0.0,0.0,この先制限速度なし,この先目立った勾配なし,先行列車なし,後続列車なし,0.0
425,Train11,次駅への減速フェーズ（駅手前400m以内）,ブレーキ（減速）中,8.0,惰行,15.0,70.0,70.0,50.0,0.0,123.6,0.0,0.0,20.0,0.0,この先制限速度なし,この先目立った勾配なし,先行列車なし,後続列車なし,0.0
426,Train11,次駅への減速フェーズ（駅手前400m以内）,ブレーキ（減速）中,2.0,惰行,15.0,70.0,70.0,50.0,0.0,123.6,17.8,0.0,0.0,0.0,この先制限速度なし,この先目立った勾配なし,先行列車なし,後続列車なし,0.0
427,Train11,次駅への減速フェーズ（駅手前400m以内）,ブレーキ（減速）中,2.0,惰行,15.0,70.0,70.0,50.0,0.0,123.6,0.0,0.0,20.0,0.0,この先制限速度なし,この先目立った勾配なし,先行列車なし,後続列車なし,0.0
428,Train11,次駅への減速フェーズ（駅手前400m以内）,ブレーキ（減速）中,8.0,惰行,15.0,70.0,70.0,50.0,0.0,127.6,18.4,0.0,0.0,0.0,この先制限速度なし,この先目立った勾配なし,先行列車なし,後続列車なし,0.0
429,Train11,次駅への減速フェーズ（駅手前400m以内）,ブレーキ（減速）中,8.0,惰行,15.0,70.0,70.0,50.0,0.0,127.6,0.0,0.0,20.0,0.0,この先制限速度なし,この先目立った勾配なし,先行列車なし,後続列車なし,0.0
430,Train11,次駅への減速フェーズ（駅手前400m以内）,ブレーキ（減速）中,2.0,惰行,15.0,70.0,70.0,50.0,0.0,127.6,18.4,0.0,0.0,0.0,この先制限速度なし,この先目立った勾配なし,先行列車なし,後続列車なし,0.0
431,Train11,次駅への減速フェーズ（駅手前400m以内）,ブレーキ（減速）中,2.0,惰行,15.0,70.0,70.0,50.0,0.0,127.6,0.0,0.0,20.0,0.0,この先制限速度なし,この先目立った勾配なし,先行列車なし,後続列車なし,0.0
432,Train11,次駅への減速フェーズ（駅手前400m以内）,ブレーキ（減速）中,8.0,惰行,15.0,70.0,70.0,50.0,0.0,129.6,18.7,0.0,0.0,0.0,この先制限速度なし,この先目立った勾配なし,先行列車なし,後続列車なし,0.0
433,Train11,次駅への減速フェーズ（駅手前400m以内）,ブレーキ（減速）中,8.0,惰行,15.0,70.0,70.0,50.0,0.0,129.6,0.0,0.0,20.0,0.0,この先制限速度なし,この先目立った勾配なし,先行列車なし,後続列車なし,0.0
434,Train11,次駅への減速フェーズ（駅手前400m以内）,ブレーキ（減速）中,2.0,惰行,15.0,70.0,70.0,50.0,0.0,129.6,18.7,0.0,0.0,0.0,この先制限速度なし,この先目立った勾配なし,先行列車なし,後続列車なし,0.0
435,Train11,次駅への減速フェーズ（駅手前400m以内）,ブレーキ（減速）中,2.0,惰行,15.0,70.0,70.0,50.0,0.0,129.6,0.0,0.0,20.0,0.0,この先制限速度なし,この先目立った勾配なし,先行列車なし,後続列車なし,0.0
436,Train11,次駅への減速フェーズ（駅手前400m以内）,ブレーキ（減速）中,8.0,惰行,15.0,70.0,70.0,50.0,0.0,131.6,19.0,0.0,0.0,0.0,この先制限速度なし,この先目立った勾配なし,先行列車なし,後続列車なし,0.0
437,Train11,次駅への減速フェーズ（駅手前400m以内）,ブレーキ（減速）中,8.0,惰行,15.0,70.0,70.0,50.0,0.0,131.6,0.0,0.0,20.0,0.0,この先制限速度なし,この先目立った勾配なし,先行列車なし,後続列車なし,0.0
438,Train11,次駅への減速フェーズ（駅手前400m以内）,ブレーキ（減速）中,2.0,惰行,15.0,70.0,70.0,50.0,0.0,131.6,19.0,0.0,0.0,0.0,この先制限速度なし,この先目立った勾配なし,先行列車なし,後続列車なし,0.0
439,Train11,次駅への減速フェーズ（駅手前400m以内）,ブレーキ（減速）中,2.0,惰行,15.0,70.0,70.0,50.0,0.0,131.6,0.0,0.0,20.0,0.0,この先制限速度なし,この先目立った勾配なし,先行列車なし,後続列車なし,0.0
440,Train11,次駅への減速フェーズ（駅手前400m以内）,ブレーキ（減速）中,8.0,惰行,15.0,70.0,70.0,50.0,0.0,132.6,19.1,0.0,0.0,0.0,この先制限速度なし,この先目立った勾配なし,先行列車なし,後続列車なし,0.0
441,Train11,次駅への減速フェーズ（駅手前400m以内）,ブレーキ（減速）中,8.0,惰行,15.0,70.0,70.0,50.0,0.0,132.6,0.0,0.0,20.0,0.0,この先制限速度なし,この先目立った勾配なし,先行列車なし,後続列車なし,0.0
442,Train11,次駅への減速フェーズ（駅手前400m以内）,ブレーキ（減速）中,2.0,惰行,15.0,70.0,70.0,50.0,0.0,132.6,19.1,0.0,0.0,0.0,この先制限速度なし,この先目立った勾配なし,先行列車なし,後続列車なし,0.0
443,Train11,次駅への減速フェーズ（駅手前400m以内）,ブレーキ（減速）中,2.0,惰行,15.0,70.0,70.0,50.0,0.0,132.6,0.0,0.0,20.0,0.0,この先制限速度なし,この先目立った勾配なし,先行列車なし,後続列車なし,0.0
444,Train11,次駅への減速フェーズ（駅手前400m以内）,ブレーキ（減速）中,8.0,惰行,15.0,70.0,70.0,50.0,0.0,133.6,19.2,0.0,0.0,0.0,この先制限速度なし,この先目立った勾配なし,先行列車なし,後続列車なし,0.0
445,Train11,次駅への減速フェーズ（駅手前400m以内）,ブレーキ（減速）中,8.0,惰行,15.0,70.0,70.0,50.0,0.0,133.6,0.0,0.0,20.0,0.0,この先制限速度なし,この先目立った勾配なし,先行列車なし,後続列車なし,0.0
446,Train11,次駅への減速フェーズ（駅手前400m以内）,ブレーキ（減速）中,2.0,惰行,15.0,70.0,70.0,50.0,0.0,133.6,19.2,0.0,0.0,0.0,この先制限速度なし,この先目立った勾配なし,先行列車なし,後続列車なし,0.0
447,Train11,次駅への減速フェーズ（駅手前400m以内）,ブレーキ（減速）中,2.0,惰行,15.0,70.0,70.0,50.0,0.0,133.6,0.0,0.0,20.0,0.0,この先制限速度なし,この先目立った勾配なし,先行列車なし,後続列車なし,0.0
448,Train11,次駅への減速フェーズ（駅手前400m以内）,ブレーキ（減速）中,8.0,惰行,15.0,70.0,70.0,50.0,0.0,135.6,19.5,0.0,0.0,0.0,この先制限速度なし,この先目立った勾配なし,先行列車なし,後続列車なし,0.0
449,Train11,次駅への減速フェーズ（駅手前400m以内）,ブレーキ（減速）中,8.0,惰行,15.0,70.0,70.0,50.0,0.0,135.6,0.0,0.0,20.0,0.0,この先制限速度なし,この先目立った勾配なし,先行列車なし,後続列車なし,0.0
450,Train11,次駅への減速フェーズ（駅手前400m以内）,ブレーキ（減速）中,2.0,惰行,15.0,70.0,70.0,50.0,0.0,135.6,19.5,0.0,0.0,0.0,この先制限速度なし,この先目立った勾配なし,先行列車なし,後続列車なし,0.0
451,Train11,次駅への減速フェーズ（駅手前400m以内）,ブレーキ（減速）中,2.0,惰行,15.0,70.0,70.0,50.0,0.0,135.6,0.0,0.0,20.0,0.0,この先制限速度なし,この先目立った勾配なし,先行列車なし,後続列車なし,0.0
452,Train11,次駅への減速フェーズ（駅手前400m以内）,ブレーキ（減速）中,8.0,惰行,15.0,70.0,70.0,50.0,0.0,139.6,20.1,0.0,0.0,0.0,この先制限速度なし,この先目立った勾配なし,先行列車なし,後続列車なし,0.0
453,Train11,次駅への減速フェーズ（駅手前400m以内）,ブレーキ（減速）中,8.0,惰行,15.0,70.0,70.0,50.0,0.0,139.6,0.0,0.0,20.0,0.0,この先制限速度なし,この先目立った勾配なし,先行列車なし,後続列車なし,0.0
454,Train11,次駅への減速フェーズ（駅手前400m以内）,ブレーキ（減速）中,2.0,惰行,15.0,70.0,70.0,50.0,0.0,139.6,20.1,0.0,0.0,0.0,この先制限速度なし,この先目立った勾配なし,先行列車なし,後続列車なし,0.0
455,Train11,次駅への減速フェーズ（駅手前400m以内）,ブレーキ（減速）中,2.0,惰行,15.0,70.0,70.0,50.0,0.0,139.6,0.0,0.0,20.0,0.0,この先制限速度なし,この先目立った勾配なし,先行列車なし,後続列車なし,0.0
456,Train11,次駅への減速フェーズ（駅手前400m以内）,ブレーキ（減速）中,8.0,惰行,15.0,70.0,70.0,50.0,0.0,146.6,21.1,0.0,0.0,0.0,この先制限速度なし,この先目立った勾配なし,先行列車なし,後続列車なし,0.0
457,Train11,次駅への減速フェーズ（駅手前400m以内）,ブレーキ（減速）中,8.0,惰行,15.0,70.0,70.0,50.0,0.0,146.6,0.0,0.0,20.0,0.0,この先制限速度なし,この先目立った勾配なし,先行列車なし,後続列車なし,0.0
458,Train11,次駅への減速フェーズ（駅手前400m以内）,ブレーキ（減速）中,2.0,惰行,15.0,70.0,70.0,50.0,0.0,146.6,21.1,0.0,0.0,0.0,この先制限速度なし,この先目立った勾配なし,先行列車なし,後続列車なし,0.0
459,Train11,次駅への減速フェーズ（駅手前400m以内）,ブレーキ（減速）中,2.0,惰行,15.0,70.0,70.0,50.0,0.0,146.6,0.0,0.0,20.0,0.0,この先制限速度なし,この先目立った勾配なし,先行列車なし,後続列車なし,0.0
460,Train11,次駅への減速フェーズ（駅手前400m以内）,ブレーキ（減速）中,8.0,惰行,15.0,70.0,70.0,50.0,0.0,161.6,23.3,0.0,0.0,0.0,この先制限速度なし,この先目立った勾配なし,先行列車なし,後続列車なし,0.0
461,Train11,次駅への減速フェーズ（駅手前400m以内）,ブレーキ（減速）中,8.0,惰行,15.0,70.0,70.0,50.0,0.0,161.6,0.0,0.0,20.0,0.0,この先制限速度なし,この先目立った勾配なし,先行列車なし,後続列車なし,0.0
462,Train11,次駅への減速フェーズ（駅手前400m以内）,ブレーキ（減速）中,2.0,惰行,15.0,70.0,70.0,50.0,0.0,161.6,23.3,0.0,0.0,0.0,この先制限速度なし,この先目立った勾配なし,先行列車なし,後続列車なし,0.0
463,Train11,次駅への減速フェーズ（駅手前400m以内）,ブレーキ（減速）中,2.0,惰行,15.0,70.0,70.0,50.0,0.0,161.6,0.0,0.0,20.0,0.0,この先制限速度なし,この先目立った勾配なし,先行列車なし,後続列車なし,0.0
